"id","natural_request","libradex condition(s)","abraxas condition(s)","dx quality score","notes"
"F001","Find customers where the first name starts with ""Jo"".","catalog.IndexSet(""customers"").Where(""firstName"").AsString.StartsWith(""Jo"").EndCondition","store.Where.PropPath("".FirstName"").AsString.StartsWith(""Jo"").EndCondition","5","AI-authored: direct string prefix on the stored firstName key."
"F002","Find customers where the first name equals ""Joseph"".","catalog.IndexSet(""customers"").Where(""firstName"").AsString.EqualTo(""Joseph"").EndCondition","store.Where.PropPath("".FirstName"").AsString.EqualTo(""Joseph"").EndCondition","5","AI-authored: direct string equality on firstName."
"F003","Find customers where the first name is not ""Joseph"".","catalog.IndexSet(""customers"").Where(""firstName"").Not.AsString.EqualTo(""Joseph"").EndCondition","store.Where.Not.PropPath("".FirstName"").AsString.EqualTo(""Joseph"").EndCondition","5","AI-authored: canonical Not wraps the firstName equality predicate."
"F004","Find customers where the first name is one of ""Joseph"", ""Joe"", or ""Joey"".","catalog.IndexSet(""customers"").Where(""firstName"").AsString.InSet(new[] { ""Joseph"", ""Joe"", ""Joey"" }).EndCondition","store.Where.PropPath("".FirstName"").AsString.InSet(new[] { ""Joseph"", ""Joe"", ""Joey"" }).EndCondition","5","AI-authored: same-key alternatives are best expressed as set membership."
"F005","Find customers where the first name is blank.","catalog.IndexSet(""customers"").Where(""firstName"").AsString.EqualTo(NullKey.Empty).EndCondition","store.Where.PropPath("".FirstName"").AsString.EqualTo(string.Empty).EndCondition","5","AI-authored: blank is interpreted as the stored empty-string key state."
"F006","Find customers where the first name is not blank.","catalog.IndexSet(""customers"").Where(""firstName"").Not.AsString.EqualTo(NullKey.Empty).EndCondition","store.Where.Not.PropPath("".FirstName"").AsString.EqualTo(string.Empty).EndCondition","5","AI-authored: not blank means excluding the stored empty-string key state."
"F007","Find customers where the first name contains ""ann"".","catalog.IndexSet(""customers"").Where(""firstName"").AsString.Contains(""ann"").EndCondition","store.Where.PropPath("".FirstName"").AsString.Contains(""ann"").EndCondition","5","AI-authored: direct string containment on firstName."
"F008","Find customers where the first name ends with ""son"".","catalog.IndexSet(""customers"").Where(""firstName"").AsString.EndsWith(""son"").EndCondition","store.Where.PropPath("".FirstName"").AsString.EndsWith(""son"").EndCondition","5","AI-authored: direct string suffix on firstName."
"F009","Find customers where the first name matches the wildcard pattern ""Jo*"".","catalog.IndexSet(""customers"").Where(""firstName"").AsString.Like(""Jo*"").EndCondition","store.Where.PropPath("".FirstName"").AsString.Like(""Jo*"").EndCondition","5","AI-authored: wildcard matching is supported by the string Like operator; Matches is reserved for regex boolean matching."
"F010","Find customers where the first name starts with ""jo"" regardless of case.","catalog.IndexSet(""customers"").Where(""firstName"").AsString.StartsWith(""jo"", ignoreCase: true).EndCondition","store.Where.PropPath("".FirstName"").AsString.StartsWith(""jo"", ignoreCase: true).EndCondition","5","AI-authored: case-insensitive prefix uses the string StartsWith ignoreCase overload."
"F011","Find customers where the last name equals ""Smith"".","catalog.IndexSet(""customers"").Where(""lastName"").AsString.EqualTo(""Smith"").EndCondition","store.Where.PropPath("".LastName"").AsString.EqualTo(""Smith"").EndCondition","5","AI-authored: direct string equality on lastName."
"F012","Find customers where the last name is not ""Smith"".","catalog.IndexSet(""customers"").Where(""lastName"").Not.AsString.EqualTo(""Smith"").EndCondition","store.Where.Not.PropPath("".LastName"").AsString.EqualTo(""Smith"").EndCondition","5","AI-authored: canonical Not wraps the lastName equality predicate."
"F013","Find customers where the last name starts with ""Sm"".","catalog.IndexSet(""customers"").Where(""lastName"").AsString.StartsWith(""Sm"").EndCondition","store.Where.PropPath("".LastName"").AsString.StartsWith(""Sm"").EndCondition","5","AI-authored: direct string prefix on lastName."
"F014","Find customers where the last name ends with ""ez"".","catalog.IndexSet(""customers"").Where(""lastName"").AsString.EndsWith(""ez"").EndCondition","store.Where.PropPath("".LastName"").AsString.EndsWith(""ez"").EndCondition","5","AI-authored: direct string suffix on lastName."
"F015","Find customers where the last name contains an apostrophe.","catalog.IndexSet(""customers"").Where(""lastName"").AsString.Contains(""'"").EndCondition","store.Where.PropPath("".LastName"").AsString.Contains(""'"").EndCondition","5","AI-authored: apostrophe containment is a literal string containment predicate."
"F016","Find customers where the last name contains ""van"" regardless of case.","catalog.IndexSet(""customers"").Where(""lastName"").AsString.Contains(""van"", ignoreCase: true).EndCondition","store.Where.PropPath("".LastName"").AsString.Contains(""van"", ignoreCase: true).EndCondition","5","AI-authored: case-insensitive containment uses the string Contains ignoreCase overload."
"F017","Find customers where the last name is alphabetically between ""M"" and ""R"".","catalog.IndexSet(""customers"").Where(""lastName"").AsString.Between(""M"", ""R"").EndCondition","store.Where.PropPath("".LastName"").AsString.Between(""M"", ""R"").EndCondition","5","AI-authored: lexical range over the stored lastName key."
"F018","Find customers where the last name sorts after ""Zimmer"".","catalog.IndexSet(""customers"").Where(""lastName"").AsString.GreaterThan(""Zimmer"").EndCondition","store.Where.PropPath("".LastName"").AsString.GreaterThan(""Zimmer"").EndCondition","5","AI-authored: sorts after maps to a greater-than string key comparison."
"F019","Find customers where the last name is one of several known aliases.","catalog.IndexSet(""customers"").Where(""lastName"").AsString.InSet(knownAliases).EndCondition","store.Where.PropPath("".LastName"").AsString.InSet(knownAliases).EndCondition","5","AI-authored: several known aliases are caller-supplied same-key membership values."
"F020","Find customers where the normalized display name equals ""smith, john"".","catalog.IndexSet(""customers"").Where(""displayName"").AsString.EqualTo(""smith, john"", ignoreCase: true).EndCondition","store.Where.PropPath("".DisplayName"").AsString.EqualTo(""smith, john"", ignoreCase: true).EndCondition","5","AI-authored: interprets normalized display name as folded/no-case comparison against the displayName index, not person-name reformatting; component-index conjunction over firstName/lastName is also valid when the app models normalized display from separate fields."
"F021","Find users where the email address equals ""person@example.com"".","catalog.IndexSet(""users"").Where(""emailAddress"").AsString.EqualTo(""person@example.com"").EndCondition","store.Where.PropPath("".EmailAddress"").AsString.EqualTo(""person@example.com"").EndCondition","5","AI-authored: direct string equality on emailAddress."
"F022","Find users where the email address domain equals ""example.com"".","catalog.IndexSet(""users"").Where(""emailAddress"").AsString.EndsWith(""@example.com"", ignoreCase: true).EndCondition","store.Where.PropPath("".EmailAddress"").AsString.EndsWith(""@example.com"", ignoreCase: true).EndCondition","5","AI-authored: for a stored single email-address value, domain equality can be expressed as a case-insensitive suffix match with the @ boundary; use a maintained emailDomain projection if the field stores display names, comments, or unparsed address text."
"F023","Find users where the email address ends with ""@example.com"".","catalog.IndexSet(""users"").Where(""emailAddress"").AsString.EndsWith(""@example.com"").EndCondition","store.Where.PropPath("".EmailAddress"").AsString.EndsWith(""@example.com"").EndCondition","5","AI-authored: the row asks for suffix syntax, not parsed-domain semantics."
"F024","Find users where the email address starts with ""admin"".","catalog.IndexSet(""users"").Where(""emailAddress"").AsString.StartsWith(""admin"").EndCondition","store.Where.PropPath("".EmailAddress"").AsString.StartsWith(""admin"").EndCondition","5","AI-authored: direct string prefix on emailAddress."
"F025","Find users where the email address contains ""+test"".","catalog.IndexSet(""users"").Where(""emailAddress"").AsString.Contains(""+test"").EndCondition","store.Where.PropPath("".EmailAddress"").AsString.Contains(""+test"").EndCondition","5","AI-authored: direct string containment on emailAddress."
"F026","Find users where the email address is missing.","catalog.IndexSet(""users"").Where(""emailAddress"").AsString.EqualTo(NullKey.Null).EndCondition","store.Where.PropPath("".EmailAddress"").AsString.EqualTo(null).EndCondition","5","AI-authored: missing is interpreted as the stored null key state for emailAddress."
"F027","Find users where the email address is present but not verified.","catalog.IndexSet(""users"").Where(""emailAddress"").AsString.NotEqualTo(NullKey.Null).AND.Where(""emailVerified"").AsBoolean.EqualTo(false).EndCondition","store.Where.PropPath("".EmailAddress"").AsString.NotEqualTo(null).AND.PropPath("".EmailVerified"").AsBoolean.EqualTo(false).EndCondition","5","AI-authored: present email plus unverified Boolean flag."
"F028","Find users where the username equals ""jsmith"".","catalog.IndexSet(""users"").Where(""username"").AsString.EqualTo(""jsmith"").EndCondition","store.Where.PropPath("".Username"").AsString.EqualTo(""jsmith"").EndCondition","5","AI-authored: direct username equality."
"F029","Find users where the username starts with ""svc_"".","catalog.IndexSet(""users"").Where(""username"").AsString.StartsWith(""svc_"").EndCondition","store.Where.PropPath("".Username"").AsString.StartsWith(""svc_"").EndCondition","5","AI-authored: direct username prefix."
"F030","Find users where the username contains a dash.","catalog.IndexSet(""users"").Where(""username"").AsString.Contains(""-"").EndCondition","store.Where.PropPath("".Username"").AsString.Contains(""-"").EndCondition","5","AI-authored: dash containment is direct string containment."
"F031","Find users where the username is case-insensitively equal to ""JSmith"".","catalog.IndexSet(""users"").Where(""username"").AsString.EqualTo(""JSmith"", ignoreCase: true).EndCondition","store.Where.PropPath("".Username"").AsString.EqualTo(""JSmith"", ignoreCase: true).EndCondition","5","AI-authored: case-insensitive equality uses the string EqualTo ignoreCase overload."
"F032","Find users where the username is not in the reserved username list.","catalog.IndexSet(""users"").Where(""username"").AsString.NotInSet(reservedUsernames).EndCondition","store.Where.PropPath("".Username"").AsString.NotInSet(reservedUsernames).EndCondition","5","AI-authored: not in a caller-provided reserved set maps to NotInSet."
"F033","Find records where the title contains ""backup"".","catalog.IndexSet(""records"").Where(""title"").AsString.Contains(""backup"").EndCondition","store.Where.PropPath("".Title"").AsString.Contains(""backup"").EndCondition","5","AI-authored: direct title containment."
"F034","Find records where the title starts with ""Q4"".","catalog.IndexSet(""records"").Where(""title"").AsString.StartsWith(""Q4"").EndCondition","store.Where.PropPath("".Title"").AsString.StartsWith(""Q4"").EndCondition","5","AI-authored: direct title prefix."
"F035","Find records where the title ends with ""draft"".","catalog.IndexSet(""records"").Where(""title"").AsString.EndsWith(""draft"").EndCondition","store.Where.PropPath("".Title"").AsString.EndsWith(""draft"").EndCondition","5","AI-authored: direct title suffix."
"F036","Find records where the title matches ""Invoice-????"".","catalog.IndexSet(""records"").Where(""title"").AsString.Like(""Invoice-????"").EndCondition","store.Where.PropPath("".Title"").AsString.Like(""Invoice-????"").EndCondition","5","AI-authored: wildcard pattern syntax is a direct string Like predicate."
"F037","Find records where the title contains both ""urgent"" and ""review"".","catalog.IndexSet(""records"").Where(""title"").AsString.Contains(""urgent"").AND.Where(""title"").AsString.Contains(""review"").EndCondition","store.Where.PropPath("".Title"").AsString.Contains(""urgent"").AND.PropPath("".Title"").AsString.Contains(""review"").EndCondition","5","AI-authored: both required words become two title containment leaves joined by AND."
"F038","Find records where the title contains ""urgent"" or ""escalated"".","catalog.IndexSet(""records"").Where(""title"").AsString.Contains(""urgent"").OR.Where(""title"").AsString.Contains(""escalated"").EndCondition","store.Where.PropPath("".Title"").AsString.Contains(""urgent"").OR.PropPath("".Title"").AsString.Contains(""escalated"").EndCondition","5","AI-authored: either title containment term maps to OR over same key."
"F039","Find records where the title does not contain ""archive"".","catalog.IndexSet(""records"").Where(""title"").Not.AsString.Contains(""archive"").EndCondition","store.Where.Not.PropPath("".Title"").AsString.Contains(""archive"").EndCondition","5","AI-authored: canonical Not wraps the title containment predicate."
"F040","Find records where the title is exactly the empty string.","catalog.IndexSet(""records"").Where(""title"").AsString.EqualTo(NullKey.Empty).EndCondition","store.Where.PropPath("".Title"").AsString.EqualTo(string.Empty).EndCondition","5","AI-authored: exactly empty string maps to the stored empty-string key state."
"F041","Find orders where the order number equals ""ORD-10025"".","catalog.IndexSet(""orders"").Where(""orderNumber"").AsString.EqualTo(""ORD-10025"").EndCondition","store.Where.PropPath("".OrderNumber"").AsString.EqualTo(""ORD-10025"").EndCondition","5","AI-authored: direct order-number equality."
"F042","Find orders where the order number starts with ""ORD-2026-"".","catalog.IndexSet(""orders"").Where(""orderNumber"").AsString.StartsWith(""ORD-2026-"").EndCondition","store.Where.PropPath("".OrderNumber"").AsString.StartsWith(""ORD-2026-"").EndCondition","5","AI-authored: direct order-number prefix."
"F043","Find orders where the order number ends with ""-RMA"".","catalog.IndexSet(""orders"").Where(""orderNumber"").AsString.EndsWith(""-RMA"").EndCondition","store.Where.PropPath("".OrderNumber"").AsString.EndsWith(""-RMA"").EndCondition","5","AI-authored: direct order-number suffix."
"F044","Find orders where the order number contains the store code ""PHX"".","catalog.IndexSet(""orders"").Where(""orderNumber"").AsString.Contains(""PHX"").EndCondition","store.Where.PropPath("".OrderNumber"").AsString.Contains(""PHX"").EndCondition","5","AI-authored: store-code containment in orderNumber."
"F045","Find orders where the order number matches ""ORD-####-??"".","catalog.IndexSet(""orders"").Where(""orderNumber"").AsString.Matches(@""^ORD-\d{4}-.{2}$"").EndCondition","store.Where.PropPath("".OrderNumber"").AsString.Matches(@""^ORD-\d{4}-.{2}$"").EndCondition","5","AI-authored: the quoted #/? shape is most likely a regex-style mask where # means digit; boolean Matches expresses that without pretending # is a Like wildcard."
"F046","Find products where the SKU equals ""ABC-123"".","catalog.IndexSet(""products"").Where(""sku"").AsString.EqualTo(""ABC-123"").EndCondition","store.Where.PropPath("".Sku"").AsString.EqualTo(""ABC-123"").EndCondition","5","AI-authored: direct SKU equality."
"F047","Find products where the SKU starts with ""ABC"".","catalog.IndexSet(""products"").Where(""sku"").AsString.StartsWith(""ABC"").EndCondition","store.Where.PropPath("".Sku"").AsString.StartsWith(""ABC"").EndCondition","5","AI-authored: direct SKU prefix."
"F048","Find products where the SKU contains ""-KIT-"".","catalog.IndexSet(""products"").Where(""sku"").AsString.Contains(""-KIT-"").EndCondition","store.Where.PropPath("".Sku"").AsString.Contains(""-KIT-"").EndCondition","5","AI-authored: direct SKU containment."
"F049","Find products where the SKU is one of a provided batch of SKUs.","catalog.IndexSet(""products"").Where(""sku"").AsString.InSet(batchSkus).EndCondition","store.Where.PropPath("".Sku"").AsString.InSet(batchSkus).EndCondition","5","AI-authored: provided batch of SKUs is same-key membership."
"F050","Find products where the SKU is not in a discontinued SKU list.","catalog.IndexSet(""products"").Where(""sku"").AsString.NotInSet(discontinuedSkus).EndCondition","store.Where.PropPath("".Sku"").AsString.NotInSet(discontinuedSkus).EndCondition","5","AI-authored: discontinued SKU exclusion maps to NotInSet."
"F051","Find products where the name equals ""Widget"".","catalog.IndexSet(""products"").Where(""name"").AsString.EqualTo(""Widget"").EndCondition","store.Where.PropPath("".Name"").AsString.EqualTo(""Widget"").EndCondition","5","AI-authored: direct product-name equality."
"F052","Find products where the name contains ""widget"" regardless of case.","catalog.IndexSet(""products"").Where(""name"").AsString.Contains(""widget"", ignoreCase: true).EndCondition","store.Where.PropPath("".Name"").AsString.Contains(""widget"", ignoreCase: true).EndCondition","5","AI-authored: case-insensitive product-name containment."
"F053","Find products where the name starts with a numeric character.","catalog.IndexSet(""products"").Where(""name"").AsString.Matches(@""^\d"").EndCondition","store.Where.PropPath("".Name"").AsString.Matches(@""^\d"").EndCondition","5","AI-authored: boolean regex matching handles a leading digit character class; current execution is scan-backed unless a future first-character-class or regex-prefix projection narrows it."
"F054","Find products where the name sorts before ""M"".","catalog.IndexSet(""products"").Where(""name"").AsString.LessThan(""M"").EndCondition","store.Where.PropPath("".Name"").AsString.LessThan(""M"").EndCondition","5","AI-authored: sorts before maps to less-than on the stored string key."
"F055","Find products where the name is between ""A"" and ""L"" inclusive.","catalog.IndexSet(""products"").Where(""name"").AsString.Between(""A"", ""L"").EndCondition","store.Where.PropPath("".Name"").AsString.Between(""A"", ""L"").EndCondition","5","AI-authored: inclusive string range over name."
"F056","Find tickets where the subject contains ""password reset"".","catalog.IndexSet(""tickets"").Where(""subject"").AsString.Contains(""password reset"").EndCondition","store.Where.PropPath("".Subject"").AsString.Contains(""password reset"").EndCondition","5","AI-authored: direct subject containment."
"F057","Find tickets where the subject contains either ""locked out"" or ""login failed"".","catalog.IndexSet(""tickets"").Where(""subject"").AsString.Contains(""locked out"").OR.Where(""subject"").AsString.Contains(""login failed"").EndCondition","store.Where.PropPath("".Subject"").AsString.Contains(""locked out"").OR.PropPath("".Subject"").AsString.Contains(""login failed"").EndCondition","5","AI-authored: either subject phrase maps to OR over the same key."
"F058","Find tickets where the subject starts with ""RE:"".","catalog.IndexSet(""tickets"").Where(""subject"").AsString.StartsWith(""RE:"").EndCondition","store.Where.PropPath("".Subject"").AsString.StartsWith(""RE:"").EndCondition","5","AI-authored: direct subject prefix."
"F059","Find tickets where the subject does not start with ""SPAM"".","catalog.IndexSet(""tickets"").Where(""subject"").Not.AsString.StartsWith(""SPAM"").EndCondition","store.Where.Not.PropPath("".Subject"").AsString.StartsWith(""SPAM"").EndCondition","5","AI-authored: canonical Not wraps the subject prefix predicate."
"F060","Find tickets where the subject contains quoted text.","catalog.IndexSet(""tickets"").Where(""subject"").AsString.Matches(""\""[^\""]+\"""").EndCondition","store.Where.PropPath("".Subject"").AsString.Matches(""\""[^\""]+\"""").EndCondition","5","AI-authored: boolean regex matching handles quote-delimited text existence without adding a separate ContainsRegex method."
"F061","Find documents where the file name ends with "".pdf"".","catalog.IndexSet(""documents"").Where(""fileName"").AsString.EndsWith("".pdf"").EndCondition","store.Where.PropPath("".FileName"").AsString.EndsWith("".pdf"").EndCondition","5","AI-authored: direct file-name suffix."
"F062","Find documents where the file name starts with ""report_"".","catalog.IndexSet(""documents"").Where(""fileName"").AsString.StartsWith(""report_"").EndCondition","store.Where.PropPath("".FileName"").AsString.StartsWith(""report_"").EndCondition","5","AI-authored: direct file-name prefix."
"F063","Find documents where the file name contains a date-looking segment.","catalog.IndexSet(""documents"").Where(""fileName"").AsString.Matches(@""\d{4}[-_]\d{2}[-_]\d{2}"").EndCondition","store.Where.PropPath("".FileName"").AsString.Matches(@""\d{4}[-_]\d{2}[-_]\d{2}"").EndCondition","5","AI-authored: boolean regex matching is the most likely interpretation of date-looking segment; use a parsed date projection if the app needs calendar-valid dates rather than shape-only text."
"F064","Find documents where the file extension equals ""xlsx"".","catalog.IndexSet(""documents"").Where(""extension"").AsString.EqualTo(""xlsx"").EndCondition","store.Where.PropPath("".Extension"").AsString.EqualTo(""xlsx"").EndCondition","5","AI-authored: direct extension equality."
"F065","Find documents where the extension is one of ""docx"", ""xlsx"", or ""pptx"".","catalog.IndexSet(""documents"").Where(""extension"").AsString.InSet(new[] { ""docx"", ""xlsx"", ""pptx"" }).EndCondition","store.Where.PropPath("".Extension"").AsString.InSet(new[] { ""docx"", ""xlsx"", ""pptx"" }).EndCondition","5","AI-authored: same-key extension alternatives use InSet."
"F066","Find logs where the message contains ""timeout"".","catalog.IndexSet(""logs"").Where(""message"").AsString.Contains(""timeout"").EndCondition","store.Where.PropPath("".Message"").AsString.Contains(""timeout"").EndCondition","5","AI-authored: direct message containment."
"F067","Find logs where the message contains ""timeout"" but not ""retry succeeded"".","catalog.IndexSet(""logs"").Where(""message"").AsString.Contains(""timeout"").AND.Not.Where(""message"").AsString.Contains(""retry succeeded"").EndCondition","store.Where.PropPath("".Message"").AsString.Contains(""timeout"").AND.Not.PropPath("".Message"").AsString.Contains(""retry succeeded"").EndCondition","5","AI-authored: required timeout phrase plus negated retry-success phrase."
"F068","Find logs where the message starts with ""ERROR"".","catalog.IndexSet(""logs"").Where(""message"").AsString.StartsWith(""ERROR"").EndCondition","store.Where.PropPath("".Message"").AsString.StartsWith(""ERROR"").EndCondition","5","AI-authored: direct message prefix."
"F069","Find logs where the message matches ""*failed*connection*"".","catalog.IndexSet(""logs"").Where(""message"").AsString.Like(""*failed*connection*"").EndCondition","store.Where.PropPath("".Message"").AsString.Like(""*failed*connection*"").EndCondition","5","AI-authored: wildcard message pattern uses Like; Matches is reserved for regex boolean matching."
"F070","Find logs where the message contains a correlation id string.","catalog.IndexSet(""logs"").Where(""message"").AsString.Matches(@""\b[0-9a-fA-F]{8}-[0-9a-fA-F]{4}-[0-9a-fA-F]{4}-[0-9a-fA-F]{4}-[0-9a-fA-F]{12}\b"").EndCondition","store.Where.PropPath("".Message"").AsString.Matches(@""\b[0-9a-fA-F]{8}-[0-9a-fA-F]{4}-[0-9a-fA-F]{4}-[0-9a-fA-F]{4}-[0-9a-fA-F]{12}\b"").EndCondition","5","AI-authored: correlation id string is treated as GUID-shaped text existence in the message; exact id lookup should use Contains(correlationId) when the id value is supplied."
"F071","Find people where age equals 18.","catalog.IndexSet(""people"").Where(""age"").AsInt64.EqualTo(18L).EndCondition","store.Where.PropPath("".Age"").AsInt64.EqualTo(18L).EndCondition","5","AI-authored: direct numeric equality."
"F072","Find people where age is greater than 18.","catalog.IndexSet(""people"").Where(""age"").AsInt64.GreaterThan(18L).EndCondition","store.Where.PropPath("".Age"").AsInt64.GreaterThan(18L).EndCondition","5","AI-authored: direct numeric greater-than."
"F073","Find people where age is greater than or equal to 18.","catalog.IndexSet(""people"").Where(""age"").AsInt64.GreaterOrEqual(18L).EndCondition","store.Where.PropPath("".Age"").AsInt64.GreaterOrEqual(18L).EndCondition","5","AI-authored: direct numeric inclusive lower bound."
"F074","Find people where age is less than 65.","catalog.IndexSet(""people"").Where(""age"").AsInt64.LessThan(65L).EndCondition","store.Where.PropPath("".Age"").AsInt64.LessThan(65L).EndCondition","5","AI-authored: direct numeric upper bound."
"F075","Find people where age is between 18 and 64.","catalog.IndexSet(""people"").Where(""age"").AsInt64.Between(18L, 64L).EndCondition","store.Where.PropPath("".Age"").AsInt64.Between(18L, 64L).EndCondition","5","AI-authored: direct inclusive numeric range."
"F076","Find people where age is outside the range 18 through 64.","catalog.IndexSet(""people"").Where(""age"").Not.AsInt64.Between(18L, 64L).EndCondition","store.Where.Not.PropPath("".Age"").AsInt64.Between(18L, 64L).EndCondition","5","AI-authored: outside a closed range is the negation of Between."
"F077","Find people where age is one of 18, 21, 25, or 30.","catalog.IndexSet(""people"").Where(""age"").AsInt64.InSet(new long[] { 18L, 21L, 25L, 30L }).EndCondition","store.Where.PropPath("".Age"").AsInt64.InSet(new long[] { 18L, 21L, 25L, 30L }).EndCondition","5","AI-authored: same-key numeric alternatives use InSet."
"F078","Find people where age is not one of 18, 21, 25, or 30.","catalog.IndexSet(""people"").Where(""age"").AsInt64.NotInSet(new long[] { 18L, 21L, 25L, 30L }).EndCondition","store.Where.PropPath("".Age"").AsInt64.NotInSet(new long[] { 18L, 21L, 25L, 30L }).EndCondition","5","AI-authored: numeric set exclusion uses NotInSet."
"F079","Find people where age is zero.","catalog.IndexSet(""people"").Where(""age"").AsInt64.EqualTo(0L).EndCondition","store.Where.PropPath("".Age"").AsInt64.EqualTo(0L).EndCondition","5","AI-authored: direct zero equality."
"F080","Find people where age is not zero.","catalog.IndexSet(""people"").Where(""age"").Not.AsInt64.EqualTo(0L).EndCondition","store.Where.Not.PropPath("".Age"").AsInt64.EqualTo(0L).EndCondition","5","AI-authored: not zero is canonical Not around zero equality."
"F081","Find accounts where login count is greater than 10.","catalog.IndexSet(""accounts"").Where(""loginCount"").AsInt64.GreaterThan(10L).EndCondition","store.Where.PropPath("".LoginCount"").AsInt64.GreaterThan(10L).EndCondition","5","AI-authored: direct login-count threshold."
"F082","Find accounts where failed login count is at least 3.","catalog.IndexSet(""accounts"").Where(""failedLoginCount"").AsInt64.GreaterOrEqual(3L).EndCondition","store.Where.PropPath("".FailedLoginCount"").AsInt64.GreaterOrEqual(3L).EndCondition","5","AI-authored: direct failed-login inclusive threshold."
"F083","Find accounts where failed login count is less than successful login count.","catalog.IndexSet(""accounts"").External(id => FailedLoginCount(id) < SuccessfulLoginCount(id)).EndCondition","store.Where.External(id => FailedLoginCount(id) < SuccessfulLoginCount(id)).EndCondition","5","AI-authored: cross-field count comparison is dev-owned residual logic; LibraDex can narrow first with ordinary indexed predicates when available, then External performs the self-relative check."
"F084","Find accounts where retry count is exactly 0.","catalog.IndexSet(""accounts"").Where(""retryCount"").AsInt64.EqualTo(0L).EndCondition","store.Where.PropPath("".RetryCount"").AsInt64.EqualTo(0L).EndCondition","5","AI-authored: direct retry-count equality."
"F085","Find accounts where retry count is between 1 and 5.","catalog.IndexSet(""accounts"").Where(""retryCount"").AsInt64.Between(1L, 5L).EndCondition","store.Where.PropPath("".RetryCount"").AsInt64.Between(1L, 5L).EndCondition","5","AI-authored: direct retry-count range."
"F086","Find products where quantity on hand is negative.","catalog.IndexSet(""products"").Where(""quantityOnHand"").AsInt64.LessThan(0L).EndCondition","store.Where.PropPath("".QuantityOnHand"").AsInt64.LessThan(0L).EndCondition","5","AI-authored: negative quantity is a numeric less-than-zero predicate."
"F087","Find products where quantity on hand is zero.","catalog.IndexSet(""products"").Where(""quantityOnHand"").AsInt64.EqualTo(0L).EndCondition","store.Where.PropPath("".QuantityOnHand"").AsInt64.EqualTo(0L).EndCondition","5","AI-authored: direct zero quantity predicate."
"F088","Find products where quantity on hand is greater than reorder threshold.","catalog.IndexSet(""products"").Where(""quantityOnHand"").AsInt64.GreaterThan(reorderThreshold).EndCondition","store.Where.PropPath("".QuantityOnHand"").AsInt64.GreaterThan(reorderThreshold).EndCondition","5","AI-authored: threshold is a caller-supplied numeric operand."
"F089","Find products where quantity on hand is below safety stock.","catalog.IndexSet(""products"").Where(""quantityOnHand"").AsInt64.LessThan(safetyStock).EndCondition","store.Where.PropPath("".QuantityOnHand"").AsInt64.LessThan(safetyStock).EndCondition","5","AI-authored: safety stock is a caller-supplied numeric operand."
"F090","Find products where quantity on hand is in a small set of alert quantities.","catalog.IndexSet(""products"").Where(""quantityOnHand"").AsInt64.InSet(alertQuantities).EndCondition","store.Where.PropPath("".QuantityOnHand"").AsInt64.InSet(alertQuantities).EndCondition","5","AI-authored: alert quantities are same-key numeric membership values."
"F091","Find orders where total cents equals 1299.","catalog.IndexSet(""orders"").Where(""totalCents"").AsInt64.EqualTo(1299L).EndCondition","store.Where.PropPath("".TotalCents"").AsInt64.EqualTo(1299L).EndCondition","5","AI-authored: direct total-cents equality."
"F092","Find orders where total cents is greater than 100000.","catalog.IndexSet(""orders"").Where(""totalCents"").AsInt64.GreaterThan(100000L).EndCondition","store.Where.PropPath("".TotalCents"").AsInt64.GreaterThan(100000L).EndCondition","5","AI-authored: direct total-cents threshold."
"F093","Find orders where total cents is between 5000 and 20000.","catalog.IndexSet(""orders"").Where(""totalCents"").AsInt64.Between(5000L, 20000L).EndCondition","store.Where.PropPath("".TotalCents"").AsInt64.Between(5000L, 20000L).EndCondition","5","AI-authored: direct total-cents range."
"F094","Find orders where discount percent is greater than 0.","catalog.IndexSet(""orders"").Where(""discountPercent"").AsInt64.GreaterThan(0L).EndCondition","store.Where.PropPath("".DiscountPercent"").AsInt64.GreaterThan(0L).EndCondition","5","AI-authored: direct positive-discount predicate."
"F095","Find orders where discount percent is at least 50.","catalog.IndexSet(""orders"").Where(""discountPercent"").AsInt64.GreaterOrEqual(50L).EndCondition","store.Where.PropPath("".DiscountPercent"").AsInt64.GreaterOrEqual(50L).EndCondition","5","AI-authored: direct discount-percent lower bound."
"F096","Find invoices where balance due cents is not zero.","catalog.IndexSet(""invoices"").Where(""balanceDueCents"").Not.AsInt64.EqualTo(0L).EndCondition","store.Where.Not.PropPath("".BalanceDueCents"").AsInt64.EqualTo(0L).EndCondition","5","AI-authored: not zero is canonical Not around balance equality."
"F097","Find invoices where balance due cents is less than zero.","catalog.IndexSet(""invoices"").Where(""balanceDueCents"").AsInt64.LessThan(0L).EndCondition","store.Where.PropPath("".BalanceDueCents"").AsInt64.LessThan(0L).EndCondition","5","AI-authored: direct negative-balance predicate."
"F098","Find invoices where balance due cents is greater than invoice total cents.","catalog.IndexSet(""invoices"").External(id => BalanceDueCents(id) > InvoiceTotalCents(id)).EndCondition","store.Where.External(id => BalanceDueCents(id) > InvoiceTotalCents(id)).EndCondition","5","AI-authored: cross-field money comparison is not a single index seek, but it is expressible as caller-owned External logic after any available indexed narrowing."
"F099","Find invoices where tax cents is one of the known tax bucket values.","catalog.IndexSet(""invoices"").Where(""taxCents"").AsInt64.InSet(knownTaxBucketValues).EndCondition","store.Where.PropPath("".TaxCents"").AsInt64.InSet(knownTaxBucketValues).EndCondition","5","AI-authored: known tax buckets are same-key numeric membership values."
"F100","Find invoices where line count is greater than 100.","catalog.IndexSet(""invoices"").Where(""lineCount"").AsInt64.GreaterThan(100L).EndCondition","store.Where.PropPath("".LineCount"").AsInt64.GreaterThan(100L).EndCondition","5","AI-authored: direct line-count threshold."
"F101","Find measurements where the temperature is below 32 degrees.","catalog.IndexSet(""measurements"").Where(""temperature"").AsInt64.LessThan(32L).EndCondition","store.Where.PropPath("".Temperature"").AsInt64.LessThan(32L).EndCondition","5","AI-authored: direct temperature threshold."
"F102","Find measurements where the temperature is above 100 degrees.","catalog.IndexSet(""measurements"").Where(""temperature"").AsInt64.GreaterThan(100L).EndCondition","store.Where.PropPath("".Temperature"").AsInt64.GreaterThan(100L).EndCondition","5","AI-authored: direct temperature threshold."
"F103","Find measurements where the temperature is between 68 and 72 degrees.","catalog.IndexSet(""measurements"").Where(""temperature"").AsInt64.Between(68L, 72L).EndCondition","store.Where.PropPath("".Temperature"").AsInt64.Between(68L, 72L).EndCondition","5","AI-authored: direct temperature range."
"F104","Find measurements where the pressure reading is outside the safe range.","catalog.IndexSet(""measurements"").Where(""pressureReading"").Not.AsInt64.Between(minSafePressure, maxSafePressure).EndCondition","store.Where.Not.PropPath("".PressureReading"").AsInt64.Between(minSafePressure, maxSafePressure).EndCondition","5","AI-authored: outside safe range is the negation of the caller-supplied safe range."
"F105","Find measurements where the humidity percentage is exactly 0.","catalog.IndexSet(""measurements"").Where(""humidityPercentage"").AsInt64.EqualTo(0L).EndCondition","store.Where.PropPath("".HumidityPercentage"").AsInt64.EqualTo(0L).EndCondition","5","AI-authored: direct humidity equality."
"F106","Find measurements where the humidity percentage is greater than 90.","catalog.IndexSet(""measurements"").Where(""humidityPercentage"").AsInt64.GreaterThan(90L).EndCondition","store.Where.PropPath("".HumidityPercentage"").AsInt64.GreaterThan(90L).EndCondition","5","AI-authored: direct humidity threshold."
"F107","Find readings where the score is at least 0.95.","catalog.IndexSet(""readings"").Where(""scoreBasisPoints"").AsInt64.GreaterOrEqual(9500L).EndCondition","store.Where.PropPath("".ScoreBasisPoints"").AsInt64.GreaterOrEqual(9500L).EndCondition","5","AI-authored: current scalar builder has no root floating-point selector; use an indexed scaled-integer score projection."
"F108","Find readings where the score is less than 0.01.","catalog.IndexSet(""readings"").Where(""scoreBasisPoints"").AsInt64.LessThan(100L).EndCondition","store.Where.PropPath("".ScoreBasisPoints"").AsInt64.LessThan(100L).EndCondition","5","AI-authored: current scalar builder has no root floating-point selector; use an indexed scaled-integer score projection."
"F109","Find readings where the score is between 0.2 and 0.8.","catalog.IndexSet(""readings"").Where(""scoreBasisPoints"").AsInt64.Between(2000L, 8000L).EndCondition","store.Where.PropPath("".ScoreBasisPoints"").AsInt64.Between(2000L, 8000L).EndCondition","5","AI-authored: current scalar builder has no root floating-point selector; use an indexed scaled-integer score projection."
"F110","Find readings where the score is not equal to 1.0.","catalog.IndexSet(""readings"").Where(""scoreBasisPoints"").Not.AsInt64.EqualTo(10000L).EndCondition","store.Where.Not.PropPath("".ScoreBasisPoints"").AsInt64.EqualTo(10000L).EndCondition","5","AI-authored: current scalar builder has no root floating-point selector; use an indexed scaled-integer score projection."
"F111","Find jobs where priority equals 1.","catalog.IndexSet(""jobs"").Where(""priority"").AsInt64.EqualTo(1L).EndCondition","store.Where.PropPath("".Priority"").AsInt64.EqualTo(1L).EndCondition","5","AI-authored: direct priority equality."
"F112","Find jobs where priority is higher than 5.","catalog.IndexSet(""jobs"").Where(""priority"").AsInt64.GreaterThan(5L).EndCondition","store.Where.PropPath("".Priority"").AsInt64.GreaterThan(5L).EndCondition","5","AI-authored: higher than maps to numeric greater-than."
"F113","Find jobs where priority is one of 1, 2, or 3.","catalog.IndexSet(""jobs"").Where(""priority"").AsInt64.InSet(new long[] { 1L, 2L, 3L }).EndCondition","store.Where.PropPath("".Priority"").AsInt64.InSet(new long[] { 1L, 2L, 3L }).EndCondition","5","AI-authored: priority alternatives use InSet."
"F114","Find jobs where priority is not one of the paused priorities.","catalog.IndexSet(""jobs"").Where(""priority"").AsInt64.NotInSet(pausedPriorities).EndCondition","store.Where.PropPath("".Priority"").AsInt64.NotInSet(pausedPriorities).EndCondition","5","AI-authored: caller-provided paused priorities use NotInSet."
"F115","Find jobs where shard number equals 17.","catalog.IndexSet(""jobs"").Where(""shardNumber"").AsInt64.EqualTo(17L).EndCondition","store.Where.PropPath("".ShardNumber"").AsInt64.EqualTo(17L).EndCondition","5","AI-authored: direct shard equality."
"F116","Find jobs where shard number is between 0 and 15.","catalog.IndexSet(""jobs"").Where(""shardNumber"").AsInt64.Between(0L, 15L).EndCondition","store.Where.PropPath("".ShardNumber"").AsInt64.Between(0L, 15L).EndCondition","5","AI-authored: direct shard range."
"F117","Find jobs where retry budget remaining is greater than 0.","catalog.IndexSet(""jobs"").Where(""retryBudgetRemaining"").AsInt64.GreaterThan(0L).EndCondition","store.Where.PropPath("".RetryBudgetRemaining"").AsInt64.GreaterThan(0L).EndCondition","5","AI-authored: direct retry-budget threshold."
"F118","Find jobs where retry budget remaining is less than attempts made.","catalog.IndexSet(""jobs"").External(id => RetryBudgetRemaining(id) < AttemptsMade(id)).EndCondition","store.Where.External(id => RetryBudgetRemaining(id) < AttemptsMade(id)).EndCondition","5","AI-authored: cross-field retry-state comparison belongs in dev-owned residual logic or a maintained derived projection; External is the honest condition-builder expression."
"F119","Find jobs where sequence number is after the last processed sequence.","catalog.IndexSet(""jobs"").Where(""sequenceNumber"").AsInt64.GreaterThan(lastProcessedSequence).EndCondition","store.Where.PropPath("".SequenceNumber"").AsInt64.GreaterThan(lastProcessedSequence).EndCondition","5","AI-authored: last processed sequence is a runtime numeric operand."
"F120","Find jobs where sequence number is before the checkpoint sequence.","catalog.IndexSet(""jobs"").Where(""sequenceNumber"").AsInt64.LessThan(checkpointSequence).EndCondition","store.Where.PropPath("".SequenceNumber"").AsInt64.LessThan(checkpointSequence).EndCondition","5","AI-authored: checkpoint sequence is a runtime numeric operand."
"F121","Find events where the version number equals 3.","catalog.IndexSet(""events"").Where(""versionNumber"").AsInt64.EqualTo(3L).EndCondition","store.Where.PropPath("".VersionNumber"").AsInt64.EqualTo(3L).EndCondition","5","AI-authored: direct version equality."
"F122","Find events where the version number is greater than or equal to 10.","catalog.IndexSet(""events"").Where(""versionNumber"").AsInt64.GreaterOrEqual(10L).EndCondition","store.Where.PropPath("".VersionNumber"").AsInt64.GreaterOrEqual(10L).EndCondition","5","AI-authored: direct version threshold."
"F123","Find events where the version number is odd.","catalog.IndexSet(""events"").Where(""versionNumber"").AsInt64.AllBitsSet(1L).EndCondition","store.Where.PropPath("".VersionNumber"").AsInt64.AllBitsSet(1L).EndCondition","5","AI-authored: odd integer means the low bit is set."
"F124","Find events where the version number is even.","catalog.IndexSet(""events"").Where(""versionNumber"").AsInt64.NoBitsSet(1L).EndCondition","store.Where.PropPath("".VersionNumber"").AsInt64.NoBitsSet(1L).EndCondition","5","AI-authored: even integer means the low bit is clear."
"F125","Find events where the version number has a specific bit set.","catalog.IndexSet(""events"").Where(""versionNumber"").AsInt64.AllBitsSet(versionBitMask).EndCondition","store.Where.PropPath("".VersionNumber"").AsInt64.AllBitsSet(versionBitMask).EndCondition","5","AI-authored: specific bit set maps to AllBitsSet over a caller-supplied mask."
"F126","Find records where the signed short code is negative.","catalog.IndexSet(""records"").Where(""signedShortCode"").AsInt16.LessThan((short)0).EndCondition","store.Where.PropPath("".SignedShortCode"").AsInt16.LessThan((short)0).EndCondition","5","AI-authored: signed short negative uses the Int16 key family."
"F127","Find records where the unsigned byte code equals 255.","catalog.IndexSet(""records"").Where(""unsignedByteCode"").AsByte.EqualTo((byte)255).EndCondition","store.Where.PropPath("".UnsignedByteCode"").AsByte.EqualTo((byte)255).EndCondition","5","AI-authored: unsigned byte equality uses the byte key family."
"F128","Find records where the unsigned byte code is less than 16.","catalog.IndexSet(""records"").Where(""unsignedByteCode"").AsByte.LessThan((byte)16).EndCondition","store.Where.PropPath("".UnsignedByteCode"").AsByte.LessThan((byte)16).EndCondition","5","AI-authored: unsigned byte threshold uses the byte key family."
"F129","Find records where the char code equals 'A'.","catalog.IndexSet(""records"").Where(""charCode"").AsChar.EqualTo('A').EndCondition","store.Where.PropPath("".CharCode"").AsChar.EqualTo('A').EndCondition","5","AI-authored: char equality uses the char key family."
"F130","Find records where the char code is between 'A' and 'Z'.","catalog.IndexSet(""records"").Where(""charCode"").AsChar.Between('A', 'Z').EndCondition","store.Where.PropPath("".CharCode"").AsChar.Between('A', 'Z').EndCondition","5","AI-authored: char range uses the char key family."
"F131","Find records where a boolean active flag is true.","catalog.IndexSet(""records"").Where(""active"").AsBoolean.EqualTo(true).EndCondition","store.Where.PropPath("".Active"").AsBoolean.EqualTo(true).EndCondition","5","AI-authored: direct Boolean true predicate."
"F132","Find records where a boolean active flag is false.","catalog.IndexSet(""records"").Where(""active"").AsBoolean.EqualTo(false).EndCondition","store.Where.PropPath("".Active"").AsBoolean.EqualTo(false).EndCondition","5","AI-authored: direct Boolean false predicate."
"F133","Find records where an enabled flag is true and a deleted flag is false.","catalog.IndexSet(""records"").Where(""enabled"").AsBoolean.EqualTo(true).AND.Where(""deleted"").AsBoolean.EqualTo(false).EndCondition","store.Where.PropPath("".Enabled"").AsBoolean.EqualTo(true).AND.PropPath("".Deleted"").AsBoolean.EqualTo(false).EndCondition","5","AI-authored: two stored Boolean leaves joined by AND."
"F134","Find records where an archived flag is false.","catalog.IndexSet(""records"").Where(""archived"").AsBoolean.EqualTo(false).EndCondition","store.Where.PropPath("".Archived"").AsBoolean.EqualTo(false).EndCondition","5","AI-authored: direct Boolean false predicate."
"F135","Find records where either public or shared is true.","catalog.IndexSet(""records"").Where(""public"").AsBoolean.EqualTo(true).OR.Where(""shared"").AsBoolean.EqualTo(true).EndCondition","store.Where.PropPath("".Public"").AsBoolean.EqualTo(true).OR.PropPath("".Shared"").AsBoolean.EqualTo(true).EndCondition","5","AI-authored: either public or shared is OR over two Boolean flags."
"F136","Find records where public is true but hidden is false.","catalog.IndexSet(""records"").Where(""public"").AsBoolean.EqualTo(true).AND.Where(""hidden"").AsBoolean.EqualTo(false).EndCondition","store.Where.PropPath("".Public"").AsBoolean.EqualTo(true).AND.PropPath("".Hidden"").AsBoolean.EqualTo(false).EndCondition","5","AI-authored: public true plus hidden false."
"F137","Find records where locked is true and expired is true.","catalog.IndexSet(""records"").Where(""locked"").AsBoolean.EqualTo(true).AND.Where(""expired"").AsBoolean.EqualTo(true).EndCondition","store.Where.PropPath("".Locked"").AsBoolean.EqualTo(true).AND.PropPath("".Expired"").AsBoolean.EqualTo(true).EndCondition","5","AI-authored: both Boolean flags must be true."
"F138","Find records where reviewed is false and score is above 80.","catalog.IndexSet(""records"").Where(""reviewed"").AsBoolean.EqualTo(false).AND.Where(""score"").AsInt64.GreaterThan(80L).EndCondition","store.Where.PropPath("".Reviewed"").AsBoolean.EqualTo(false).AND.PropPath("".Score"").AsInt64.GreaterThan(80L).EndCondition","5","AI-authored: Boolean false plus score threshold."
"F139","Find records where selected is true or pinned is true.","catalog.IndexSet(""records"").Where(""selected"").AsBoolean.EqualTo(true).OR.Where(""pinned"").AsBoolean.EqualTo(true).EndCondition","store.Where.PropPath("".Selected"").AsBoolean.EqualTo(true).OR.PropPath("".Pinned"").AsBoolean.EqualTo(true).EndCondition","5","AI-authored: either Boolean flag true."
"F140","Find records where all three approval booleans are true.","catalog.IndexSet(""records"").Where(""approvalA"").AsBoolean.EqualTo(true).AND.Where(""approvalB"").AsBoolean.EqualTo(true).AND.Where(""approvalC"").AsBoolean.EqualTo(true).EndCondition","store.Where.PropPath("".ApprovalA"").AsBoolean.EqualTo(true).AND.PropPath("".ApprovalB"").AsBoolean.EqualTo(true).AND.PropPath("".ApprovalC"").AsBoolean.EqualTo(true).EndCondition","5","AI-authored: fixed three approval flags are explicit Boolean leaves."
"F141","Find tasks where status equals Open.","catalog.IndexSet(""tasks"").Where(""status"").AsString.EqualTo(""Open"").EndCondition","store.Where.PropPath("".Status"").AsString.EqualTo(""Open"").EndCondition","5","AI-authored: direct status equality."
"F142","Find tasks where status is not Closed.","catalog.IndexSet(""tasks"").Where(""status"").Not.AsString.EqualTo(""Closed"").EndCondition","store.Where.Not.PropPath("".Status"").AsString.EqualTo(""Closed"").EndCondition","5","AI-authored: canonical Not around status equality."
"F143","Find tasks where status is one of Open, Pending, or Blocked.","catalog.IndexSet(""tasks"").Where(""status"").AsString.InSet(new[] { ""Open"", ""Pending"", ""Blocked"" }).EndCondition","store.Where.PropPath("".Status"").AsString.InSet(new[] { ""Open"", ""Pending"", ""Blocked"" }).EndCondition","5","AI-authored: status alternatives use InSet."
"F144","Find tasks where status is not one of Closed or Cancelled.","catalog.IndexSet(""tasks"").Where(""status"").AsString.NotInSet(new[] { ""Closed"", ""Cancelled"" }).EndCondition","store.Where.PropPath("".Status"").AsString.NotInSet(new[] { ""Closed"", ""Cancelled"" }).EndCondition","5","AI-authored: status exclusions use NotInSet."
"F145","Find tasks where status is Open and priority is High.","catalog.IndexSet(""tasks"").Where(""status"").AsString.EqualTo(""Open"").AND.Where(""priority"").AsString.EqualTo(""High"").EndCondition","store.Where.PropPath("".Status"").AsString.EqualTo(""Open"").AND.PropPath("".Priority"").AsString.EqualTo(""High"").EndCondition","5","AI-authored: status and priority equality compose with AND."
"F146","Find tasks where status is Open or status is Reopened.","catalog.IndexSet(""tasks"").Where(""status"").AsString.InSet(new[] { ""Open"", ""Reopened"" }).EndCondition","store.Where.PropPath("".Status"").AsString.InSet(new[] { ""Open"", ""Reopened"" }).EndCondition","5","AI-authored: same-key OR is lower-friction as status InSet."
"F147","Find tasks where status changed from Pending to Active.","catalog.IndexSet(""tasks"").Where(""statusTransition"").AsString.EqualTo(""Pending>Active"").EndCondition","store.Where.PropPath("".StatusTransition"").AsString.EqualTo(""Pending>Active"").EndCondition","5","AI-authored redo: solvable when the app maintains a transition/history projection such as statusTransition; otherwise use External over a history store."
"F148","Find tasks where status code is greater than the archived status code.","catalog.IndexSet(""tasks"").Where(""statusCode"").AsInt64.GreaterThan(archivedStatusCode).EndCondition","store.Where.PropPath("".StatusCode"").AsInt64.GreaterThan(archivedStatusCode).EndCondition","5","AI-authored: archived status code is a runtime scalar threshold."
"F149","Find tasks where workflow state is in a caller-provided set.","catalog.IndexSet(""tasks"").Where(""workflowState"").AsString.InSet(workflowStates).EndCondition","store.Where.PropPath("".WorkflowState"").AsString.InSet(workflowStates).EndCondition","5","AI-authored: caller-provided workflow states use InSet."
"F150","Find tasks where workflow state is missing or Unknown.","catalog.IndexSet(""tasks"").Where(""workflowState"").AsString.EqualTo(NullKey.Null).OR.Where(""workflowState"").AsString.EqualTo(""Unknown"").EndCondition","store.Where.PropPath("".WorkflowState"").AsString.EqualTo(null).OR.PropPath("".WorkflowState"").AsString.EqualTo(""Unknown"").EndCondition","5","AI-authored: stored null route or explicit Unknown sentinel."
"F151","Find permissions where the read bit is set.","catalog.IndexSet(""permissions"").Where(""permissionMask"").AsInt64.AllBitsSet(readMask).EndCondition","store.Where.PropPath("".PermissionMask"").AsInt64.AllBitsSet(readMask).EndCondition","5","AI-authored: read bit set maps to AllBitsSet."
"F152","Find permissions where the write bit is set.","catalog.IndexSet(""permissions"").Where(""permissionMask"").AsInt64.AllBitsSet(writeMask).EndCondition","store.Where.PropPath("".PermissionMask"").AsInt64.AllBitsSet(writeMask).EndCondition","5","AI-authored: write bit set maps to AllBitsSet."
"F153","Find permissions where both read and write bits are set.","catalog.IndexSet(""permissions"").Where(""permissionMask"").AsInt64.AllBitsSet(readMask | writeMask).EndCondition","store.Where.PropPath("".PermissionMask"").AsInt64.AllBitsSet(readMask | writeMask).EndCondition","5","AI-authored: both required bits are one combined required mask."
"F154","Find permissions where any admin bit is set.","catalog.IndexSet(""permissions"").Where(""permissionMask"").AsInt64.AnyBitsSet(adminMask).EndCondition","store.Where.PropPath("".PermissionMask"").AsInt64.AnyBitsSet(adminMask).EndCondition","5","AI-authored: any admin bit set maps to AnyBitsSet."
"F155","Find permissions where no admin bit is set.","catalog.IndexSet(""permissions"").Where(""permissionMask"").AsInt64.NoBitsSet(adminMask).EndCondition","store.Where.PropPath("".PermissionMask"").AsInt64.NoBitsSet(adminMask).EndCondition","5","AI-authored: no admin bit set maps to NoBitsSet."
"F156","Find permissions where the delete bit is not set.","catalog.IndexSet(""permissions"").Where(""permissionMask"").AsInt64.NoBitsSet(deleteMask).EndCondition","store.Where.PropPath("".PermissionMask"").AsInt64.NoBitsSet(deleteMask).EndCondition","5","AI-authored: delete bit not set maps to NoBitsSet."
"F157","Find permissions where exactly the guest mask is present.","catalog.IndexSet(""permissions"").Where(""permissionMask"").AsInt64.EqualTo(guestMask).EndCondition","store.Where.PropPath("".PermissionMask"").AsInt64.EqualTo(guestMask).EndCondition","5","AI-authored: exactly guest mask means mask equality."
"F158","Find permissions where the mask contains all required bits and none of the forbidden bits.","catalog.IndexSet(""permissions"").Where(""mask"").AsInt64.AllBitsSet(requiredMask).AND.Where(""mask"").AsInt64.NoBitsSet(forbiddenMask).EndCondition","store.Where.PropPath("".Mask"").AsInt64.AllBitsSet(requiredMask).AND.PropPath("".Mask"").AsInt64.NoBitsSet(forbiddenMask).EndCondition","5","AI-authored: required bits plus forbidden bits are two mask predicates."
"F159","Find permissions where the effective mask differs from the inherited mask.","catalog.IndexSet(""permissions"").WhereInverse.AsUInt64.Between(firstPermissionId, lastPermissionId).Key(""effectiveMask"").AsUInt64.NotEqualToKey(""inheritedMask"").EndCondition","store.Where.External(id => EffectiveMask(id) != InheritedMask(id))","5","AI-authored: IndexSet inverse key-map self-relative comparison; requires the inverse map to include effectiveMask and inheritedMask, and avoids object hydration or a Cartesian scan over separate indexes."
"F160","Find permissions where the custom flags field is nonzero.","catalog.IndexSet(""permissions"").Where(""customFlags"").Not.AsInt64.EqualTo(0L).EndCondition","store.Where.Not.PropPath("".CustomFlags"").AsInt64.EqualTo(0L).EndCondition","5","AI-authored: nonzero custom flags excludes zero."
"F161","Find feature flags where the beta bit is set.","catalog.IndexSet(""featureFlags"").Where(""flags"").AsInt64.AllBitsSet(betaMask).EndCondition","store.Where.PropPath("".Flags"").AsInt64.AllBitsSet(betaMask).EndCondition","5","AI-authored: beta bit set maps to AllBitsSet."
"F162","Find feature flags where either beta or preview is set.","catalog.IndexSet(""featureFlags"").Where(""flags"").AsInt64.AnyBitsSet(betaMask | previewMask).EndCondition","store.Where.PropPath("".Flags"").AsInt64.AnyBitsSet(betaMask | previewMask).EndCondition","5","AI-authored: either beta or preview bit set maps to AnyBitsSet."
"F163","Find feature flags where beta is set and disabled is not set.","catalog.IndexSet(""featureFlags"").Where(""flags"").AsInt64.AllBitsSet(betaMask).AND.Where(""flags"").AsInt64.NoBitsSet(disabledMask).EndCondition","store.Where.PropPath("".Flags"").AsInt64.AllBitsSet(betaMask).AND.PropPath("".Flags"").AsInt64.NoBitsSet(disabledMask).EndCondition","5","AI-authored: required beta bit plus disabled bit clear."
"F164","Find feature flags where the flags value is one of several known combinations.","catalog.IndexSet(""featureFlags"").Where(""flags"").AsInt64.InSet(knownFlagCombinations).EndCondition","store.Where.PropPath("".Flags"").AsInt64.InSet(knownFlagCombinations).EndCondition","5","AI-authored: known mask combinations use InSet."
"F165","Find feature flags where none of the rollout bits are set.","catalog.IndexSet(""featureFlags"").Where(""flags"").AsInt64.NoBitsSet(rolloutMask).EndCondition","store.Where.PropPath("".Flags"").AsInt64.NoBitsSet(rolloutMask).EndCondition","5","AI-authored: none of rollout bits maps to NoBitsSet."
"F166","Find messages where the unread bit is set.","catalog.IndexSet(""messages"").Where(""flags"").AsInt64.AllBitsSet(unreadMask).EndCondition","store.Where.PropPath("".Flags"").AsInt64.AllBitsSet(unreadMask).EndCondition","5","AI-authored: unread bit set maps to AllBitsSet."
"F167","Find messages where archived is not set and starred is set.","catalog.IndexSet(""messages"").Where(""flags"").AsInt64.NoBitsSet(archivedMask).AND.Where(""flags"").AsInt64.AllBitsSet(starredMask).EndCondition","store.Where.PropPath("".Flags"").AsInt64.NoBitsSet(archivedMask).AND.PropPath("".Flags"").AsInt64.AllBitsSet(starredMask).EndCondition","5","AI-authored: archived clear and starred set are two bitmask predicates."
"F168","Find messages where muted is set or snoozed is set.","catalog.IndexSet(""messages"").Where(""flags"").AsInt64.AnyBitsSet(mutedMask | snoozedMask).EndCondition","store.Where.PropPath("".Flags"").AsInt64.AnyBitsSet(mutedMask | snoozedMask).EndCondition","5","AI-authored: either muted or snoozed maps to AnyBitsSet."
"F169","Find messages where every compliance-required flag is set.","catalog.IndexSet(""messages"").Where(""flags"").AsInt64.AllBitsSet(complianceRequiredMask).EndCondition","store.Where.PropPath("".Flags"").AsInt64.AllBitsSet(complianceRequiredMask).EndCondition","5","AI-authored: every required flag maps to AllBitsSet."
"F170","Find messages where any retention-exemption flag is set.","catalog.IndexSet(""messages"").Where(""flags"").AsInt64.AnyBitsSet(retentionExemptionMask).EndCondition","store.Where.PropPath("".Flags"").AsInt64.AnyBitsSet(retentionExemptionMask).EndCondition","5","AI-authored: any exemption flag maps to AnyBitsSet."
"F171","Find rows where created date is today.","catalog.IndexSet(""rows"").Where(""createdDate"").AsDate.IsToday().EndCondition","store.Where.PropPath("".CreatedDate"").AsDate.IsToday().EndCondition","5","AI-authored: direct date helper for today."
"F172","Find rows where created date is yesterday.","catalog.IndexSet(""rows"").Where(""createdDate"").AsDate.IsYesterday().EndCondition","store.Where.PropPath("".CreatedDate"").AsDate.IsYesterday().EndCondition","5","AI-authored: direct date helper for yesterday."
"F173","Find rows where created date is in the last 7 days.","catalog.IndexSet(""rows"").Where(""createdDate"").AsDate.IsInLastDays(7).EndCondition","store.Where.PropPath("".CreatedDate"").AsDate.IsInLastDays(7).EndCondition","5","AI-authored: direct rolling-days date helper."
"F174","Find rows where created date is in the last 30 days.","catalog.IndexSet(""rows"").Where(""createdDate"").AsDate.IsInLastDays(30).EndCondition","store.Where.PropPath("".CreatedDate"").AsDate.IsInLastDays(30).EndCondition","5","AI-authored: direct rolling-days date helper."
"F175","Find rows where created date is older than 90 days.","catalog.IndexSet(""rows"").Where(""createdDate"").AsDate.LessThan(now.AddDays(-90)).EndCondition","store.Where.PropPath("".CreatedDate"").AsDate.LessThan(now.AddDays(-90)).EndCondition","5","AI-authored: older than 90 days is a runtime cutoff comparison."
"F176","Find rows where created date is on or after January 1 2026.","catalog.IndexSet(""rows"").Where(""createdDate"").AsDate.GreaterOrEqual(new DateTime(2026, 1, 1)).EndCondition","store.Where.PropPath("".CreatedDate"").AsDate.GreaterOrEqual(new DateTime(2026, 1, 1)).EndCondition","5","AI-authored: direct inclusive date lower bound."
"F177","Find rows where created date is before January 1 2026.","catalog.IndexSet(""rows"").Where(""createdDate"").AsDate.LessThan(new DateTime(2026, 1, 1)).EndCondition","store.Where.PropPath("".CreatedDate"").AsDate.LessThan(new DateTime(2026, 1, 1)).EndCondition","5","AI-authored: direct exclusive date upper bound."
"F178","Find rows where created date is between January 1 2026 and March 31 2026.","catalog.IndexSet(""rows"").Where(""createdDate"").AsDate.Between(new DateTime(2026, 1, 1), new DateTime(2026, 3, 31)).EndCondition","store.Where.PropPath("".CreatedDate"").AsDate.Between(new DateTime(2026, 1, 1), new DateTime(2026, 3, 31)).EndCondition","5","AI-authored: direct fixed date range."
"F179","Find rows where created date is not between two supplied dates.","catalog.IndexSet(""rows"").Where(""createdDate"").Not.AsDate.Between(startDate, endDate).EndCondition","store.Where.Not.PropPath("".CreatedDate"").AsDate.Between(startDate, endDate).EndCondition","5","AI-authored: not between two supplied dates is canonical Not around Between."
"F180","Find rows where created date equals a specific calendar day regardless of time.","catalog.IndexSet(""rows"").Where(""createdDate"").AsDate.Between(dayStart, dayEnd).EndCondition","store.Where.PropPath("".CreatedDate"").AsDate.Between(dayStart, dayEnd).EndCondition","5","AI-authored: calendar-day regardless of time is best modeled as a day start/end range."
"F181","Find rows where created timestamp is after a supplied instant.","catalog.IndexSet(""rows"").Where(""createdTimestamp"").AsDate.GreaterThan(suppliedInstant).EndCondition","store.Where.PropPath("".CreatedTimestamp"").AsDate.GreaterThan(suppliedInstant).EndCondition","5","AI-authored: direct timestamp lower bound."
"F182","Find rows where created timestamp is before a supplied instant.","catalog.IndexSet(""rows"").Where(""createdTimestamp"").AsDate.LessThan(suppliedInstant).EndCondition","store.Where.PropPath("".CreatedTimestamp"").AsDate.LessThan(suppliedInstant).EndCondition","5","AI-authored: direct timestamp upper bound."
"F183","Find rows where created timestamp is within the last 15 minutes.","catalog.IndexSet(""rows"").Where(""createdTimestamp"").AsDate.IsInLastMinutes(15).EndCondition","store.Where.PropPath("".CreatedTimestamp"").AsDate.IsInLastMinutes(15).EndCondition","5","AI-authored: direct rolling-minutes helper."
"F184","Find rows where created timestamp is within the last 24 hours.","catalog.IndexSet(""rows"").Where(""createdTimestamp"").AsDate.IsInLastHours(24).EndCondition","store.Where.PropPath("".CreatedTimestamp"").AsDate.IsInLastHours(24).EndCondition","5","AI-authored: direct rolling-hours helper."
"F185","Find rows where created timestamp is exactly a stored tick value.","catalog.IndexSet(""rows"").Where(""createdTicks"").AsInt64.EqualTo(storedTickValue).EndCondition","store.Where.PropPath("".CreatedTicks"").AsInt64.EqualTo(storedTickValue).EndCondition","5","AI-authored: stored tick value is a numeric key equality."
"F186","Find rows where updated timestamp is greater than created timestamp.","catalog.IndexSet(""rows"").External(id => UpdatedTimestamp(id) > CreatedTimestamp(id)).EndCondition","store.Where.External(id => UpdatedTimestamp(id) > CreatedTimestamp(id)).EndCondition","5","AI-authored: row-relative timestamp comparison is expressible with External; maintain an indexed derived flag if this is frequent."
"F187","Find rows where updated timestamp is missing or equals the minimum date.","catalog.IndexSet(""rows"").Where(""updatedTimestamp"").AsDate.EqualTo(ScalarNull.Null).OR.Where(""updatedTimestamp"").AsDate.EqualTo(DateTime.MinValue).EndCondition","store.Where.PropPath("".UpdatedTimestamp"").AsDate.EqualTo(null).OR.PropPath("".UpdatedTimestamp"").AsDate.EqualTo(DateTime.MinValue).EndCondition","5","AI-authored: stored scalar-null route or explicit minimum-date sentinel."
"F188","Find rows where updated date is this month.","catalog.IndexSet(""rows"").Where(""updatedDate"").AsDate.YearMonth(currentYear, currentMonth).EndCondition","store.Where.PropPath("".UpdatedDate"").AsDate.YearMonth(currentYear, currentMonth).EndCondition","5","AI-authored: this month is year/month component matching from current date context."
"F189","Find rows where updated date is this quarter.","catalog.IndexSet(""rows"").Where(""updatedDate"").AsDate.YearQuarter(currentYear, currentQuarter).EndCondition","store.Where.PropPath("".UpdatedDate"").AsDate.YearQuarter(currentYear, currentQuarter).EndCondition","5","AI-authored: this quarter is year/quarter component matching from current date context."
"F190","Find rows where updated date is this year.","catalog.IndexSet(""rows"").Where(""updatedDate"").AsDate.YearEqualTo(currentYear).EndCondition","store.Where.PropPath("".UpdatedDate"").AsDate.YearEqualTo(currentYear).EndCondition","5","AI-authored: this year is a year component predicate."
"F191","Find rows where due date is overdue.","catalog.IndexSet(""rows"").Where(""dueDate"").AsDate.LessThan(now).EndCondition","store.Where.PropPath("".DueDate"").AsDate.LessThan(now).EndCondition","5","AI-authored: overdue is a date comparison against now."
"F192","Find rows where due date is today.","catalog.IndexSet(""rows"").Where(""dueDate"").AsDate.IsToday().EndCondition","store.Where.PropPath("".DueDate"").AsDate.IsToday().EndCondition","5","AI-authored: direct date helper for today."
"F193","Find rows where due date is tomorrow.","catalog.IndexSet(""rows"").Where(""dueDate"").AsDate.Between(tomorrowStart, tomorrowEnd).EndCondition","store.Where.PropPath("".DueDate"").AsDate.Between(tomorrowStart, tomorrowEnd).EndCondition","5","AI-authored: tomorrow is best represented as caller-supplied day bounds unless a dedicated helper is added."
"F194","Find rows where due date is in the next 7 days.","catalog.IndexSet(""rows"").Where(""dueDate"").AsDate.Between(today, today.AddDays(7)).EndCondition","store.Where.PropPath("".DueDate"").AsDate.Between(today, today.AddDays(7)).EndCondition","5","AI-authored: next seven days is a runtime date range."
"F195","Find rows where due date is on a weekend.","catalog.IndexSet(""rows"").Where(""dueDate"").AsDate.IsWeekend().EndCondition","store.Where.PropPath("".DueDate"").AsDate.IsWeekend().EndCondition","5","AI-authored: direct weekend date helper."
"F196","Find rows where due date is on a weekday.","catalog.IndexSet(""rows"").Where(""dueDate"").AsDate.IsWeekday().EndCondition","store.Where.PropPath("".DueDate"").AsDate.IsWeekday().EndCondition","5","AI-authored: direct weekday date helper."
"F197","Find rows where due date is in June 2026.","catalog.IndexSet(""rows"").Where(""dueDate"").AsDate.YearMonth(2026, 6).EndCondition","store.Where.PropPath("".DueDate"").AsDate.YearMonth(2026, 6).EndCondition","5","AI-authored: fixed month uses year/month date component syntax."
"F198","Find rows where due date is in Q2 of 2026.","catalog.IndexSet(""rows"").Where(""dueDate"").AsDate.YearQuarter(2026, 2).EndCondition","store.Where.PropPath("".DueDate"").AsDate.YearQuarter(2026, 2).EndCondition","5","AI-authored: fixed quarter uses year/quarter date component syntax."
"F199","Find rows where due date is in either Q1 or Q4.","catalog.IndexSet(""rows"").Where(""dueDate"").AsDate.InQuarter(1).OR.Where(""dueDate"").AsDate.InQuarter(4).EndCondition","store.Where.PropPath("".DueDate"").AsDate.InQuarter(1).OR.PropPath("".DueDate"").AsDate.InQuarter(4).EndCondition","5","AI-authored: either Q1 or Q4 maps to OR over quarter component predicates."
"F200","Find rows where due date is not in the current year.","catalog.IndexSet(""rows"").Where(""dueDate"").Not.AsDate.YearEqualTo(currentYear).EndCondition","store.Where.Not.PropPath("".DueDate"").AsDate.YearEqualTo(currentYear).EndCondition","5","AI-authored: not current year is canonical Not around a year component predicate."
"F201","Find appointments where start time is in the morning.","catalog.IndexSet(""appointments"").Where(""startTime"").AsDate.IsMorning().EndCondition","store.Where.PropPath("".StartTime"").AsDate.IsMorning().EndCondition","5","AI-authored: direct time-of-day helper."
"F202","Find appointments where start time is in the afternoon.","catalog.IndexSet(""appointments"").Where(""startTime"").AsDate.IsAfternoon().EndCondition","store.Where.PropPath("".StartTime"").AsDate.IsAfternoon().EndCondition","5","AI-authored: direct time-of-day helper."
"F203","Find appointments where start time is in the evening.","catalog.IndexSet(""appointments"").Where(""startTime"").AsDate.IsEvening().EndCondition","store.Where.PropPath("".StartTime"").AsDate.IsEvening().EndCondition","5","AI-authored: direct time-of-day helper."
"F204","Find appointments where start time is at night.","catalog.IndexSet(""appointments"").Where(""startTime"").AsDate.IsNight().EndCondition","store.Where.PropPath("".StartTime"").AsDate.IsNight().EndCondition","5","AI-authored: direct time-of-day helper."
"F205","Find appointments where start time is between 8 AM and 5 PM.","catalog.IndexSet(""appointments"").Where(""startTime"").AsTimeOnly.Between(new TimeOnly(8, 0), new TimeOnly(17, 0)).EndCondition","store.Where.PropPath("".StartTime"").AsTimeOnly.Between(new TimeOnly(8, 0), new TimeOnly(17, 0)).EndCondition","5","AI-authored: same-day time window over a TimeOnly key."
"F206","Find appointments where start time wraps across midnight.","catalog.IndexSet(""appointments"").Where(""startTime"").AsTimeOnly.GreaterOrEqual(windowStart).OR.Where(""startTime"").AsTimeOnly.LessOrEqual(windowEnd).EndCondition","store.Where.PropPath("".StartTime"").AsTimeOnly.GreaterOrEqual(windowStart).OR.PropPath("".StartTime"").AsTimeOnly.LessOrEqual(windowEnd).EndCondition","5","AI-authored: a window wrapping midnight is represented as two TimeOnly ranges joined by OR."
"F207","Find appointments where end time is before start time.","catalog.IndexSet(""appointments"").External(id => EndTime(id) < StartTime(id)).EndCondition","store.Where.External(id => EndTime(id) < StartTime(id)).EndCondition","5","AI-authored: invalid interval ordering is self-relative row logic; External is correct unless a maintained hasInvalidDateRange projection exists."
"F208","Find appointments where duration is greater than one hour.","catalog.IndexSet(""appointments"").Where(""duration"").AsTimeSpan.GreaterThan(TimeSpan.FromHours(1)).EndCondition","store.Where.PropPath("".Duration"").AsTimeSpan.GreaterThan(TimeSpan.FromHours(1)).EndCondition","5","AI-authored: direct TimeSpan threshold."
"F209","Find appointments where duration is less than five minutes.","catalog.IndexSet(""appointments"").Where(""duration"").AsTimeSpan.LessThan(TimeSpan.FromMinutes(5)).EndCondition","store.Where.PropPath("".Duration"").AsTimeSpan.LessThan(TimeSpan.FromMinutes(5)).EndCondition","5","AI-authored: direct TimeSpan threshold."
"F210","Find appointments where duration is between 30 and 60 minutes.","catalog.IndexSet(""appointments"").Where(""duration"").AsTimeSpan.Between(TimeSpan.FromMinutes(30), TimeSpan.FromMinutes(60)).EndCondition","store.Where.PropPath("".Duration"").AsTimeSpan.Between(TimeSpan.FromMinutes(30), TimeSpan.FromMinutes(60)).EndCondition","5","AI-authored: direct TimeSpan range."
"F211","Find events where event date is the same month every year.","catalog.IndexSet(""events"").Where(""eventDate"").AsDate.MonthEqualTo(month).EndCondition","store.Where.PropPath("".EventDate"").AsDate.MonthEqualTo(month).EndCondition","5","AI-authored: same month every year uses month component matching."
"F212","Find events where event date is the same day every year.","catalog.IndexSet(""events"").Where(""eventDate"").AsDate.MonthDay(month, day).EndCondition","store.Where.PropPath("".EventDate"").AsDate.MonthDay(month, day).EndCondition","5","AI-authored: same day every year uses month/day component matching."
"F213","Find events where event date has day-of-month equal to 1.","catalog.IndexSet(""events"").Where(""eventDate"").AsDate.DayEqualTo(1).EndCondition","store.Where.PropPath("".EventDate"").AsDate.DayEqualTo(1).EndCondition","5","AI-authored: direct day-of-month component predicate."
"F214","Find events where event date has day-of-month between 1 and 7.","catalog.IndexSet(""events"").Where(""eventDate"").AsDate.DayRange(1, 7).EndCondition","store.Where.PropPath("".EventDate"").AsDate.DayRange(1, 7).EndCondition","5","AI-authored: direct day-of-month range predicate."
"F215","Find events where event date has month equal to December.","catalog.IndexSet(""events"").Where(""eventDate"").AsDate.MonthEqualTo(12).EndCondition","store.Where.PropPath("".EventDate"").AsDate.MonthEqualTo(12).EndCondition","5","AI-authored: December is month component 12."
"F216","Find events where event date is a leap day.","catalog.IndexSet(""events"").Where(""eventDate"").AsDate.MonthDay(2, 29).EndCondition","store.Where.PropPath("".EventDate"").AsDate.MonthDay(2, 29).EndCondition","5","AI-authored: leap day is month/day component 2/29."
"F217","Find events where event date is the last day of the month.","catalog.IndexSet(""events"").Where(""eventDate"").AsDate.IsLastOfMonth().EndCondition","store.Where.PropPath("".EventDate"").AsDate.IsLastOfMonth().EndCondition","5","AI-authored: direct last-day-of-month date helper."
"F218","Find events where event date is in a caller-provided set of holidays.","catalog.IndexSet(""events"").Where(""eventDate"").AsDate.InSet(holidays).EndCondition","store.Where.PropPath("".EventDate"").AsDate.InSet(holidays).EndCondition","5","AI-authored: caller-provided holidays are same-key date membership values."
"F219","Find events where event date is not in a blackout window.","catalog.IndexSet(""events"").Where(""eventDate"").Not.AsDate.Between(blackoutStart, blackoutEnd).EndCondition","store.Where.Not.PropPath("".EventDate"").AsDate.Between(blackoutStart, blackoutEnd).EndCondition","5","AI-authored: not in a single blackout window is Not around a date range."
"F220","Find events where event timestamp is at or after a checkpoint instant.","catalog.IndexSet(""events"").Where(""eventTimestamp"").AsDate.GreaterOrEqual(checkpointInstant).EndCondition","store.Where.PropPath("".EventTimestamp"").AsDate.GreaterOrEqual(checkpointInstant).EndCondition","5","AI-authored: checkpoint instant is a runtime date operand."
"F221","Find sessions where expiration is before now.","catalog.IndexSet(""sessions"").Where(""expiration"").AsDate.LessThan(now).EndCondition","store.Where.PropPath("".Expiration"").AsDate.LessThan(now).EndCondition","5","AI-authored: expiration before now is a date comparison."
"F222","Find sessions where expiration is after now.","catalog.IndexSet(""sessions"").Where(""expiration"").AsDate.GreaterThan(now).EndCondition","store.Where.PropPath("".Expiration"").AsDate.GreaterThan(now).EndCondition","5","AI-authored: expiration after now is a date comparison."
"F223","Find sessions where last activity is within the last hour.","catalog.IndexSet(""sessions"").Where(""lastActivity"").AsDate.IsInLastHours(1).EndCondition","store.Where.PropPath("".LastActivity"").AsDate.IsInLastHours(1).EndCondition","5","AI-authored: direct rolling-hour helper."
"F224","Find sessions where last activity is before the retention cutoff.","catalog.IndexSet(""sessions"").Where(""lastActivity"").AsDate.LessThan(retentionCutoff).EndCondition","store.Where.PropPath("".LastActivity"").AsDate.LessThan(retentionCutoff).EndCondition","5","AI-authored: retention cutoff is a runtime date operand."
"F225","Find sessions where created date and expiration date are the same day.","catalog.IndexSet(""sessions"").External(id => CreatedDate(id).Date == ExpirationDate(id).Date).EndCondition","store.Where.External(id => CreatedDate(id).Date == ExpirationDate(id).Date).EndCondition","5","AI-authored: same-day relationship compares two row values; External keeps that developer-owned calendar logic explicit."
"F226","Find audits where timestamp is between two UTC instants.","catalog.IndexSet(""audits"").Where(""timestamp"").AsDate.Between(startUtc, endUtc).EndCondition","store.Where.PropPath("".Timestamp"").AsDate.Between(startUtc, endUtc).EndCondition","5","AI-authored: direct timestamp range between supplied UTC instants."
"F227","Find audits where timestamp is in a local business day.","catalog.IndexSet(""audits"").Where(""localBusinessDate"").AsDate.EqualTo(localBusinessDate).EndCondition","store.Where.PropPath("".LocalBusinessDate"").AsDate.EqualTo(localBusinessDate).EndCondition","5","AI-authored redo: local business day is correct as a maintained timezone/business-calendar projection or caller-computed local date key."
"F228","Find audits where timestamp falls during business hours.","catalog.IndexSet(""audits"").Where(""businessHourBucket"").AsBoolean.EqualTo(true).EndCondition","store.Where.PropPath("".BusinessHourBucket"").AsBoolean.EqualTo(true).EndCondition","5","AI-authored redo: business-hours policy is modeled as an indexed boolean/bucket projection; raw UTC timestamp alone is not enough."
"F229","Find audits where timestamp falls outside business hours.","catalog.IndexSet(""audits"").Where(""businessHourBucket"").AsBoolean.EqualTo(false).EndCondition","store.Where.PropPath("".BusinessHourBucket"").AsBoolean.EqualTo(false).EndCondition","5","AI-authored redo: outside-business-hours is the negated maintained business-hours projection or a caller-owned External predicate."
"F230","Find audits where timestamp is in a known maintenance window.","catalog.IndexSet(""audits"").Where(""maintenanceWindowId"").AsString.InSet(activeMaintenanceWindowIds).EndCondition","store.Where.PropPath("".MaintenanceWindowId"").AsString.InSet(activeMaintenanceWindowIds).EndCondition","5","AI-authored redo: known maintenance windows should be modeled as indexed window ids or caller-expanded time ranges; no new date API is needed."
"F231","Find tenants where tenant id equals a specific GUID.","catalog.IndexSet(""tenants"").Where(""tenantId"").AsGuid.EqualTo(tenantId).EndCondition","store.Where.PropPath("".TenantId"").AsGuid.EqualTo(tenantId).EndCondition","5","AI-authored: direct Guid equality."
"F232","Find tenants where tenant id is not a specific GUID.","catalog.IndexSet(""tenants"").Where(""tenantId"").Not.AsGuid.EqualTo(tenantId).EndCondition","store.Where.Not.PropPath("".TenantId"").AsGuid.EqualTo(tenantId).EndCondition","5","AI-authored: canonical Not around Guid equality."
"F233","Find tenants where tenant id is one of a provided set of GUIDs.","catalog.IndexSet(""tenants"").Where(""tenantId"").AsGuid.InSet(tenantIds).EndCondition","store.Where.PropPath("".TenantId"").AsGuid.InSet(tenantIds).EndCondition","5","AI-authored: provided GUID set uses InSet."
"F234","Find tenants where tenant id is not in a blocked GUID set.","catalog.IndexSet(""tenants"").Where(""tenantId"").AsGuid.NotInSet(blockedTenantIds).EndCondition","store.Where.PropPath("".TenantId"").AsGuid.NotInSet(blockedTenantIds).EndCondition","5","AI-authored: blocked GUID set uses NotInSet."
"F235","Find tenants where tenant id equals Guid.Empty.","catalog.IndexSet(""tenants"").Where(""tenantId"").AsGuid.EqualTo(Guid.Empty).EndCondition","store.Where.PropPath("".TenantId"").AsGuid.EqualTo(Guid.Empty).EndCondition","5","AI-authored: direct Guid.Empty equality."
"F236","Find tenants where tenant id is not Guid.Empty.","catalog.IndexSet(""tenants"").Where(""tenantId"").Not.AsGuid.EqualTo(Guid.Empty).EndCondition","store.Where.Not.PropPath("".TenantId"").AsGuid.EqualTo(Guid.Empty).EndCondition","5","AI-authored: canonical Not around Guid.Empty equality."
"F237","Find tenants where tenant id starts with a known GUID prefix.","catalog.IndexSet(""tenants"").Where(""tenantId"").AsGuid.StartsWith(guidPrefix).EndCondition","store.Where.PropPath("".TenantId"").AsGuid.StartsWith(guidPrefix).EndCondition","5","AI-authored: direct Guid text/byte prefix predicate."
"F238","Find tenants where tenant id contains a known GUID segment.","catalog.IndexSet(""tenants"").Where(""tenantId"").AsGuid.Contains(guidSegment).EndCondition","store.Where.PropPath("".TenantId"").AsGuid.Contains(guidSegment).EndCondition","5","AI-authored: direct Guid segment containment predicate."
"F239","Find tenants where tenant id matches a wildcard GUID string.","catalog.IndexSet(""tenants"").Where(""tenantId"").AsGuid.Matches(guidPattern).EndCondition","store.Where.PropPath("".TenantId"").AsGuid.Matches(guidPattern).EndCondition","5","AI-authored: wildcard Guid string uses Matches."
"F240","Find tenants where tenant id is between two GUID byte-order boundaries.","catalog.IndexSet(""tenants"").Where(""tenantId"").AsGuid.Between(minGuid, maxGuid).EndCondition","store.Where.PropPath("".TenantId"").AsGuid.Between(minGuid, maxGuid).EndCondition","5","AI-authored: Guid byte-order boundaries are range operands."
"F241","Find users where user id equals a specific GUID.","catalog.IndexSet(""users"").Where(""userId"").AsGuid.EqualTo(userId).EndCondition","store.Where.PropPath("".UserId"").AsGuid.EqualTo(userId).EndCondition","5","AI-authored: direct Guid equality."
"F242","Find users where user id is in the caller's allowed user id list.","catalog.IndexSet(""users"").Where(""userId"").AsGuid.InSet(allowedUserIds).EndCondition","store.Where.PropPath("".UserId"").AsGuid.InSet(allowedUserIds).EndCondition","5","AI-authored: allowed user id list uses InSet."
"F243","Find users where user id is not in the caller's excluded user id list.","catalog.IndexSet(""users"").Where(""userId"").AsGuid.NotInSet(excludedUserIds).EndCondition","store.Where.PropPath("".UserId"").AsGuid.NotInSet(excludedUserIds).EndCondition","5","AI-authored: excluded user id list uses NotInSet."
"F244","Find users where user id has the same first GUID segment as a tenant id.","catalog.IndexSet(""users"").External(id => FirstGuidSegment(UserId(id)) == FirstGuidSegment(TenantId(id))).EndCondition","store.Where.External(id => FirstGuidSegment(UserId(id)) == FirstGuidSegment(TenantId(id))).EndCondition","5","AI-authored: same segment is row-relative comparison; use External or maintain indexed segment projections for frequent queries."
"F245","Find users where user id text starts with ""00000000"".","catalog.IndexSet(""users"").Where(""userId"").AsGuid.StartsWith(""00000000"").EndCondition","store.Where.PropPath("".UserId"").AsGuid.StartsWith(""00000000"").EndCondition","5","AI-authored: direct Guid text prefix predicate."
"F246","Find documents where document id equals a specific GUID.","catalog.IndexSet(""documents"").Where(""documentId"").AsGuid.EqualTo(documentId).EndCondition","store.Where.PropPath("".DocumentId"").AsGuid.EqualTo(documentId).EndCondition","5","AI-authored: direct document Guid equality."
"F247","Find documents where parent document id equals a specific GUID.","catalog.IndexSet(""documents"").Where(""parentDocumentId"").AsGuid.EqualTo(parentDocumentId).EndCondition","store.Where.PropPath("".ParentDocumentId"").AsGuid.EqualTo(parentDocumentId).EndCondition","5","AI-authored: direct parent document Guid equality."
"F248","Find documents where parent document id is missing or Guid.Empty.","catalog.IndexSet(""documents"").Where(""parentDocumentId"").AsGuid.EqualTo(ScalarNull.Null).OR.Where(""parentDocumentId"").AsGuid.EqualTo(Guid.Empty).EndCondition","store.Where.PropPath("".ParentDocumentId"").AsGuid.EqualTo(null).OR.PropPath("".ParentDocumentId"").AsGuid.EqualTo(Guid.Empty).EndCondition","5","AI-authored: missing scalar-null route or explicit Guid.Empty sentinel."
"F249","Find documents where document id and parent document id are different.","catalog.IndexSet(""documents"").External(id => DocumentId(id) != ParentDocumentId(id)).EndCondition","store.Where.External(id => DocumentId(id) != ParentDocumentId(id)).EndCondition","5","AI-authored: cross-field identity inequality is developer-owned residual logic; External makes the scan/residual nature visible."
"F250","Find documents where document id is after a stored high-water GUID.","catalog.IndexSet(""documents"").Where(""documentId"").AsGuid.GreaterThan(highWaterGuid).EndCondition","store.Where.PropPath("".DocumentId"").AsGuid.GreaterThan(highWaterGuid).EndCondition","5","AI-authored: high-water Guid is a runtime range operand."
"F251","Find blobs where the binary hash equals a provided byte array.","catalog.IndexSet(""blobs"").Where(""hash"").AsBinary.EqualTo(bytes).EndCondition","store.Where.PropPath("".Hash"").AsBinary.EqualTo(bytes).EndCondition","5","AI-authored: direct binary equality."
"F252","Find blobs where the binary hash starts with a known byte prefix.","catalog.IndexSet(""blobs"").Where(""hash"").AsBinary.StartsWith(prefixBytes).EndCondition","store.Where.PropPath("".Hash"").AsBinary.StartsWith(prefixBytes).EndCondition","5","AI-authored: direct binary prefix predicate."
"F253","Find blobs where the binary hash ends with a known byte suffix.","catalog.IndexSet(""blobs"").Where(""hash"").AsBinary.EndsWith(suffixBytes).EndCondition","store.Where.PropPath("".Hash"").AsBinary.EndsWith(suffixBytes).EndCondition","5","AI-authored: direct binary suffix predicate."
"F254","Find blobs where the binary hash contains the byte sequence 00 FF.","catalog.IndexSet(""blobs"").Where(""hash"").AsBinary.Contains(new byte[] { 0x00, 0xFF }).EndCondition","store.Where.PropPath("".Hash"").AsBinary.Contains(new byte[] { 0x00, 0xFF }).EndCondition","5","AI-authored: direct binary byte-sequence containment."
"F255","Find blobs where the binary hash is one of several known hashes.","catalog.IndexSet(""blobs"").Where(""hash"").AsBinary.InSet(knownHashes).EndCondition","store.Where.PropPath("".Hash"").AsBinary.InSet(knownHashes).EndCondition","5","AI-authored: known binary hashes use InSet."
"F256","Find blobs where the binary hash is not in a denylist.","catalog.IndexSet(""blobs"").Where(""hash"").AsBinary.NotInSet(denylistedHashes).EndCondition","store.Where.PropPath("".Hash"").AsBinary.NotInSet(denylistedHashes).EndCondition","5","AI-authored: hash denylist uses NotInSet."
"F257","Find blobs where the first four bytes interpreted as an Int32 equal 42.","catalog.IndexSet(""blobs"").Where(""payload"").AsBinary.SlicedAsInt32(0).EqualTo(42).EndCondition","store.Where.PropPath("".Payload"").AsBinary.SlicedAsInt32(0).EqualTo(42).EndCondition","5","AI-authored: typed binary Int32 slice equality."
"F258","Find blobs where bytes 8 through 15 interpreted as an Int64 are greater than zero.","catalog.IndexSet(""blobs"").Where(""payload"").AsBinary.SlicedAsInt64(8).GreaterThan(0L).EndCondition","store.Where.PropPath("".Payload"").AsBinary.SlicedAsInt64(8).GreaterThan(0L).EndCondition","5","AI-authored: typed binary Int64 slice threshold."
"F259","Find blobs where a UTF-8 string slice inside the payload equals ""OK"".","catalog.IndexSet(""blobs"").Where(""payload"").AsBinary.SlicedAsUtf8String(offset, length).EqualTo(""OK"").EndCondition","store.Where.PropPath("".Payload"").AsBinary.SlicedAsUtf8String(offset, length).EqualTo(""OK"").EndCondition","5","AI-authored: typed UTF-8 string slice equality."
"F260","Find blobs where a UTF-16 string slice inside the payload starts with ""MSG"".","catalog.IndexSet(""blobs"").Where(""payload"").AsBinary.SlicedAsUtf16String(offset, length).StartsWith(""MSG"").EndCondition","store.Where.PropPath("".Payload"").AsBinary.SlicedAsUtf16String(offset, length).StartsWith(""MSG"").EndCondition","5","AI-authored: typed UTF-16 string slice prefix."
"F261","Find blobs where a decimal value stored in a binary slice is greater than 100.","catalog.IndexSet(""blobs"").Where(""payload"").AsBinary.SlicedAsDecimal(offset).GreaterThan(100m).EndCondition","store.Where.PropPath("".Payload"").AsBinary.SlicedAsDecimal(offset).GreaterThan(100m).EndCondition","5","AI-authored: typed decimal binary slice threshold."
"F262","Find blobs where a Guid stored in a binary slice equals a specific value.","catalog.IndexSet(""blobs"").Where(""payload"").AsBinary.SlicedAsGuid(offset).EqualTo(guid).EndCondition","store.Where.PropPath("".Payload"").AsBinary.SlicedAsGuid(offset).EqualTo(guid).EndCondition","5","AI-authored: typed Guid binary slice equality."
"F263","Find blobs where a DateTime ticks slice is older than a cutoff.","catalog.IndexSet(""blobs"").Where(""payload"").AsBinary.SlicedAsDateTime(offset).LessThan(cutoff).EndCondition","store.Where.PropPath("".Payload"").AsBinary.SlicedAsDateTime(offset).LessThan(cutoff).EndCondition","5","AI-authored: typed DateTime binary slice cutoff."
"F264","Find blobs where a TimeSpan ticks slice is longer than five minutes.","catalog.IndexSet(""blobs"").Where(""payload"").AsBinary.SlicedAsTimeSpan(offset).GreaterThan(TimeSpan.FromMinutes(5)).EndCondition","store.Where.PropPath("".Payload"").AsBinary.SlicedAsTimeSpan(offset).GreaterThan(TimeSpan.FromMinutes(5)).EndCondition","5","AI-authored: typed TimeSpan binary slice threshold."
"F265","Find blobs where a BigInteger slice is negative.","catalog.IndexSet(""blobs"").Where(""payload"").AsBinary.SlicedAsBigInteger(offset, byteLength).LessThan(BigInteger.Zero).EndCondition","store.Where.PropPath("".Payload"").AsBinary.SlicedAsBigInteger(offset, byteLength).LessThan(BigInteger.Zero).EndCondition","5","AI-authored: typed BigInteger binary slice threshold."
"F266","Find blobs where the payload begins with a magic number.","catalog.IndexSet(""blobs"").Where(""payload"").AsBinary.StartsWith(magicBytes).EndCondition","store.Where.PropPath("".Payload"").AsBinary.StartsWith(magicBytes).EndCondition","5","AI-authored: direct binary prefix predicate."
"F267","Find blobs where the payload does not begin with the expected magic number.","catalog.IndexSet(""blobs"").Where(""payload"").Not.AsBinary.StartsWith(expectedMagicBytes).EndCondition","store.Where.Not.PropPath("".Payload"").AsBinary.StartsWith(expectedMagicBytes).EndCondition","5","AI-authored: canonical Not around binary prefix."
"F268","Find blobs where the payload contains a null byte.","catalog.IndexSet(""blobs"").Where(""payload"").AsBinary.Contains(new byte[] { 0x00 }).EndCondition","store.Where.PropPath("".Payload"").AsBinary.Contains(new byte[] { 0x00 }).EndCondition","5","AI-authored: direct binary null-byte containment."
"F269","Find blobs where the payload contains a protocol marker.","catalog.IndexSet(""blobs"").Where(""payload"").AsBinary.Contains(protocolMarker).EndCondition","store.Where.PropPath("".Payload"").AsBinary.Contains(protocolMarker).EndCondition","5","AI-authored: direct binary marker containment."
"F270","Find blobs where the payload suffix matches a checksum trailer.","catalog.IndexSet(""blobs"").External(id => PayloadSuffixMatchesChecksumTrailer(id)).EndCondition","store.Where.External(id => PayloadSuffixMatchesChecksumTrailer(id)).EndCondition","5","AI-authored: checksum comparison requires caller-owned computation or a maintained derived projection; External is the honest fluent form."
"F271","Find files where the content hash equals the stored checksum.","catalog.IndexSet(""files"").External(id => ContentHash(id).SequenceEqual(StoredChecksum(id))).EndCondition","store.Where.External(id => ContentHash(id).SequenceEqual(StoredChecksum(id))).EndCondition","5","AI-authored: computed hash equality is dev-owned logic unless a hashMatchesChecksum projection is maintained."
"F272","Find files where the content hash differs from the stored checksum.","catalog.IndexSet(""files"").External(id => !ContentHash(id).SequenceEqual(StoredChecksum(id))).EndCondition","store.Where.External(id => !ContentHash(id).SequenceEqual(StoredChecksum(id))).EndCondition","5","AI-authored: computed hash inequality is dev-owned logic unless a hashMatchesChecksum projection is maintained."
"F273","Find files where the signature bytes are missing.","catalog.IndexSet(""files"").Where(""signatureBytes"").AsBinary.EqualTo(NullKey.Null).EndCondition","store.Where.PropPath("".SignatureBytes"").AsBinary.EqualTo(null).EndCondition","5","AI-authored: missing signature bytes is interpreted as stored binary null key."
"F274","Find files where the first byte is one of the supported version markers.","catalog.IndexSet(""files"").Where(""payload"").AsBinary.SlicedAsByte(0).InSet(supportedVersionMarkers).EndCondition","store.Where.PropPath("".Payload"").AsBinary.SlicedAsByte(0).InSet(supportedVersionMarkers).EndCondition","5","AI-authored: first byte uses a typed byte slice and membership."
"F275","Find files where a two-byte type code is between two values.","catalog.IndexSet(""files"").Where(""payload"").AsBinary.SlicedAsUInt16(typeCodeOffset).Between(minTypeCode, maxTypeCode).EndCondition","store.Where.PropPath("".Payload"").AsBinary.SlicedAsUInt16(typeCodeOffset).Between(minTypeCode, maxTypeCode).EndCondition","5","AI-authored: two-byte code uses a UInt16 slice and range."
"F276","Find files where a four-byte length prefix is greater than the payload length.","catalog.IndexSet(""files"").External(id => LengthPrefix(id) > PayloadLength(id)).EndCondition","store.Where.External(id => LengthPrefix(id) > PayloadLength(id)).EndCondition","5","AI-authored: binary length relationship is computed row logic; External keeps the condition possible without implying an index-native seek."
"F277","Find files where a binary header field has a specific bit set.","catalog.IndexSet(""files"").Where(""payload"").AsBinary.SlicedAsUInt16(headerFlagsOffset).AllBitsSet(requiredBit).EndCondition","store.Where.PropPath("".Payload"").AsBinary.SlicedAsUInt16(headerFlagsOffset).AllBitsSet(requiredBit).EndCondition","5","AI-authored: binary header bit test uses a typed slice plus AllBitsSet."
"F278","Find files where a binary header field has none of the reserved bits set.","catalog.IndexSet(""files"").Where(""payload"").AsBinary.SlicedAsUInt16(headerFlagsOffset).NoBitsSet(reservedBits).EndCondition","store.Where.PropPath("".Payload"").AsBinary.SlicedAsUInt16(headerFlagsOffset).NoBitsSet(reservedBits).EndCondition","5","AI-authored: reserved bits clear uses NoBitsSet on the typed header slice."
"F279","Find files where a binary header field contains all required flags.","catalog.IndexSet(""files"").Where(""payload"").AsBinary.SlicedAsUInt16(headerFlagsOffset).AllBitsSet(requiredFlags).EndCondition","store.Where.PropPath("".Payload"").AsBinary.SlicedAsUInt16(headerFlagsOffset).AllBitsSet(requiredFlags).EndCondition","5","AI-authored: required header flags use AllBitsSet on the typed slice."
"F280","Find files where a binary footer equals the expected trailer.","catalog.IndexSet(""files"").Where(""footer"").AsBinary.EqualTo(expectedTrailer).EndCondition","store.Where.PropPath("".Footer"").AsBinary.EqualTo(expectedTrailer).EndCondition","5","AI-authored: expected binary footer equality assumes footer is the indexed key."
"F281","Find people where first name starts with ""Jo"" and last name equals ""Smith"".","catalog.IndexSet(""people"").Where(""firstName"").AsString.StartsWith(""Jo"").AND.Where(""lastName"").AsString.EqualTo(""Smith"").EndCondition","store.Where.PropPath("".FirstName"").AsString.StartsWith(""Jo"").AND.PropPath("".LastName"").AsString.EqualTo(""Smith"").EndCondition","5","AI-authored: two string predicates joined by AND."
"F282","Find people where first name equals ""John"" and last name equals ""Smith"".","catalog.IndexSet(""people"").Where(""firstName"").AsString.EqualTo(""John"").AND.Where(""lastName"").AsString.EqualTo(""Smith"").EndCondition","store.Where.PropPath("".FirstName"").AsString.EqualTo(""John"").AND.PropPath("".LastName"").AsString.EqualTo(""Smith"").EndCondition","5","AI-authored: two string equalities joined by AND."
"F283","Find people where first name equals ""John"" or first name equals ""Jon"".","catalog.IndexSet(""people"").Where(""firstName"").AsString.InSet(new[] { ""John"", ""Jon"" }).EndCondition","store.Where.PropPath("".FirstName"").AsString.InSet(new[] { ""John"", ""Jon"" }).EndCondition","5","AI-authored: same-key OR collapses to InSet."
"F284","Find people where first name starts with ""Jo"" and last name starts with ""Sm"".","catalog.IndexSet(""people"").Where(""firstName"").AsString.StartsWith(""Jo"").AND.Where(""lastName"").AsString.StartsWith(""Sm"").EndCondition","store.Where.PropPath("".FirstName"").AsString.StartsWith(""Jo"").AND.PropPath("".LastName"").AsString.StartsWith(""Sm"").EndCondition","5","AI-authored: two string prefixes joined by AND."
"F285","Find people where last name equals ""Smith"" and age is at least 18.","catalog.IndexSet(""people"").Where(""lastName"").AsString.EqualTo(""Smith"").AND.Where(""age"").AsInt64.GreaterOrEqual(18L).EndCondition","store.Where.PropPath("".LastName"").AsString.EqualTo(""Smith"").AND.PropPath("".Age"").AsInt64.GreaterOrEqual(18L).EndCondition","5","AI-authored: name equality plus age lower bound."
"F286","Find people where last name equals ""Smith"" and age is between 18 and 64.","catalog.IndexSet(""people"").Where(""lastName"").AsString.EqualTo(""Smith"").AND.Where(""age"").AsInt64.Between(18L, 64L).EndCondition","store.Where.PropPath("".LastName"").AsString.EqualTo(""Smith"").AND.PropPath("".Age"").AsInt64.Between(18L, 64L).EndCondition","5","AI-authored: name equality plus age range."
"F287","Find people where first name starts with ""A"" and age is under 18.","catalog.IndexSet(""people"").Where(""firstName"").AsString.StartsWith(""A"").AND.Where(""age"").AsInt64.LessThan(18L).EndCondition","store.Where.PropPath("".FirstName"").AsString.StartsWith(""A"").AND.PropPath("".Age"").AsInt64.LessThan(18L).EndCondition","5","AI-authored: prefix plus age upper bound."
"F288","Find people where last name is ""Smith"" or ""Jones"" and age is over 65.","catalog.IndexSet(""people"").Where(""lastName"").AsString.InSet(new[] { ""Smith"", ""Jones"" }).AND.Where(""age"").AsInt64.GreaterThan(65L).EndCondition","store.Where.PropPath("".LastName"").AsString.InSet(new[] { ""Smith"", ""Jones"" }).AND.PropPath("".Age"").AsInt64.GreaterThan(65L).EndCondition","5","AI-authored: same-key last-name OR becomes InSet, then age predicate applies to both."
"F289","Find people where last name is not ""Smith"" and city equals ""Phoenix"".","catalog.IndexSet(""people"").Where(""lastName"").Not.AsString.EqualTo(""Smith"").AND.Where(""city"").AsString.EqualTo(""Phoenix"").EndCondition","store.Where.Not.PropPath("".LastName"").AsString.EqualTo(""Smith"").AND.PropPath("".City"").AsString.EqualTo(""Phoenix"").EndCondition","5","AI-authored: negated last-name equality plus city equality."
"F290","Find people where first name contains ""ann"" and status is Active.","catalog.IndexSet(""people"").Where(""firstName"").AsString.Contains(""ann"").AND.Where(""status"").AsString.EqualTo(""Active"").EndCondition","store.Where.PropPath("".FirstName"").AsString.Contains(""ann"").AND.PropPath("".Status"").AsString.EqualTo(""Active"").EndCondition","5","AI-authored: string containment plus status equality."
"F291","Find users where email domain is ""example.com"" and status is Active.","catalog.IndexSet(""users"").Where(""emailAddress"").AsString.EndsWith(""@example.com"", ignoreCase: true).AND.Where(""status"").AsString.EqualTo(""Active"").EndCondition","store.Where.PropPath("".EmailAddress"").AsString.EndsWith(""@example.com"", ignoreCase: true).AND.PropPath("".Status"").AsString.EqualTo(""Active"").EndCondition","5","AI-authored: human email-domain intent over a normal single SMTP address can use a case-insensitive @example.com suffix plus status; use a maintained emailDomain projection if the stored field can contain display names, comments, or multiple addresses."
"F292","Find users where username starts with ""svc_"" and enabled is true.","catalog.IndexSet(""users"").Where(""username"").AsString.StartsWith(""svc_"").AND.Where(""enabled"").AsBoolean.EqualTo(true).EndCondition","store.Where.PropPath("".Username"").AsString.StartsWith(""svc_"").AND.PropPath("".Enabled"").AsBoolean.EqualTo(true).EndCondition","5","AI-authored: username prefix plus Boolean enabled."
"F293","Find users where enabled is true and locked is false.","catalog.IndexSet(""users"").Where(""enabled"").AsBoolean.EqualTo(true).AND.Where(""locked"").AsBoolean.EqualTo(false).EndCondition","store.Where.PropPath("".Enabled"").AsBoolean.EqualTo(true).AND.PropPath("".Locked"").AsBoolean.EqualTo(false).EndCondition","5","AI-authored: two Boolean flags joined by AND."
"F294","Find users where admin flag is set and disabled flag is not set.","catalog.IndexSet(""users"").Where(""flags"").AsInt64.AllBitsSet(adminMask).AND.Where(""flags"").AsInt64.NoBitsSet(disabledMask).EndCondition","store.Where.PropPath("".Flags"").AsInt64.AllBitsSet(adminMask).AND.PropPath("".Flags"").AsInt64.NoBitsSet(disabledMask).EndCondition","5","AI-authored: admin bit set and disabled bit clear."
"F295","Find users where last login is older than 90 days and enabled is true.","catalog.IndexSet(""users"").Where(""lastLogin"").AsDate.LessThan(now.AddDays(-90)).AND.Where(""enabled"").AsBoolean.EqualTo(true).EndCondition","store.Where.PropPath("".LastLogin"").AsDate.LessThan(now.AddDays(-90)).AND.PropPath("".Enabled"").AsBoolean.EqualTo(true).EndCondition","5","AI-authored: stale login cutoff plus enabled flag."
"F296","Find users where failed login count is at least 5 and last failed login is within the last hour.","catalog.IndexSet(""users"").Where(""failedLoginCount"").AsInt64.GreaterOrEqual(5L).AND.Where(""lastFailedLogin"").AsDate.IsInLastHours(1).EndCondition","store.Where.PropPath("".FailedLoginCount"").AsInt64.GreaterOrEqual(5L).AND.PropPath("".LastFailedLogin"").AsDate.IsInLastHours(1).EndCondition","5","AI-authored: count threshold plus rolling-hour date helper."
"F297","Find users where password changed date is older than 180 days and account type is not Service.","catalog.IndexSet(""users"").Where(""passwordChangedDate"").AsDate.LessThan(now.AddDays(-180)).AND.Not.Where(""accountType"").AsString.EqualTo(""Service"").EndCondition","store.Where.PropPath("".PasswordChangedDate"").AsDate.LessThan(now.AddDays(-180)).AND.Not.PropPath("".AccountType"").AsString.EqualTo(""Service"").EndCondition","5","AI-authored: password age cutoff plus negated account type."
"F298","Find users where MFA is disabled and role is Administrator.","catalog.IndexSet(""users"").Where(""mfaEnabled"").AsBoolean.EqualTo(false).AND.Where(""role"").AsString.EqualTo(""Administrator"").EndCondition","store.Where.PropPath("".MfaEnabled"").AsBoolean.EqualTo(false).AND.PropPath("".Role"").AsString.EqualTo(""Administrator"").EndCondition","5","AI-authored: MFA disabled is modeled as mfaEnabled false plus role equality."
"F299","Find users where country is ""US"" and state is one of ""AZ"", ""CA"", or ""NV"".","catalog.IndexSet(""users"").Where(""country"").AsString.EqualTo(""US"").AND.Where(""state"").AsString.InSet(new[] { ""AZ"", ""CA"", ""NV"" }).EndCondition","store.Where.PropPath("".Country"").AsString.EqualTo(""US"").AND.PropPath("".State"").AsString.InSet(new[] { ""AZ"", ""CA"", ""NV"" }).EndCondition","5","AI-authored: country equality plus state membership."
"F300","Find users where country is not ""US"" and email is verified.","catalog.IndexSet(""users"").Where(""country"").Not.AsString.EqualTo(""US"").AND.Where(""emailVerified"").AsBoolean.EqualTo(true).EndCondition","store.Where.Not.PropPath("".Country"").AsString.EqualTo(""US"").AND.PropPath("".EmailVerified"").AsBoolean.EqualTo(true).EndCondition","5","AI-authored: non-US country plus verified email flag."
"F301","Find orders where tenant id equals a GUID and order number starts with ""ORD-"".","catalog.IndexSet(""orders"").Where(""tenantId"").AsGuid.EqualTo(tenantId).AND.Where(""orderNumber"").AsString.StartsWith(""ORD-"").EndCondition","store.Where.PropPath("".TenantId"").AsGuid.EqualTo(tenantId).AND.PropPath("".OrderNumber"").AsString.StartsWith(""ORD-"").EndCondition","5","AI-authored: Guid equality plus order-number prefix."
"F302","Find orders where customer id equals a GUID and order date is this month.","catalog.IndexSet(""orders"").Where(""customerId"").AsGuid.EqualTo(customerId).AND.Where(""orderDate"").AsDate.YearMonth(currentYear, currentMonth).EndCondition","store.Where.PropPath("".CustomerId"").AsGuid.EqualTo(customerId).AND.PropPath("".OrderDate"").AsDate.YearMonth(currentYear, currentMonth).EndCondition","5","AI-authored: customer Guid plus current month date component."
"F303","Find orders where status is Open and total cents is greater than 10000.","catalog.IndexSet(""orders"").Where(""status"").AsString.EqualTo(""Open"").AND.Where(""totalCents"").AsInt64.GreaterThan(10000L).EndCondition","store.Where.PropPath("".Status"").AsString.EqualTo(""Open"").AND.PropPath("".TotalCents"").AsInt64.GreaterThan(10000L).EndCondition","5","AI-authored: status equality plus numeric threshold."
"F304","Find orders where status is Cancelled and refund cents is zero.","catalog.IndexSet(""orders"").Where(""status"").AsString.EqualTo(""Cancelled"").AND.Where(""refundCents"").AsInt64.EqualTo(0L).EndCondition","store.Where.PropPath("".Status"").AsString.EqualTo(""Cancelled"").AND.PropPath("".RefundCents"").AsInt64.EqualTo(0L).EndCondition","5","AI-authored: status equality plus refund zero."
"F305","Find orders where status is Shipped and shipped date is missing.","catalog.IndexSet(""orders"").Where(""status"").AsString.EqualTo(""Shipped"").AND.Where(""shippedDate"").AsDate.EqualTo(ScalarNull.Null).EndCondition","store.Where.PropPath("".Status"").AsString.EqualTo(""Shipped"").AND.PropPath("".ShippedDate"").AsDate.EqualTo(null).EndCondition","5","AI-authored: shipped status plus stored scalar-null shipped date."
"F306","Find orders where placed date is before shipped date and shipped date is before delivered date.","catalog.IndexSet(""orders"").External(id => PlacedDate(id) < ShippedDate(id) && ShippedDate(id) < DeliveredDate(id)).EndCondition","store.Where.External(id => PlacedDate(id) < ShippedDate(id) && ShippedDate(id) < DeliveredDate(id)).EndCondition","5","AI-authored: chained lifecycle ordering is self-relative row logic; dev code should use date indexes to narrow candidates, then External or a maintained lifecycle-valid projection for the final comparison."
"F307","Find orders where total cents is greater than 5000 and discount percent is greater than 0.","catalog.IndexSet(""orders"").Where(""totalCents"").AsInt64.GreaterThan(5000L).AND.Where(""discountPercent"").AsInt64.GreaterThan(0L).EndCondition","store.Where.PropPath("".TotalCents"").AsInt64.GreaterThan(5000L).AND.PropPath("".DiscountPercent"").AsInt64.GreaterThan(0L).EndCondition","5","AI-authored: two numeric thresholds joined by AND."
"F308","Find orders where total cents is between 1000 and 5000 or customer tier is VIP.","catalog.IndexSet(""orders"").Where(""totalCents"").AsInt64.Between(1000L, 5000L).OR.Where(""customerTier"").AsString.EqualTo(""VIP"").EndCondition","store.Where.PropPath("".TotalCents"").AsInt64.Between(1000L, 5000L).OR.PropPath("".CustomerTier"").AsString.EqualTo(""VIP"").EndCondition","5","AI-authored: either amount range or VIP tier."
"F309","Find orders where order number contains ""RMA"" and status is not Closed.","catalog.IndexSet(""orders"").Where(""orderNumber"").AsString.Contains(""RMA"").AND.Not.Where(""status"").AsString.EqualTo(""Closed"").EndCondition","store.Where.PropPath("".OrderNumber"").AsString.Contains(""RMA"").AND.Not.PropPath("".Status"").AsString.EqualTo(""Closed"").EndCondition","5","AI-authored: order-number containment plus negated status."
"F310","Find orders where billing postal code starts with ""85"" and country equals ""US"".","catalog.IndexSet(""orders"").Where(""billingPostalCode"").AsString.StartsWith(""85"").AND.Where(""country"").AsString.EqualTo(""US"").EndCondition","store.Where.PropPath("".BillingPostalCode"").AsString.StartsWith(""85"").AND.PropPath("".Country"").AsString.EqualTo(""US"").EndCondition","5","AI-authored: postal prefix plus country equality."
"F311","Find invoices where balance due is greater than zero and due date is overdue.","catalog.IndexSet(""invoices"").Where(""balanceDue"").AsInt64.GreaterThan(0L).AND.Where(""dueDate"").AsDate.LessThan(now).EndCondition","store.Where.PropPath("".BalanceDue"").AsInt64.GreaterThan(0L).AND.PropPath("".DueDate"").AsDate.LessThan(now).EndCondition","5","AI-authored: positive balance plus overdue due date."
"F312","Find invoices where balance due is zero and paid date is present.","catalog.IndexSet(""invoices"").Where(""balanceDue"").AsInt64.EqualTo(0L).AND.Where(""paidDate"").AsDate.EqualTo(ScalarNull.NonNull).EndCondition","store.Where.PropPath("".BalanceDue"").AsInt64.EqualTo(0L).AND.PropPath("".PaidDate"").AsDate.EqualTo(notNull).EndCondition","5","AI-authored: zero balance plus non-null paid date."
"F313","Find invoices where due date is in the next 7 days and status is Open.","catalog.IndexSet(""invoices"").Where(""dueDate"").AsDate.Between(today, today.AddDays(7)).AND.Where(""status"").AsString.EqualTo(""Open"").EndCondition","store.Where.PropPath("".DueDate"").AsDate.Between(today, today.AddDays(7)).AND.PropPath("".Status"").AsString.EqualTo(""Open"").EndCondition","5","AI-authored: due-date window plus status."
"F314","Find invoices where customer id is in a provided customer set and invoice date is last month.","catalog.IndexSet(""invoices"").Where(""customerId"").AsGuid.InSet(customerIds).AND.Where(""invoiceDate"").AsDate.YearMonth(lastMonthYear, lastMonth).EndCondition","store.Where.PropPath("".CustomerId"").AsGuid.InSet(customerIds).AND.PropPath("".InvoiceDate"").AsDate.YearMonth(lastMonthYear, lastMonth).EndCondition","5","AI-authored: customer set plus last-month component range."
"F315","Find invoices where tax code equals ""AZ"" and total cents exceeds a threshold.","catalog.IndexSet(""invoices"").Where(""taxCode"").AsString.EqualTo(""AZ"").AND.Where(""totalCents"").AsInt64.GreaterThan(threshold).EndCondition","store.Where.PropPath("".TaxCode"").AsString.EqualTo(""AZ"").AND.PropPath("".TotalCents"").AsInt64.GreaterThan(threshold).EndCondition","5","AI-authored: tax code equality plus runtime threshold."
"F316","Find tickets where status is Open and priority is High.","catalog.IndexSet(""tickets"").Where(""status"").AsString.EqualTo(""Open"").AND.Where(""priority"").AsString.EqualTo(""High"").EndCondition","store.Where.PropPath("".Status"").AsString.EqualTo(""Open"").AND.PropPath("".Priority"").AsString.EqualTo(""High"").EndCondition","5","AI-authored: status and priority equality."
"F317","Find tickets where status is Open and subject contains ""outage"".","catalog.IndexSet(""tickets"").Where(""status"").AsString.EqualTo(""Open"").AND.Where(""subject"").AsString.Contains(""outage"").EndCondition","store.Where.PropPath("".Status"").AsString.EqualTo(""Open"").AND.PropPath("".Subject"").AsString.Contains(""outage"").EndCondition","5","AI-authored: status equality plus subject containment."
"F318","Find tickets where status is Open or status is Reopened.","catalog.IndexSet(""tickets"").Where(""status"").AsString.InSet(new[] { ""Open"", ""Reopened"" }).EndCondition","store.Where.PropPath("".Status"").AsString.InSet(new[] { ""Open"", ""Reopened"" }).EndCondition","5","AI-authored: same-key status OR uses InSet."
"F319","Find tickets where priority is High and assigned team is missing.","catalog.IndexSet(""tickets"").Where(""priority"").AsString.EqualTo(""High"").AND.Where(""assignedTeam"").AsString.EqualTo(NullKey.Null).EndCondition","store.Where.PropPath("".Priority"").AsString.EqualTo(""High"").AND.PropPath("".AssignedTeam"").AsString.EqualTo(null).EndCondition","5","AI-authored: priority equality plus stored null assigned team."
"F320","Find tickets where assigned agent equals ""jsmith"" and status is not Closed.","catalog.IndexSet(""tickets"").Where(""assignedAgent"").AsString.EqualTo(""jsmith"").AND.Not.Where(""status"").AsString.EqualTo(""Closed"").EndCondition","store.Where.PropPath("".AssignedAgent"").AsString.EqualTo(""jsmith"").AND.Not.PropPath("".Status"").AsString.EqualTo(""Closed"").EndCondition","5","AI-authored: assigned agent plus negated status."
"F321","Find tickets where created date is today and priority is Critical.","catalog.IndexSet(""tickets"").Where(""createdDate"").AsDate.IsToday().AND.Where(""priority"").AsString.EqualTo(""Critical"").EndCondition","store.Where.PropPath("".CreatedDate"").AsDate.IsToday().AND.PropPath("".Priority"").AsString.EqualTo(""Critical"").EndCondition","5","AI-authored: today helper plus priority equality."
"F322","Find tickets where updated date is older than 3 days and status is Waiting.","catalog.IndexSet(""tickets"").Where(""updatedDate"").AsDate.LessThan(now.AddDays(-3)).AND.Where(""status"").AsString.EqualTo(""Waiting"").EndCondition","store.Where.PropPath("".UpdatedDate"").AsDate.LessThan(now.AddDays(-3)).AND.PropPath("".Status"").AsString.EqualTo(""Waiting"").EndCondition","5","AI-authored: stale update cutoff plus status."
"F323","Find tickets where subject contains ""password"" and category equals ""Access"".","catalog.IndexSet(""tickets"").Where(""subject"").AsString.Contains(""password"").AND.Where(""category"").AsString.EqualTo(""Access"").EndCondition","store.Where.PropPath("".Subject"").AsString.Contains(""password"").AND.PropPath("".Category"").AsString.EqualTo(""Access"").EndCondition","5","AI-authored: subject containment plus category equality."
"F324","Find tickets where category equals ""Billing"" and customer tier is VIP.","catalog.IndexSet(""tickets"").Where(""category"").AsString.EqualTo(""Billing"").AND.Where(""customerTier"").AsString.EqualTo(""VIP"").EndCondition","store.Where.PropPath("".Category"").AsString.EqualTo(""Billing"").AND.PropPath("".CustomerTier"").AsString.EqualTo(""VIP"").EndCondition","5","AI-authored: category and tier equality."
"F325","Find tickets where SLA breach flag is set and status is not Closed.","catalog.IndexSet(""tickets"").Where(""slaBreach"").AsBoolean.EqualTo(true).AND.Not.Where(""status"").AsString.EqualTo(""Closed"").EndCondition","store.Where.PropPath("".SlaBreach"").AsBoolean.EqualTo(true).AND.Not.PropPath("".Status"").AsString.EqualTo(""Closed"").EndCondition","5","AI-authored: breach flag plus non-closed status."
"F326","Find products where category equals ""Hardware"" and price cents is under 5000.","catalog.IndexSet(""products"").Where(""category"").AsString.EqualTo(""Hardware"").AND.Where(""priceCents"").AsInt64.LessThan(5000L).EndCondition","store.Where.PropPath("".Category"").AsString.EqualTo(""Hardware"").AND.PropPath("".PriceCents"").AsInt64.LessThan(5000L).EndCondition","5","AI-authored: category equality plus price upper bound."
"F327","Find products where category equals ""Software"" and license type is Subscription.","catalog.IndexSet(""products"").Where(""category"").AsString.EqualTo(""Software"").AND.Where(""licenseType"").AsString.EqualTo(""Subscription"").EndCondition","store.Where.PropPath("".Category"").AsString.EqualTo(""Software"").AND.PropPath("".LicenseType"").AsString.EqualTo(""Subscription"").EndCondition","5","AI-authored: two product string equalities."
"F328","Find products where name contains ""pro"" and active is true.","catalog.IndexSet(""products"").Where(""name"").AsString.Contains(""pro"").AND.Where(""active"").AsBoolean.EqualTo(true).EndCondition","store.Where.PropPath("".Name"").AsString.Contains(""pro"").AND.PropPath("".Active"").AsBoolean.EqualTo(true).EndCondition","5","AI-authored: product-name containment plus active flag."
"F329","Find products where SKU starts with ""KIT"" and quantity on hand is greater than zero.","catalog.IndexSet(""products"").Where(""sku"").AsString.StartsWith(""KIT"").AND.Where(""quantityOnHand"").AsInt64.GreaterThan(0L).EndCondition","store.Where.PropPath("".Sku"").AsString.StartsWith(""KIT"").AND.PropPath("".QuantityOnHand"").AsInt64.GreaterThan(0L).EndCondition","5","AI-authored: SKU prefix plus positive quantity."
"F330","Find products where discontinued is false and replacement SKU is missing.","catalog.IndexSet(""products"").Where(""discontinued"").AsBoolean.EqualTo(false).AND.Where(""replacementSku"").AsString.EqualTo(NullKey.Null).EndCondition","store.Where.PropPath("".Discontinued"").AsBoolean.EqualTo(false).AND.PropPath("".ReplacementSku"").AsString.EqualTo(null).EndCondition","5","AI-authored: not discontinued plus stored null replacement SKU."
"F331","Find products where price cents is between 1000 and 2000 and rating is at least 4.","catalog.IndexSet(""products"").Where(""priceCents"").AsInt64.Between(1000L, 2000L).AND.Where(""rating"").AsInt64.GreaterOrEqual(4L).EndCondition","store.Where.PropPath("".PriceCents"").AsInt64.Between(1000L, 2000L).AND.PropPath("".Rating"").AsInt64.GreaterOrEqual(4L).EndCondition","5","AI-authored: price range plus rating lower bound."
"F332","Find products where supplier id is in a preferred supplier list and active is true.","catalog.IndexSet(""products"").Where(""supplierId"").AsGuid.InSet(preferredSupplierIds).AND.Where(""active"").AsBoolean.EqualTo(true).EndCondition","store.Where.PropPath("".SupplierId"").AsGuid.InSet(preferredSupplierIds).AND.PropPath("".Active"").AsBoolean.EqualTo(true).EndCondition","5","AI-authored: supplier Guid set plus active flag."
"F333","Find products where hazardous flag is set and shipping class is not GroundOnly.","catalog.IndexSet(""products"").Where(""hazardous"").AsBoolean.EqualTo(true).AND.Not.Where(""shippingClass"").AsString.EqualTo(""GroundOnly"").EndCondition","store.Where.PropPath("".Hazardous"").AsBoolean.EqualTo(true).AND.Not.PropPath("".ShippingClass"").AsString.EqualTo(""GroundOnly"").EndCondition","5","AI-authored: hazardous flag plus negated shipping class."
"F334","Find products where serial tracking is required and quantity on hand is greater than 0.","catalog.IndexSet(""products"").Where(""serialTrackingRequired"").AsBoolean.EqualTo(true).AND.Where(""quantityOnHand"").AsInt64.GreaterThan(0L).EndCondition","store.Where.PropPath("".SerialTrackingRequired"").AsBoolean.EqualTo(true).AND.PropPath("".QuantityOnHand"").AsInt64.GreaterThan(0L).EndCondition","5","AI-authored: required flag plus positive quantity."
"F335","Find products where product name ends with ""bundle"" and category equals ""Services"".","catalog.IndexSet(""products"").Where(""productName"").AsString.EndsWith(""bundle"").AND.Where(""category"").AsString.EqualTo(""Services"").EndCondition","store.Where.PropPath("".ProductName"").AsString.EndsWith(""bundle"").AND.PropPath("".Category"").AsString.EqualTo(""Services"").EndCondition","5","AI-authored: product-name suffix plus category."
"F336","Find documents where owner id equals a GUID and deleted flag is false.","catalog.IndexSet(""documents"").Where(""ownerId"").AsGuid.EqualTo(ownerId).AND.Where(""deleted"").AsBoolean.EqualTo(false).EndCondition","store.Where.PropPath("".OwnerId"").AsGuid.EqualTo(ownerId).AND.PropPath("".Deleted"").AsBoolean.EqualTo(false).EndCondition","5","AI-authored: owner Guid plus deleted false."
"F337","Find documents where folder id equals a GUID and file name ends with "".pdf"".","catalog.IndexSet(""documents"").Where(""folderId"").AsGuid.EqualTo(folderId).AND.Where(""fileName"").AsString.EndsWith("".pdf"").EndCondition","store.Where.PropPath("".FolderId"").AsGuid.EqualTo(folderId).AND.PropPath("".FileName"").AsString.EndsWith("".pdf"").EndCondition","5","AI-authored: folder Guid plus file suffix."
"F338","Find documents where classification is Confidential and retention date is in the future.","catalog.IndexSet(""documents"").Where(""classification"").AsString.EqualTo(""Confidential"").AND.Where(""retentionDate"").AsDate.GreaterThan(now).EndCondition","store.Where.PropPath("".Classification"").AsString.EqualTo(""Confidential"").AND.PropPath("".RetentionDate"").AsDate.GreaterThan(now).EndCondition","5","AI-authored: classification plus future retention date."
"F339","Find documents where classification is Public and approval status is Approved.","catalog.IndexSet(""documents"").Where(""classification"").AsString.EqualTo(""Public"").AND.Where(""approvalStatus"").AsString.EqualTo(""Approved"").EndCondition","store.Where.PropPath("".Classification"").AsString.EqualTo(""Public"").AND.PropPath("".ApprovalStatus"").AsString.EqualTo(""Approved"").EndCondition","5","AI-authored: two document string equalities."
"F340","Find documents where title contains ""contract"" and effective date is before today.","catalog.IndexSet(""documents"").Where(""title"").AsString.Contains(""contract"").AND.Where(""effectiveDate"").AsDate.LessThan(today).EndCondition","store.Where.PropPath("".Title"").AsString.Contains(""contract"").AND.PropPath("".EffectiveDate"").AsDate.LessThan(today).EndCondition","5","AI-authored: title containment plus effective-date cutoff."
"F341","Find documents where expiration date is overdue and archived is false.","catalog.IndexSet(""documents"").Where(""expirationDate"").AsDate.LessThan(now).AND.Where(""archived"").AsBoolean.EqualTo(false).EndCondition","store.Where.PropPath("".ExpirationDate"").AsDate.LessThan(now).AND.PropPath("".Archived"").AsBoolean.EqualTo(false).EndCondition","5","AI-authored: overdue expiration plus archived false."
"F342","Find documents where tag contains ""legal"" and status is Active.","catalog.IndexSet(""documents"").Where(""tag"").AsString.Contains(""legal"").AND.Where(""status"").AsString.EqualTo(""Active"").EndCondition","store.Where.PropPath("".Tag"").AsString.Contains(""legal"").AND.PropPath("".Status"").AsString.EqualTo(""Active"").EndCondition","5","AI-authored: tag containment plus status equality."
"F343","Find documents where file size bytes is greater than 100 MB and extension equals ""zip"".","catalog.IndexSet(""documents"").Where(""fileSizeBytes"").AsInt64.GreaterThan(100L * 1024L * 1024L).AND.Where(""extension"").AsString.EqualTo(""zip"").EndCondition","store.Where.PropPath("".FileSizeBytes"").AsInt64.GreaterThan(100L * 1024L * 1024L).AND.PropPath("".Extension"").AsString.EqualTo(""zip"").EndCondition","5","AI-authored: file-size threshold plus extension equality."
"F344","Find documents where checksum starts with a byte prefix and file size is nonzero.","catalog.IndexSet(""documents"").Where(""checksum"").AsBinary.StartsWith(prefixBytes).AND.Not.Where(""fileSizeBytes"").AsInt64.EqualTo(0L).EndCondition","store.Where.PropPath("".Checksum"").AsBinary.StartsWith(prefixBytes).AND.Not.PropPath("".FileSizeBytes"").AsInt64.EqualTo(0L).EndCondition","5","AI-authored: binary checksum prefix plus nonzero size."
"F345","Find documents where owner id is in the team member list and visibility is Team.","catalog.IndexSet(""documents"").Where(""ownerId"").AsGuid.InSet(teamMemberIds).AND.Where(""visibility"").AsString.EqualTo(""Team"").EndCondition","store.Where.PropPath("".OwnerId"").AsGuid.InSet(teamMemberIds).AND.PropPath("".Visibility"").AsString.EqualTo(""Team"").EndCondition","5","AI-authored: owner set plus visibility equality."
"F346","Find logs where severity is Error and timestamp is in the last hour.","catalog.IndexSet(""logs"").Where(""severity"").AsString.EqualTo(""Error"").AND.Where(""timestamp"").AsDate.IsInLastHours(1).EndCondition","store.Where.PropPath("".Severity"").AsString.EqualTo(""Error"").AND.PropPath("".Timestamp"").AsDate.IsInLastHours(1).EndCondition","5","AI-authored: severity equality plus rolling-hour timestamp."
"F347","Find logs where severity is Error or Critical and message contains ""timeout"".","catalog.IndexSet(""logs"").Where(""severity"").AsString.InSet(new[] { ""Error"", ""Critical"" }).AND.Where(""message"").AsString.Contains(""timeout"").EndCondition","store.Where.PropPath("".Severity"").AsString.InSet(new[] { ""Error"", ""Critical"" }).AND.PropPath("".Message"").AsString.Contains(""timeout"").EndCondition","5","AI-authored: severity alternatives plus message containment."
"F348","Find logs where service name equals ""api"" and status code is at least 500.","catalog.IndexSet(""logs"").Where(""serviceName"").AsString.EqualTo(""api"").AND.Where(""statusCode"").AsInt64.GreaterOrEqual(500L).EndCondition","store.Where.PropPath("".ServiceName"").AsString.EqualTo(""api"").AND.PropPath("".StatusCode"").AsInt64.GreaterOrEqual(500L).EndCondition","5","AI-authored: service equality plus status-code threshold."
"F349","Find logs where status code is between 400 and 499 and path starts with ""/admin"".","catalog.IndexSet(""logs"").Where(""statusCode"").AsInt64.Between(400L, 499L).AND.Where(""path"").AsString.StartsWith(""/admin"").EndCondition","store.Where.PropPath("".StatusCode"").AsInt64.Between(400L, 499L).AND.PropPath("".Path"").AsString.StartsWith(""/admin"").EndCondition","5","AI-authored: status-code range plus path prefix."
"F350","Find logs where correlation id equals a GUID and timestamp is after a checkpoint.","catalog.IndexSet(""logs"").Where(""correlationId"").AsGuid.EqualTo(correlationId).AND.Where(""timestamp"").AsDate.GreaterThan(checkpoint).EndCondition","store.Where.PropPath("".CorrelationId"").AsGuid.EqualTo(correlationId).AND.PropPath("".Timestamp"").AsDate.GreaterThan(checkpoint).EndCondition","5","AI-authored: Guid equality plus timestamp checkpoint."
"F351","Find logs where tenant id equals a GUID and message contains ""quota"".","catalog.IndexSet(""logs"").Where(""tenantId"").AsGuid.EqualTo(tenantId).AND.Where(""message"").AsString.Contains(""quota"").EndCondition","store.Where.PropPath("".TenantId"").AsGuid.EqualTo(tenantId).AND.PropPath("".Message"").AsString.Contains(""quota"").EndCondition","5","AI-authored: tenant Guid plus message containment."
"F352","Find logs where environment equals Production and severity is not Info.","catalog.IndexSet(""logs"").Where(""environment"").AsString.EqualTo(""Production"").AND.Not.Where(""severity"").AsString.EqualTo(""Info"").EndCondition","store.Where.PropPath("".Environment"").AsString.EqualTo(""Production"").AND.Not.PropPath("".Severity"").AsString.EqualTo(""Info"").EndCondition","5","AI-authored: environment equality plus negated severity."
"F353","Find logs where message contains ""retry"" and retry count is greater than 3.","catalog.IndexSet(""logs"").Where(""message"").AsString.Contains(""retry"").AND.Where(""retryCount"").AsInt64.GreaterThan(3L).EndCondition","store.Where.PropPath("".Message"").AsString.Contains(""retry"").AND.PropPath("".RetryCount"").AsInt64.GreaterThan(3L).EndCondition","5","AI-authored: message containment plus retry threshold."
"F354","Find logs where host name starts with ""web-"" and CPU percent is over 90.","catalog.IndexSet(""logs"").Where(""hostName"").AsString.StartsWith(""web-"").AND.Where(""cpuPercent"").AsInt64.GreaterThan(90L).EndCondition","store.Where.PropPath("".HostName"").AsString.StartsWith(""web-"").AND.PropPath("".CpuPercent"").AsInt64.GreaterThan(90L).EndCondition","5","AI-authored: host prefix plus CPU threshold."
"F355","Find logs where error code is in a known error-code set and resolved flag is false.","catalog.IndexSet(""logs"").Where(""errorCode"").AsString.InSet(knownErrorCodes).AND.Where(""resolved"").AsBoolean.EqualTo(false).EndCondition","store.Where.PropPath("".ErrorCode"").AsString.InSet(knownErrorCodes).AND.PropPath("".Resolved"").AsBoolean.EqualTo(false).EndCondition","5","AI-authored: error-code set plus unresolved flag."
"F356","Find sessions where user id equals a GUID and expiration is after now.","catalog.IndexSet(""sessions"").Where(""userId"").AsGuid.EqualTo(userId).AND.Where(""expiration"").AsDate.GreaterThan(now).EndCondition","store.Where.PropPath("".UserId"").AsGuid.EqualTo(userId).AND.PropPath("".Expiration"").AsDate.GreaterThan(now).EndCondition","5","AI-authored: user Guid plus future expiration."
"F357","Find sessions where tenant id equals a GUID and last activity is within the last hour.","catalog.IndexSet(""sessions"").Where(""tenantId"").AsGuid.EqualTo(tenantId).AND.Where(""lastActivity"").AsDate.IsInLastHours(1).EndCondition","store.Where.PropPath("".TenantId"").AsGuid.EqualTo(tenantId).AND.PropPath("".LastActivity"").AsDate.IsInLastHours(1).EndCondition","5","AI-authored: tenant Guid plus recent activity."
"F358","Find sessions where device id equals a GUID and revoked flag is false.","catalog.IndexSet(""sessions"").Where(""deviceId"").AsGuid.EqualTo(deviceId).AND.Where(""revoked"").AsBoolean.EqualTo(false).EndCondition","store.Where.PropPath("".DeviceId"").AsGuid.EqualTo(deviceId).AND.PropPath("".Revoked"").AsBoolean.EqualTo(false).EndCondition","5","AI-authored: device Guid plus revoked false."
"F359","Find sessions where IP country is not ""US"" and risk score is high.","catalog.IndexSet(""sessions"").Where(""ipCountry"").Not.AsString.EqualTo(""US"").AND.Where(""riskScore"").AsString.EqualTo(""High"").EndCondition","store.Where.Not.PropPath("".IpCountry"").AsString.EqualTo(""US"").AND.PropPath("".RiskScore"").AsString.EqualTo(""High"").EndCondition","5","AI-authored: non-US country plus high risk bucket."
"F360","Find sessions where user agent contains ""bot"" and trusted flag is false.","catalog.IndexSet(""sessions"").Where(""userAgent"").AsString.Contains(""bot"").AND.Where(""trusted"").AsBoolean.EqualTo(false).EndCondition","store.Where.PropPath("".UserAgent"").AsString.Contains(""bot"").AND.PropPath("".Trusted"").AsBoolean.EqualTo(false).EndCondition","5","AI-authored: user-agent containment plus trusted false."
"F361","Find assets where tenant id equals a GUID and asset type equals Server.","catalog.IndexSet(""assets"").Where(""tenantId"").AsGuid.EqualTo(tenantId).AND.Where(""assetType"").AsString.EqualTo(""Server"").EndCondition","store.Where.PropPath("".TenantId"").AsGuid.EqualTo(tenantId).AND.PropPath("".AssetType"").AsString.EqualTo(""Server"").EndCondition","5","AI-authored: tenant Guid plus asset type."
"F362","Find assets where hostname starts with ""db-"" and environment equals Production.","catalog.IndexSet(""assets"").Where(""hostname"").AsString.StartsWith(""db-"").AND.Where(""environment"").AsString.EqualTo(""Production"").EndCondition","store.Where.PropPath("".Hostname"").AsString.StartsWith(""db-"").AND.PropPath("".Environment"").AsString.EqualTo(""Production"").EndCondition","5","AI-authored: hostname prefix plus environment."
"F363","Find assets where operating system contains ""Windows"" and patch level is older than 30 days.","catalog.IndexSet(""assets"").Where(""operatingSystem"").AsString.Contains(""Windows"").AND.Where(""patchDate"").AsDate.LessThan(now.AddDays(-30)).EndCondition","store.Where.PropPath("".OperatingSystem"").AsString.Contains(""Windows"").AND.PropPath("".PatchDate"").AsDate.LessThan(now.AddDays(-30)).EndCondition","5","AI-authored: OS containment plus patch-age cutoff."
"F364","Find assets where criticality is High and owner team is missing.","catalog.IndexSet(""assets"").Where(""criticality"").AsString.EqualTo(""High"").AND.Where(""ownerTeam"").AsString.EqualTo(NullKey.Null).EndCondition","store.Where.PropPath("".Criticality"").AsString.EqualTo(""High"").AND.PropPath("".OwnerTeam"").AsString.EqualTo(null).EndCondition","5","AI-authored: criticality equality plus stored null owner team."
"F365","Find assets where last scan date is older than 7 days and active is true.","catalog.IndexSet(""assets"").Where(""lastScanDate"").AsDate.LessThan(now.AddDays(-7)).AND.Where(""active"").AsBoolean.EqualTo(true).EndCondition","store.Where.PropPath("".LastScanDate"").AsDate.LessThan(now.AddDays(-7)).AND.PropPath("".Active"").AsBoolean.EqualTo(true).EndCondition","5","AI-authored: stale scan cutoff plus active flag."
"F366","Find alerts where severity is Critical and acknowledged is false.","catalog.IndexSet(""alerts"").Where(""severity"").AsString.EqualTo(""Critical"").AND.Where(""acknowledged"").AsBoolean.EqualTo(false).EndCondition","store.Where.PropPath("".Severity"").AsString.EqualTo(""Critical"").AND.PropPath("".Acknowledged"").AsBoolean.EqualTo(false).EndCondition","5","AI-authored: severity plus unacknowledged flag."
"F367","Find alerts where severity is High and created date is today.","catalog.IndexSet(""alerts"").Where(""severity"").AsString.EqualTo(""High"").AND.Where(""createdDate"").AsDate.IsToday().EndCondition","store.Where.PropPath("".Severity"").AsString.EqualTo(""High"").AND.PropPath("".CreatedDate"").AsDate.IsToday().EndCondition","5","AI-authored: severity plus today helper."
"F368","Find alerts where source system equals ""monitoring"" and duplicate count is greater than 1.","catalog.IndexSet(""alerts"").Where(""sourceSystem"").AsString.EqualTo(""monitoring"").AND.Where(""duplicateCount"").AsInt64.GreaterThan(1L).EndCondition","store.Where.PropPath("".SourceSystem"").AsString.EqualTo(""monitoring"").AND.PropPath("".DuplicateCount"").AsInt64.GreaterThan(1L).EndCondition","5","AI-authored: source system plus duplicate threshold."
"F369","Find alerts where title contains ""disk"" and host name starts with ""db-"".","catalog.IndexSet(""alerts"").Where(""title"").AsString.Contains(""disk"").AND.Where(""hostName"").AsString.StartsWith(""db-"").EndCondition","store.Where.PropPath("".Title"").AsString.Contains(""disk"").AND.PropPath("".HostName"").AsString.StartsWith(""db-"").EndCondition","5","AI-authored: title containment plus host prefix."
"F370","Find alerts where rule id equals a GUID and status is Open.","catalog.IndexSet(""alerts"").Where(""ruleId"").AsGuid.EqualTo(ruleId).AND.Where(""status"").AsString.EqualTo(""Open"").EndCondition","store.Where.PropPath("".RuleId"").AsGuid.EqualTo(ruleId).AND.PropPath("".Status"").AsString.EqualTo(""Open"").EndCondition","5","AI-authored: rule Guid plus status."
"F371","Find composite person-name keys where first name equals ""John"" and last name equals ""Smith"".","catalog.IndexSet(""personNameKeys"").CompositeWhere(""personName"").KeyPart(""firstName"").AsString.EqualTo(""John"").And.KeyPart(""lastName"").AsString.EqualTo(""Smith"").EndCondition","store.Where.PropPath("".FirstName"").AsString.EqualTo(""John"").AND.PropPath("".LastName"").AsString.EqualTo(""Smith"").EndCondition","5","AI-authored: composite key parts are addressed with KeyPart."
"F372","Find composite person-name keys where last name starts with ""Sm"" and first name starts with ""Jo"".","catalog.IndexSet(""personNameKeys"").CompositeWhere(""personName"").KeyPart(""lastName"").AsString.StartsWith(""Sm"").And.KeyPart(""firstName"").AsString.StartsWith(""Jo"").EndCondition","store.Where.PropPath("".LastName"").AsString.StartsWith(""Sm"").AND.PropPath("".FirstName"").AsString.StartsWith(""Jo"").EndCondition","5","AI-authored: prefix predicates on named composite parts."
"F373","Find composite person-name keys where the full name contains ""Smith Jo"" with a space separator.","catalog.IndexSet(""personNameKeys"").CompositeWhere(""personName"").FullKey("" "").AsString.Contains(""Smith Jo"").EndCondition","store.Where.PropPath("".FullNameKey"").AsString.Contains(""Smith Jo"").EndCondition","5","AI-authored: rendered full-key text uses FullKey with the space delimiter."
"F374","Find composite person-name keys where the full key starts with ""Smith"" when rendered last-name first.","catalog.IndexSet(""personNameKeys"").CompositeWhere(""personName"").FullKey("" "").AsString.StartsWith(""Smith"").EndCondition","store.Where.PropPath("".FullNameKey"").AsString.StartsWith(""Smith"").EndCondition","5","AI-authored: rendered last-name-first key uses FullKey prefix matching."
"F375","Find composite person-name keys where the middle-name part is missing.","catalog.IndexSet(""personNameKeys"").CompositeWhere(""personName"").KeyPart(""middleName"").AsString.EqualTo(NullKey.Null).EndCondition","store.Where.PropPath("".MiddleName"").AsString.EqualTo(null).EndCondition","5","AI-authored: missing composite part maps to the part null key."
"F376","Find composite address keys where country equals ""US"" and state equals ""AZ"".","catalog.IndexSet(""addressKeys"").CompositeWhere(""address"").KeyPart(""country"").AsString.EqualTo(""US"").And.KeyPart(""state"").AsString.EqualTo(""AZ"").EndCondition","store.Where.PropPath("".Country"").AsString.EqualTo(""US"").AND.PropPath("".State"").AsString.EqualTo(""AZ"").EndCondition","5","AI-authored: composite address parts addressed by KeyPart."
"F377","Find composite address keys where country equals ""US"" and postal code starts with ""85"".","catalog.IndexSet(""addressKeys"").CompositeWhere(""address"").KeyPart(""country"").AsString.EqualTo(""US"").And.KeyPart(""postalCode"").AsString.StartsWith(""85"").EndCondition","store.Where.PropPath("".Country"").AsString.EqualTo(""US"").AND.PropPath("".PostalCode"").AsString.StartsWith(""85"").EndCondition","5","AI-authored: country part equality plus postal-code part prefix."
"F378","Find composite address keys where city equals ""Phoenix"" and street name contains ""Central"".","catalog.IndexSet(""addressKeys"").CompositeWhere(""address"").KeyPart(""city"").AsString.EqualTo(""Phoenix"").And.KeyPart(""streetName"").AsString.Contains(""Central"").EndCondition","store.Where.PropPath("".City"").AsString.EqualTo(""Phoenix"").AND.PropPath("".StreetName"").AsString.Contains(""Central"").EndCondition","5","AI-authored: city and street composite parts."
"F379","Find composite address keys where the full address contains ""Phoenix AZ"".","catalog.IndexSet(""addressKeys"").CompositeWhere(""address"").FullKey("" "").AsString.Contains(""Phoenix AZ"").EndCondition","store.Where.PropPath("".FullAddressKey"").AsString.Contains(""Phoenix AZ"").EndCondition","5","AI-authored: rendered address text asks for FullKey containment."
"F380","Find composite address keys where country is not ""US"" and city starts with ""San"".","catalog.IndexSet(""addressKeys"").CompositeWhere(""address"").KeyPart(""country"").AsString.NotEqualTo(""US"").And.KeyPart(""city"").AsString.StartsWith(""San"").EndCondition","store.Where.PropPath("".Country"").AsString.NotEqualTo(""US"").AND.PropPath("".City"").AsString.StartsWith(""San"").EndCondition","5","AI-authored: composite string KeyPart now supports NotEqualTo, so country exclusion plus city prefix stays in the composite-part grammar."
"F381","Find composite tenant-user keys where tenant id equals a GUID and username equals ""jsmith"".","catalog.IndexSet(""tenantUserKeys"").CompositeWhere(""tenantUser"").KeyPart(""tenantId"").AsGuid.EqualTo(tenantId).And.KeyPart(""username"").AsString.EqualTo(""jsmith"").EndCondition","store.Where.PropPath("".TenantId"").AsGuid.EqualTo(tenantId).AND.PropPath("".Username"").AsString.EqualTo(""jsmith"").EndCondition","5","AI-authored: tenant-user composite parts."
"F382","Find composite tenant-user keys where tenant id equals a GUID and username starts with ""svc_"".","catalog.IndexSet(""tenantUserKeys"").CompositeWhere(""tenantUser"").KeyPart(""tenantId"").AsGuid.EqualTo(tenantId).And.KeyPart(""username"").AsString.StartsWith(""svc_"").EndCondition","store.Where.PropPath("".TenantId"").AsGuid.EqualTo(tenantId).AND.PropPath("".Username"").AsString.StartsWith(""svc_"").EndCondition","5","AI-authored: tenant Guid part plus username prefix."
"F383","Find composite tenant-user keys where username equals ""admin"" across any tenant.","catalog.IndexSet(""tenantUserKeys"").CompositeWhere(""tenantUser"").KeyPart(""username"").AsString.EqualTo(""admin"").EndCondition","store.Where.PropPath("".Username"").AsString.EqualTo(""admin"").EndCondition","5","AI-authored: across any tenant means only constrain username part."
"F384","Find composite tenant-user keys where the full key contains the tenant id followed by the username.","catalog.IndexSet(""tenantUserKeys"").CompositeWhere(""tenantUser"").FullKey().AsString.Contains(tenantIdText + username).EndCondition","store.Where.PropPath("".FullTenantUserKey"").AsString.Contains(tenantIdText + username).EndCondition","5","AI-authored: request names rendered full key, so FullKey is the best pattern."
"F385","Find composite tenant-user keys where tenant id is in a provided tenant set and username starts with ""api"".","catalog.IndexSet(""tenantUserKeys"").CompositeIndex<Guid, string, long>(""tenantIdAndUsername"").Where.Part1.InSet(tenantIds).And.Part2.StartsWith(""api"").EndCondition","store.Where.PropPath("".TenantId"").AsGuid.InSet(tenantIds).AND.PropPath("".Username"").AsString.StartsWith(""api"").EndCondition","5","AI-authored: typed composite handle selects the composite index first, then exposes tuple-style Part1 Guid membership and Part2 string prefix."
"F386","Find composite order keys where tenant id equals a GUID and order number starts with ""ORD-"".","catalog.IndexSet(""orderKeys"").CompositeWhere(""order"").KeyPart(""tenantId"").AsGuid.EqualTo(tenantId).And.KeyPart(""orderNumber"").AsString.StartsWith(""ORD-"").EndCondition","store.Where.PropPath("".TenantId"").AsGuid.EqualTo(tenantId).AND.PropPath("".OrderNumber"").AsString.StartsWith(""ORD-"").EndCondition","5","AI-authored: order composite parts."
"F387","Find composite order keys where customer id equals a GUID and order date is in June 2026.","catalog.IndexSet(""orderKeys"").CompositeWhere(""order"").KeyPart(""customerId"").AsGuid.EqualTo(customerId).And.KeyPart(""orderDate"").AsDate.YearMonth(2026, 6).EndCondition","store.Where.PropPath("".CustomerId"").AsGuid.EqualTo(customerId).AND.PropPath("".OrderDate"").AsDate.YearMonth(2026, 6).EndCondition","5","AI-authored: customer Guid plus fixed month in composite parts."
"F388","Find composite order keys where order date is today and sequence number is greater than 1000.","catalog.IndexSet(""orderKeys"").CompositeWhere(""order"").KeyPart(""orderDate"").AsDate.IsToday().And.KeyPart(""sequenceNumber"").AsScalar<long>().GreaterThan(1000L).EndCondition","store.Where.PropPath("".OrderDate"").AsDate.IsToday().AND.PropPath("".SequenceNumber"").AsInt64.GreaterThan(1000L).EndCondition","5","AI-authored: today date part plus sequence threshold."
"F389","Find composite order keys where the full key contains a currency code and minor unit amount.","catalog.IndexSet(""orderKeys"").CompositeWhere(""order"").FullKey().AsString.Contains(currencyCode + amountMinorUnitsText).EndCondition","store.Where.PropPath("".FullOrderKey"").AsString.Contains(currencyCode + amountMinorUnitsText).EndCondition","5","AI-authored: full-key text containment for rendered currency/amount segment."
"F390","Find composite order keys where currency equals ""USD"" and amount minor units are greater than 10000.","catalog.IndexSet(""orderKeys"").CompositeWhere(""order"").KeyPart(""currency"").AsString.EqualTo(""USD"").And.KeyPart(""amountMinorUnits"").AsScalar<long>().GreaterThan(10000L).EndCondition","store.Where.PropPath("".Currency"").AsString.EqualTo(""USD"").AND.PropPath("".AmountMinorUnits"").AsInt64.GreaterThan(10000L).EndCondition","5","AI-authored: currency and amount composite parts."
"F391","Find composite product keys where supplier id equals a GUID and SKU starts with ""ABC"".","catalog.IndexSet(""productKeys"").CompositeWhere(""product"").KeyPart(""supplierId"").AsGuid.EqualTo(supplierId).And.KeyPart(""sku"").AsString.StartsWith(""ABC"").EndCondition","store.Where.PropPath("".SupplierId"").AsGuid.EqualTo(supplierId).AND.PropPath("".Sku"").AsString.StartsWith(""ABC"").EndCondition","5","AI-authored: supplier Guid plus SKU prefix parts."
"F392","Find composite product keys where category equals ""Hardware"" and SKU contains ""KIT"".","catalog.IndexSet(""productKeys"").CompositeWhere(""product"").KeyPart(""category"").AsString.EqualTo(""Hardware"").And.KeyPart(""sku"").AsString.Contains(""KIT"").EndCondition","store.Where.PropPath("".Category"").AsString.EqualTo(""Hardware"").AND.PropPath("".Sku"").AsString.Contains(""KIT"").EndCondition","5","AI-authored: category equality plus SKU containment part."
"F393","Find composite product keys where category equals ""Software"" and version number is at least 3.","catalog.IndexSet(""productKeys"").CompositeWhere(""product"").KeyPart(""category"").AsString.EqualTo(""Software"").And.KeyPart(""versionNumber"").AsScalar<long>().GreaterOrEqual(3L).EndCondition","store.Where.PropPath("".Category"").AsString.EqualTo(""Software"").AND.PropPath("".VersionNumber"").AsInt64.GreaterOrEqual(3L).EndCondition","5","AI-authored: category plus version part threshold."
"F394","Find composite product keys where the full key ends with a product version segment.","catalog.IndexSet(""productKeys"").CompositeWhere(""product"").FullKey().AsString.EndsWith(productVersionSegment).EndCondition","store.Where.PropPath("".FullProductKey"").AsString.EndsWith(productVersionSegment).EndCondition","5","AI-authored: rendered full-key suffix uses FullKey."
"F395","Find composite product keys where supplier id is missing and SKU is present.","catalog.IndexSet(""productKeys"").CompositeWhere(""productKey"").KeyPart(""supplierId"").AsGuid.EqualTo(ScalarNull.Null).And.KeyPart(""sku"").AsString.NotEqualTo(NullKey.Null).EndCondition","store.Where.PropPath("".SupplierId"").AsGuid.EqualTo(null).AND.PropPath("".Sku"").AsString.NotEqualTo(null).EndCondition","5","AI-authored: composite GUID/scalar parts now support ScalarNull state predicates and composite string parts support NullKey presence predicates; this maps missing supplier id to the stored scalar-null route and present SKU to not stored string-null."
"F396","Find composite document keys where folder id equals a GUID and file name ends with "".pdf"".","catalog.IndexSet(""documentKeys"").CompositeWhere(""document"").KeyPart(""folderId"").AsGuid.EqualTo(folderId).And.KeyPart(""fileName"").AsString.EndsWith("".pdf"").EndCondition","store.Where.PropPath("".FolderId"").AsGuid.EqualTo(folderId).AND.PropPath("".FileName"").AsString.EndsWith("".pdf"").EndCondition","5","AI-authored: document composite parts."
"F397","Find composite document keys where owner id equals a GUID and title contains ""contract"".","catalog.IndexSet(""documentKeys"").CompositeWhere(""document"").KeyPart(""ownerId"").AsGuid.EqualTo(ownerId).And.KeyPart(""title"").AsString.Contains(""contract"").EndCondition","store.Where.PropPath("".OwnerId"").AsGuid.EqualTo(ownerId).AND.PropPath("".Title"").AsString.Contains(""contract"").EndCondition","5","AI-authored: owner Guid part plus title containment."
"F398","Find composite document keys where classification equals Confidential and created year equals 2026.","catalog.IndexSet(""documentKeys"").CompositeWhere(""document"").KeyPart(""classification"").AsString.EqualTo(""Confidential"").And.KeyPart(""createdDate"").AsDate.YearEqualTo(2026).EndCondition","store.Where.PropPath("".Classification"").AsString.EqualTo(""Confidential"").AND.PropPath("".CreatedDate"").AsDate.YearEqualTo(2026).EndCondition","5","AI-authored: classification part plus created-year component."
"F399","Find composite document keys where the full key contains ""Confidential 2026"".","catalog.IndexSet(""documentKeys"").CompositeWhere(""document"").FullKey("" "").AsString.Contains(""Confidential 2026"").EndCondition","store.Where.PropPath("".FullDocumentKey"").AsString.Contains(""Confidential 2026"").EndCondition","5","AI-authored: rendered full-key text containment."
"F400","Find composite document keys where the file extension part equals ""docx"".","catalog.IndexSet(""documentKeys"").CompositeWhere(""document"").KeyPart(""fileExtension"").AsString.EqualTo(""docx"").EndCondition","store.Where.PropPath("".FileExtension"").AsString.EqualTo(""docx"").EndCondition","5","AI-authored: direct composite part equality."
"F401","Find composite event keys where aggregate id equals a GUID and version is greater than 10.","catalog.IndexSet(""eventKeys"").CompositeWhere(""event"").KeyPart(""aggregateId"").AsGuid.EqualTo(aggregateId).And.KeyPart(""version"").AsScalar<long>().GreaterThan(10L).EndCondition","store.Where.PropPath("".AggregateId"").AsGuid.EqualTo(aggregateId).AND.PropPath("".Version"").AsInt64.GreaterThan(10L).EndCondition","5","AI-authored: composite event key parts."
"F402","Find composite event keys where event type equals ""Created"" and timestamp is today.","catalog.IndexSet(""eventKeys"").CompositeWhere(""event"").KeyPart(""eventType"").AsString.EqualTo(""Created"").And.KeyPart(""timestamp"").AsDate.IsToday().EndCondition","store.Where.PropPath("".EventType"").AsString.EqualTo(""Created"").AND.PropPath("".Timestamp"").AsDate.IsToday().EndCondition","5","AI-authored: composite event type and timestamp parts."
"F403","Find composite event keys where aggregate id equals a GUID and event type is in a supplied set.","catalog.IndexSet(""eventKeys"").CompositeWhere(""event"").KeyPart(""aggregateId"").AsGuid.EqualTo(aggregateId).And.KeyPart(""eventType"").AsString.InSet(eventTypes).EndCondition","store.Where.PropPath("".AggregateId"").AsGuid.EqualTo(aggregateId).AND.PropPath("".EventType"").AsString.InSet(eventTypes).EndCondition","5","AI-authored: composite string KeyPart now supports InSet, while aggregate id remains an exact GUID key part."
"F404","Find composite event keys where timestamp is after a checkpoint and version is not zero.","catalog.IndexSet(""eventKeys"").CompositeIndex<DateTime, int, long>(""timestampVersion"").Where.Part1.GreaterThan(checkpoint).And.Part2.NotEqualTo(0).EndCondition","store.Where.PropPath("".Timestamp"").AsDate.GreaterThan(checkpoint).AND.PropPath("".Version"").AsInt32.NotEqualTo(0).EndCondition","5","AI-authored: typed composite handle selects the timestamp/version index first, then uses Part1 DateTime comparison and Part2 scalar inequality."
"F405","Find composite event keys where the full key contains an aggregate id and event type.","catalog.IndexSet(""eventKeys"").CompositeWhere(""event"").FullKey().AsString.Contains(aggregateIdText + eventType).EndCondition","store.Where.PropPath("".FullEventKey"").AsString.Contains(aggregateIdText + eventType).EndCondition","5","AI-authored: rendered full key asks for FullKey containment."
"F406","Find composite metric keys where metric name equals ""cpu"" and timestamp is in the last hour.","catalog.IndexSet(""metricKeys"").CompositeWhere(""metric"").KeyPart(""metricName"").AsString.EqualTo(""cpu"").And.KeyPart(""timestamp"").AsDate.IsInLastHours(1).EndCondition","store.Where.PropPath("".MetricName"").AsString.EqualTo(""cpu"").AND.PropPath("".Timestamp"").AsDate.IsInLastHours(1).EndCondition","5","AI-authored: metric name part plus rolling timestamp."
"F407","Find composite metric keys where host name starts with ""web-"" and metric name equals ""memory"".","catalog.IndexSet(""metricKeys"").CompositeWhere(""metric"").KeyPart(""hostName"").AsString.StartsWith(""web-"").And.KeyPart(""metricName"").AsString.EqualTo(""memory"").EndCondition","store.Where.PropPath("".HostName"").AsString.StartsWith(""web-"").AND.PropPath("".MetricName"").AsString.EqualTo(""memory"").EndCondition","5","AI-authored: composite metric host and name parts."
"F408","Find composite metric keys where tenant id equals a GUID and metric name starts with ""http."".","catalog.IndexSet(""metricKeys"").CompositeWhere(""metric"").KeyPart(""tenantId"").AsGuid.EqualTo(tenantId).And.KeyPart(""metricName"").AsString.StartsWith(""http."").EndCondition","store.Where.PropPath("".TenantId"").AsGuid.EqualTo(tenantId).AND.PropPath("".MetricName"").AsString.StartsWith(""http."").EndCondition","5","AI-authored: tenant part plus metric prefix."
"F409","Find composite metric keys where region equals ""us-west"" and value bucket is greater than 90.","catalog.IndexSet(""metricKeys"").CompositeWhere(""metric"").KeyPart(""region"").AsString.EqualTo(""us-west"").And.KeyPart(""valueBucket"").AsScalar<long>().GreaterThan(90L).EndCondition","store.Where.PropPath("".Region"").AsString.EqualTo(""us-west"").AND.PropPath("".ValueBucket"").AsInt64.GreaterThan(90L).EndCondition","5","AI-authored: region and value bucket parts."
"F410","Find composite metric keys where the full metric path contains ""web cpu"".","catalog.IndexSet(""metricKeys"").CompositeWhere(""metric"").FullKey("" "").AsString.Contains(""web cpu"").EndCondition","store.Where.PropPath("".FullMetricKey"").AsString.Contains(""web cpu"").EndCondition","5","AI-authored: rendered full metric path uses FullKey containment."
"F411","Find composite permission keys where principal id equals a GUID and resource id equals a GUID.","catalog.IndexSet(""permissionKeys"").CompositeWhere(""permission"").KeyPart(""principalId"").AsGuid.EqualTo(principalId).And.KeyPart(""resourceId"").AsGuid.EqualTo(resourceId).EndCondition","store.Where.PropPath("".PrincipalId"").AsGuid.EqualTo(principalId).AND.PropPath("".ResourceId"").AsGuid.EqualTo(resourceId).EndCondition","5","AI-authored: two Guid composite parts."
"F412","Find composite permission keys where principal id equals a GUID and permission mask has read set.","catalog.IndexSet(""permissionKeys"").CompositeWhere(""permission"").KeyPart(""principalId"").AsGuid.EqualTo(principalId).And.KeyPart(""permissionMask"").AsScalar<long>().AllBitsSet(readMask).EndCondition","store.Where.PropPath("".PrincipalId"").AsGuid.EqualTo(principalId).AND.PropPath("".PermissionMask"").AsInt64.AllBitsSet(readMask).EndCondition","5","AI-authored: principal Guid plus mask bit."
"F413","Find composite permission keys where resource type equals ""folder"" and permission mask has delete set.","catalog.IndexSet(""permissionKeys"").CompositeWhere(""permission"").KeyPart(""resourceType"").AsString.EqualTo(""folder"").And.KeyPart(""permissionMask"").AsScalar<long>().AllBitsSet(deleteMask).EndCondition","store.Where.PropPath("".ResourceType"").AsString.EqualTo(""folder"").AND.PropPath("".PermissionMask"").AsInt64.AllBitsSet(deleteMask).EndCondition","5","AI-authored: resource type plus delete bit."
"F414","Find composite permission keys where inherited flag is false and explicit allow flag is true.","catalog.IndexSet(""permissionKeys"").CompositeWhere(""permission"").KeyPart(""inherited"").AsScalar<bool>().EqualTo(false).And.KeyPart(""explicitAllow"").AsScalar<bool>().EqualTo(true).EndCondition","store.Where.PropPath("".Inherited"").AsBoolean.EqualTo(false).AND.PropPath("".ExplicitAllow"").AsBoolean.EqualTo(true).EndCondition","5","AI-authored: Boolean composite parts."
"F415","Find composite permission keys where the full key contains a principal id and resource type.","catalog.IndexSet(""permissionKeys"").CompositeWhere(""permission"").FullKey().AsString.Contains(principalIdText + resourceType).EndCondition","store.Where.PropPath("".FullPermissionKey"").AsString.Contains(principalIdText + resourceType).EndCondition","5","AI-authored: rendered full key containment."
"F416","Find composite geohash keys where geohash starts with ""9tb"".","catalog.IndexSet(""geohashKeys"").CompositeWhere(""geohash"").KeyPart(""geohash"").AsString.StartsWith(""9tb"").EndCondition","store.Where.PropPath("".Geohash"").AsString.StartsWith(""9tb"").EndCondition","5","AI-authored: geohash part prefix."
"F417","Find composite geohash keys where tenant id equals a GUID and geohash prefix is ""9tb"".","catalog.IndexSet(""geohashKeys"").CompositeWhere(""geohash"").KeyPart(""tenantId"").AsGuid.EqualTo(tenantId).And.KeyPart(""geohash"").AsString.StartsWith(""9tb"").EndCondition","store.Where.PropPath("".TenantId"").AsGuid.EqualTo(tenantId).AND.PropPath("".Geohash"").AsString.StartsWith(""9tb"").EndCondition","5","AI-authored: tenant Guid part plus geohash prefix."
"F418","Find composite geohash keys where geohash is between two tile prefixes.","catalog.IndexSet(""geohashKeys"").CompositeWhere(""geohash"").KeyPart(""geohash"").AsString.Between(minTilePrefix, maxTilePrefix).EndCondition","store.Where.PropPath("".Geohash"").AsString.Between(minTilePrefix, maxTilePrefix).EndCondition","5","AI-authored: geohash range between tile prefixes."
"F419","Find composite geohash keys where location type equals ""store"" and geohash starts with ""9t"".","catalog.IndexSet(""geohashKeys"").CompositeWhere(""geohash"").KeyPart(""locationType"").AsString.EqualTo(""store"").And.KeyPart(""geohash"").AsString.StartsWith(""9t"").EndCondition","store.Where.PropPath("".LocationType"").AsString.EqualTo(""store"").AND.PropPath("".Geohash"").AsString.StartsWith(""9t"").EndCondition","5","AI-authored: location type part plus geohash prefix."
"F420","Find composite geohash keys where the full key contains a region code and geohash.","catalog.IndexSet(""geohashKeys"").CompositeWhere(""geohash"").FullKey().AsString.Contains(regionCode + geohash).EndCondition","store.Where.PropPath("".FullGeohashKey"").AsString.Contains(regionCode + geohash).EndCondition","5","AI-authored: rendered full key containment."
"F421","Find records where (status is Open or status is Pending) and priority is High.","catalog.IndexSet(""records"").Where(""status"").AsString.InSet(new[] { ""Open"", ""Pending"" }).AND.Where(""priority"").AsString.EqualTo(""High"").EndCondition","store.Where.PropPath("".Status"").AsString.InSet(new[] { ""Open"", ""Pending"" }).AND.PropPath("".Priority"").AsString.EqualTo(""High"").EndCondition","5","AI-authored: grouped same-key status OR becomes InSet."
"F422","Find records where status is Open and (priority is High or SLA breach is true).","catalog.IndexSet(""records"").Where(""status"").AsString.EqualTo(""Open"").AND.Group(priorityOrSlaFragment).EndCondition where priorityOrSlaFragment = catalog.IndexSet(""records"").Where(""priority"").AsString.EqualTo(""High"").OR.Where(""slaBreach"").AsBoolean.EqualTo(true).EndCondition","store.Where.PropPath("".Status"").AsString.EqualTo(""Open"").AND.Group(priorityOrSlaFragment).EndCondition","5","AI-authored: explicit group preserves priority-or-SLA precedence."
"F423","Find records where (country is US and state is AZ) or (country is CA and province is BC).","catalog.IndexSet(""records"").Group(usAzFragment).OR.Group(caBcFragment).EndCondition","store.Where.Group(usAzFragment).OR.Group(caBcFragment).EndCondition","5","AI-authored: two country/region groups must remain grouped before OR."
"F424","Find records where tenant id equals a GUID and (username starts with ""svc_"" or role is Admin).","catalog.IndexSet(""records"").Where(""tenantId"").AsGuid.EqualTo(tenantId).AND.Group(userOrRoleFragment).EndCondition","store.Where.PropPath("".TenantId"").AsGuid.EqualTo(tenantId).AND.Group(userOrRoleFragment).EndCondition","5","AI-authored: tenant constraint plus grouped username-or-role fragment."
"F425","Find records where (title contains ""urgent"" or title contains ""escalated"") and archived is false.","catalog.IndexSet(""records"").Group(titleFragment).AND.Where(""archived"").AsBoolean.EqualTo(false).EndCondition","store.Where.Group(titleFragment).AND.PropPath("".Archived"").AsBoolean.EqualTo(false).EndCondition","5","AI-authored: title OR fragment grouped before archived false."
"F426","Find records where (created date is today or updated date is today) and deleted is false.","catalog.IndexSet(""records"").Group(todayFragment).AND.Where(""deleted"").AsBoolean.EqualTo(false).EndCondition","store.Where.Group(todayFragment).AND.PropPath("".Deleted"").AsBoolean.EqualTo(false).EndCondition","5","AI-authored: created-or-updated-today fragment grouped before deleted false."
"F427","Find records where category is Hardware and (price is under 1000 or clearance flag is set).","catalog.IndexSet(""records"").Where(""category"").AsString.EqualTo(""Hardware"").AND.Group(priceOrClearanceFragment).EndCondition","store.Where.PropPath("".Category"").AsString.EqualTo(""Hardware"").AND.Group(priceOrClearanceFragment).EndCondition","5","AI-authored: hardware category plus grouped price-or-clearance."
"F428","Find records where owner id equals a GUID and (visibility is Public or shared flag is true).","catalog.IndexSet(""records"").Where(""ownerId"").AsGuid.EqualTo(ownerId).AND.Group(visibilityOrSharedFragment).EndCondition","store.Where.PropPath("".OwnerId"").AsGuid.EqualTo(ownerId).AND.Group(visibilityOrSharedFragment).EndCondition","5","AI-authored: owner Guid plus grouped visibility/shared clause."
"F429","Find records where (score is below 50 and reviewed is false) or risk is Critical.","catalog.IndexSet(""records"").Group(lowScoreUnreviewedFragment).OR.Where(""risk"").AsString.EqualTo(""Critical"").EndCondition","store.Where.Group(lowScoreUnreviewedFragment).OR.PropPath("".Risk"").AsString.EqualTo(""Critical"").EndCondition","5","AI-authored: low-score AND reviewed-false group OR critical risk."
"F430","Find records where (status is Closed and closed date is missing) or (status is Open and due date is overdue).","catalog.IndexSet(""records"").Group(closedMissingDateFragment).OR.Group(openOverdueFragment).EndCondition","store.Where.Group(closedMissingDateFragment).OR.Group(openOverdueFragment).EndCondition","5","AI-authored: two status/date groups joined by OR."
"F431","Find records where name starts with ""A"" and name does not contain ""test"".","catalog.IndexSet(""records"").Where(""name"").AsString.StartsWith(""A"").AND.Not.Where(""name"").AsString.Contains(""test"").EndCondition","store.Where.PropPath("".Name"").AsString.StartsWith(""A"").AND.Not.PropPath("".Name"").AsString.Contains(""test"").EndCondition","5","AI-authored: prefix plus negated containment."
"F432","Find records where name contains ""prod"" and environment is not Production.","catalog.IndexSet(""records"").Where(""name"").AsString.Contains(""prod"").AND.Not.Where(""environment"").AsString.EqualTo(""Production"").EndCondition","store.Where.PropPath("".Name"").AsString.Contains(""prod"").AND.Not.PropPath("".Environment"").AsString.EqualTo(""Production"").EndCondition","5","AI-authored: containment plus negated environment."
"F433","Find records where age is at least 18 and age is less than 65.","catalog.IndexSet(""records"").Where(""age"").AsInt64.GreaterOrEqual(18L).AND.Where(""age"").AsInt64.LessThan(65L).EndCondition","store.Where.PropPath("".Age"").AsInt64.GreaterOrEqual(18L).AND.PropPath("".Age"").AsInt64.LessThan(65L).EndCondition","5","AI-authored: half-open age range."
"F434","Find records where amount is greater than 100 and amount is less than or equal to 500.","catalog.IndexSet(""records"").Where(""amount"").AsInt64.GreaterThan(100L).AND.Where(""amount"").AsInt64.LessOrEqual(500L).EndCondition","store.Where.PropPath("".Amount"").AsInt64.GreaterThan(100L).AND.PropPath("".Amount"").AsInt64.LessOrEqual(500L).EndCondition","5","AI-authored: numeric lower and upper bounds."
"F435","Find records where date is on or after a start date and before an end date.","catalog.IndexSet(""records"").Where(""date"").AsDate.GreaterOrEqual(startDate).AND.Where(""date"").AsDate.LessThan(endDate).EndCondition","store.Where.PropPath("".Date"").AsDate.GreaterOrEqual(startDate).AND.PropPath("".Date"").AsDate.LessThan(endDate).EndCondition","5","AI-authored: half-open date range."
"F436","Find records where version is greater than a minimum and not in a deprecated version set.","catalog.IndexSet(""records"").Where(""version"").AsInt64.GreaterThan(minimumVersion).AND.Where(""version"").AsInt64.NotInSet(deprecatedVersions).EndCondition","store.Where.PropPath("".Version"").AsInt64.GreaterThan(minimumVersion).AND.PropPath("".Version"").AsInt64.NotInSet(deprecatedVersions).EndCondition","5","AI-authored: version threshold plus deprecated set exclusion."
"F437","Find records where flags have required bits set and forbidden bits unset.","catalog.IndexSet(""records"").Where(""flags"").AsInt64.AllBitsSet(requiredBits).AND.Where(""flags"").AsInt64.NoBitsSet(forbiddenBits).EndCondition","store.Where.PropPath("".Flags"").AsInt64.AllBitsSet(requiredBits).AND.PropPath("".Flags"").AsInt64.NoBitsSet(forbiddenBits).EndCondition","5","AI-authored: required and forbidden bit masks."
"F438","Find records where binary header starts with a prefix and status is Active.","catalog.IndexSet(""records"").Where(""binaryHeader"").AsBinary.StartsWith(prefixBytes).AND.Where(""status"").AsString.EqualTo(""Active"").EndCondition","store.Where.PropPath("".BinaryHeader"").AsBinary.StartsWith(prefixBytes).AND.PropPath("".Status"").AsString.EqualTo(""Active"").EndCondition","5","AI-authored: binary prefix plus status."
"F439","Find records where GUID starts with a prefix and created date is this year.","catalog.IndexSet(""records"").Where(""guid"").AsGuid.StartsWith(guidPrefix).AND.Where(""createdDate"").AsDate.YearEqualTo(currentYear).EndCondition","store.Where.PropPath("".Guid"").AsGuid.StartsWith(guidPrefix).AND.PropPath("".CreatedDate"").AsDate.YearEqualTo(currentYear).EndCondition","5","AI-authored: Guid prefix plus current year."
"F440","Find records where string suffix matches and numeric score exceeds a threshold.","catalog.IndexSet(""records"").Where(""stringSuffix"").AsString.EndsWith(suffix).AND.Where(""numericScore"").AsInt64.GreaterThan(threshold).EndCondition","store.Where.PropPath("".StringSuffix"").AsString.EndsWith(suffix).AND.PropPath("".NumericScore"").AsInt64.GreaterThan(threshold).EndCondition","5","AI-authored: suffix variable plus score threshold."
"F441","Find records where either exact email matches or normalized phone matches.","catalog.IndexSet(""records"").Where(""email"").AsString.EqualTo(email).OR.Where(""normalizedPhone"").AsString.EqualTo(normalizedPhone).EndCondition","store.Where.PropPath("".Email"").AsString.EqualTo(email).OR.PropPath("".NormalizedPhone"").AsString.EqualTo(normalizedPhone).EndCondition","5","AI-authored: exact email and maintained normalizedPhone are two indexed contact keys joined by OR; if normalizedPhone is not maintained, that half should be External or precomputed by the caller."
"F442","Find records where username equals a login value or email equals the same login value.","catalog.IndexSet(""records"").Where(""username"").AsString.EqualTo(loginValue).OR.Where(""email"").AsString.EqualTo(loginValue).EndCondition","store.Where.PropPath("".Username"").AsString.EqualTo(loginValue).OR.PropPath("".Email"").AsString.EqualTo(loginValue).EndCondition","5","AI-authored: same login value applied to two stored keys with OR."
"F443","Find records where tenant id equals a GUID and either user id or group id equals another GUID.","catalog.IndexSet(""records"").Where(""tenantId"").AsGuid.EqualTo(tenantId).AND.Group(userOrGroupFragment).EndCondition","store.Where.PropPath("".TenantId"").AsGuid.EqualTo(tenantId).AND.Group(userOrGroupFragment).EndCondition","5","AI-authored: tenant constraint plus grouped user-id/group-id equality."
"F444","Find records where role is Admin but tenant id is not in the supertenant list.","catalog.IndexSet(""records"").Where(""role"").AsString.EqualTo(""Admin"").AND.Where(""tenantId"").AsGuid.NotInSet(supertenantIds).EndCondition","store.Where.PropPath("".Role"").AsString.EqualTo(""Admin"").AND.PropPath("".TenantId"").AsGuid.NotInSet(supertenantIds).EndCondition","5","AI-authored: role equality plus tenant exclusion set."
"F445","Find records where classification is Confidential and either owner is missing or owner is inactive.","catalog.IndexSet(""records"").Where(""classification"").AsString.EqualTo(""Confidential"").AND.Group(ownerMissingOrInactiveFragment).EndCondition","store.Where.PropPath("".Classification"").AsString.EqualTo(""Confidential"").AND.Group(ownerMissingOrInactiveFragment).EndCondition","5","AI-authored redo: classification is indexed; owner missing/inactive is best expressed as a grouped fragment using NullKey/ScalarNull plus an indexed ownerActive projection or External user-state predicate."
"F446","Find records where the visible flag is true and the effective date is before now and expiration is after now.","catalog.IndexSet(""records"").Where(""visible"").AsBoolean.EqualTo(true).AND.Where(""effectiveDate"").AsDate.LessThan(now).AND.Where(""expiration"").AsDate.GreaterThan(now).EndCondition","store.Where.PropPath("".Visible"").AsBoolean.EqualTo(true).AND.PropPath("".EffectiveDate"").AsDate.LessThan(now).AND.PropPath("".Expiration"").AsDate.GreaterThan(now).EndCondition","5","AI-authored: visibility plus active effective/expiration window."
"F447","Find records where the public flag is false and no explicit ACL entry exists.","catalog.IndexSet(""records"").Where(""public"").AsBoolean.EqualTo(false).AND.Not.Where(""aclEntryKind"").AsString.EqualTo(""explicit"").EndCondition","db.Records.Where(r => r.Public == false && !r.AclEntries.Any(a => a.Kind == ""explicit""))","5","AI-authored: interprets explicit ACL as a modeled aclEntryKind/acl index tuple in the same identity universe; canonical Not expresses no explicit ACL entry after narrowing by public=false."
"F448","Find records where a record is stale because updated date is older than created date plus 30 days.","catalog.IndexSet(""records"").External(id => UpdatedDate(id) < CreatedDate(id).AddDays(30)).EndCondition","store.Where.External(id => UpdatedDate(id) < CreatedDate(id).AddDays(30)).EndCondition","5","AI-authored: stale-by-created-date arithmetic is row-relative logic; use External after indexed narrowing or maintain a staleState projection."
"F449","Find records where a retryable status is set and next retry time is due.","catalog.IndexSet(""records"").Where(""status"").AsString.InSet(retryableStatuses).AND.Where(""nextRetryTime"").AsDate.LessOrEqual(now).EndCondition","store.Where.PropPath("".Status"").AsString.InSet(retryableStatuses).AND.PropPath("".NextRetryTime"").AsDate.LessOrEqual(now).EndCondition","5","AI-authored: retryable status set plus due retry time."
"F450","Find records where an alert is active, not muted, and either critical or customer-facing.","catalog.IndexSet(""records"").Where(""active"").AsBoolean.EqualTo(true).AND.Where(""muted"").AsBoolean.EqualTo(false).AND.Group(criticalOrCustomerFacingFragment).EndCondition","store.Where.PropPath("".Active"").AsBoolean.EqualTo(true).AND.PropPath("".Muted"").AsBoolean.EqualTo(false).AND.Group(criticalOrCustomerFacingFragment).EndCondition","5","AI-authored: active/not-muted plus grouped critical-or-customer-facing fragment."
"F451","Find records where a value equals the caller's current tenant id.","catalog.IndexSet(""records"").Where(""tenantId"").AsGuid.EqualTo(currentTenantId).EndCondition","store.Where.PropPath("".TenantId"").AsGuid.EqualTo(currentTenantId).EndCondition","5","AI-authored: current tenant id is a runtime Guid operand."
"F452","Find records where a value equals the caller's current user id.","catalog.IndexSet(""records"").Where(""userId"").AsGuid.EqualTo(currentUserId).EndCondition","store.Where.PropPath("".UserId"").AsGuid.EqualTo(currentUserId).EndCondition","5","AI-authored: current user id is a runtime Guid operand."
"F453","Find records where a threshold comparison uses a runtime variable.","catalog.IndexSet(""records"").Where(""value"").AsInt64.GreaterThan(threshold).EndCondition","store.Where.PropPath("".Value"").AsInt64.GreaterThan(threshold).EndCondition","5","AI-authored: threshold comparison uses a runtime operand."
"F454","Find records where the selected index name is determined at runtime.","catalog.IndexSet(""records"").Where(selectedIndexName).AsString.EqualTo(searchValue).EndCondition","store.Where.PropPath(selectedPropertyPath).AsString.EqualTo(searchValue).EndCondition","5","AI-authored: dynamic index selection is valid when caller chooses a real indexed field."
"F455","Find records where the same reusable condition is run against either primary email or backup email.","var field = usePrimaryEmail ? ""primaryEmail"" : ""backupEmail""; catalog.IndexSet(""records"").Where(field).AsString.EqualTo(email).EndCondition","store.Where.PropPath(usePrimaryEmail ? "".PrimaryEmail"" : "".BackupEmail"").AsString.EqualTo(email).EndCondition","5","AI-authored: reusable email predicate can be parameterized by selected field."
"F456","Find records where the same date cutoff is applied to created date in one run and updated date in another.","var field = useCreatedDate ? ""createdDate"" : ""updatedDate""; catalog.IndexSet(""records"").Where(field).AsDate.LessThan(cutoff).EndCondition","store.Where.PropPath(useCreatedDate ? "".CreatedDate"" : "".UpdatedDate"").AsDate.LessThan(cutoff).EndCondition","5","AI-authored: same cutoff predicate can be parameterized by selected date field."
"F457","Find records where a reusable customer filter is combined with a one-off status filter.","catalog.IndexSet(""records"").Group(customerFilter).AND.Where(""status"").AsString.EqualTo(status).EndCondition","store.Where.Group(customerFilter).AND.PropPath("".Status"").AsString.EqualTo(status).EndCondition","5","AI-authored: reusable customer filter composes through Group."
"F458","Find records where a reusable security filter is grouped before adding a search term filter.","catalog.IndexSet(""records"").Group(securityFilter).AND.Where(""searchText"").AsString.Contains(searchTerm).EndCondition","store.Where.Group(securityFilter).AND.PropPath("".SearchText"").AsString.Contains(searchTerm).EndCondition","5","AI-authored: security filter is grouped before search term filter."
"F459","Find records where a user-supplied search phrase is applied to either title or description.","catalog.IndexSet(""records"").Where(""title"").AsString.Contains(searchPhrase).OR.Where(""description"").AsString.Contains(searchPhrase).EndCondition","store.Where.PropPath("".Title"").AsString.Contains(searchPhrase).OR.PropPath("".Description"").AsString.Contains(searchPhrase).EndCondition","5","AI-authored: search phrase applied to either title or description."
"F460","Find records where a caller-supplied set of ids is used as an inclusion filter.","catalog.IndexSet(""records"").External(candidateIds).EndCondition","store.Where.External(candidateIds).EndCondition","5","AI-authored: caller-supplied inclusion ids are an External identity source."
"F461","Find records where a caller-supplied set of ids is used as an exclusion filter.","catalog.IndexSet(""records"").Not.External(excludedIds).EndCondition","store.Where.Not.External(excludedIds).EndCondition","5","AI-authored: caller-supplied exclusion ids are best represented as a negated External identity source."
"F462","Find records where paging asks for the first 25 active records.","activeCondition.ToList<long>(resolveIndex, take: 25)","store.Where.PropPath("".Status"").AsString.EqualTo(""Active"").Take(25)","5","AI-authored redo: first-page behavior is available as condition terminal paging with take: 25, not a new predicate."
"F463","Find records where paging asks for the next 25 records after a bookmark.","activeCondition.ToList<long>(resolveIndex, take: 25, bookmark: bookmark)","store.Where.PropPath("".Status"").AsString.EqualTo(""Active"").After(bookmark).Take(25)","5","AI-authored redo: bookmark paging is terminal retrieval shape through IDsWith/ToList bookmark and take options."
"F464","Find records where the query only needs to know whether any matching record exists.","matchingCondition.Exists(resolveIndex)","store.Where.PropPath("".Status"").AsString.EqualTo(status).Exists()","5","AI-authored redo: existence is a condition terminal and can stop early where the executor supports it."
"F465","Find records where the query only needs the count of matching records.","matchingCondition.Count(resolveIndex)","store.Where.PropPath("".Status"").AsString.EqualTo(status).Count()","5","AI-authored redo: count-only is a condition terminal rather than a predicate."
"F466","Find records grouped by status for all open tickets.","openTicketsCondition.Groups(resolveIndex).By(statusIndex).Counts()","store.Where.PropPath("".TicketState"").AsString.EqualTo(""Open"").GroupBy(""Status"").Counts()","5","AI-authored redo: grouping by status is covered by condition-scoped Groups(...).By(statusIndex).Counts()."
"F467","Find records grouped by owner and count only active rows.","activeRowsCondition.Groups(resolveIndex).By(ownerIndex).Counts()","store.Where.PropPath("".Active"").AsBoolean.EqualTo(true).GroupBy(""Owner"").Counts()","5","AI-authored redo: grouped owner counts are condition terminal grouping over an owner index."
"F468","Find the top 10 owners by number of overdue records.","overdueCondition.Groups(resolveIndex).By(ownerIndex).OrderBy(LibraDexGroupOrder.CountDescending).Take(10).Metadata()","store.Where.PropPath("".Overdue"").AsBoolean.EqualTo(true).GroupBy(""Owner"").OrderByCountDescending().Take(10)","5","AI-authored redo: top-N owners is group terminal ordering by count descending with Take(10)."
"F469","Find one representative record per duplicate email address.","allRecordsCondition.Groups(resolveIndex).By(emailIndex).Duplicates().Representatives()","store.Where.All().GroupBy(""Email"").Duplicates().Representatives()","5","AI-authored redo: representative per duplicate email is condition-scoped grouping with Duplicates() and Representatives()."
"F470","Find duplicate groups where the same normalized phone appears more than once.","allRecordsCondition.Groups(resolveIndex).By(normalizedPhoneIndex).Duplicates().Metadata()","store.Where.All().GroupBy(""NormalizedPhone"").Duplicates().Metadata()","5","AI-authored redo: duplicate normalized phone groups require a maintained normalizedPhone index, then Duplicates().Metadata()."
"F471","Find identities matching a condition without materializing keys.","condition.ToList<long>(resolveIndex)","store.Where.PropPath("".Status"").AsString.EqualTo(status).SelectIds()","5","AI-authored redo: identity-only materialization is the default condition terminal shape via ToList<TIdentity>."
"F472","Find key and identity tuples matching a condition.","catalog.IndexSet(""records"").GetCursor(targetIndex, condition)","store.Where.PropPath("".Status"").AsString.EqualTo(status).Cursor(targetIndex)","5","AI-authored redo: key/identity tuple materialization is available through an index-set target cursor over the completed condition."
"F473","Find the first matching identity ordered by key.","catalog.IndexSet(""records"").GetCursor(keyOrderedIndex, condition, take: 1)","store.Where.PropPath("".Status"").AsString.EqualTo(status).Cursor(keyOrderedIndex).Take(1)","5","AI-authored redo: first matching identity ordered by a target key is represented by a condition-filtered target-index cursor with take 1."
"F474","Find matching identities in descending key order.","using LibraDexIndexCursor<long, long> cursor = catalog.IndexSet(""records"").GetCursor(targetIndex, condition, direction: QueryDirection.Descending);","store.Where.Target(targetIndex).Descending().From(condition)","5","AI-authored redo: target-index cursors now accept QueryDirection.Descending, so matching key/identity entries can stream from highest key to lowest key without changing the condition predicate."
"F475","Find matching identities with duplicate identities preserved.","condition.ToList<long>(resolveIndex, deduplication: IdentityDeduplication.Preserve)","store.Where.PropPath("".Status"").AsString.EqualTo(status).SelectIds(preserveDuplicates: true)","5","AI-authored redo: duplicate identity preservation is an explicit terminal deduplication option."
"F476","Find matching identities with duplicate identities collapsed.","condition.ToList<long>(resolveIndex, deduplication: IdentityDeduplication.Distinct)","store.Where.PropPath("".Status"").AsString.EqualTo(status).SelectIds(distinct: true)","5","AI-authored redo: duplicate identity collapsing is the distinct terminal deduplication option."
"F477","Find matching rows where a scan-backed text condition is narrowed by a tenant id first.","catalog.IndexSet(""records"").Where(""tenantId"").AsGuid.EqualTo(tenantId).AND.External(id => ScanBackedTextMatches(id, searchText)).EndCondition","store.Where.PropPath("".TenantId"").AsGuid.EqualTo(tenantId).AND.External(id => ScanBackedTextMatches(id, searchText)).EndCondition","5","AI-authored: indexed tenant narrowing followed by caller-owned scan predicate via External."
"F478","Find matching rows where a suffix search can use a reversed projection when available.","catalog.IndexSet(""records"").Where(""reversedText"").AsString.StartsWith(reversedSuffix).EndCondition","store.Where.PropPath("".ReversedText"").AsString.StartsWith(reversedSuffix).EndCondition","5","AI-authored: suffix search can be expressed when a reversed projection is indexed."
"F479","Find matching rows where a case-insensitive comparison can use a folded projection when available.","catalog.IndexSet(""records"").Where(""foldedText"").AsString.EqualTo(foldedValue).EndCondition","store.Where.PropPath("".FoldedText"").AsString.EqualTo(foldedValue).EndCondition","5","AI-authored: case-insensitive comparison can use a maintained folded projection."
"F480","Find matching rows where a culture-aware sort comparison can use a sort-key projection.","catalog.IndexSet(""records"").Where(""cultureSortKey"").AsBinary.Between(minSortKey, maxSortKey).EndCondition","store.Where.PropPath("".CultureSortKey"").AsBinary.Between(minSortKey, maxSortKey).EndCondition","5","AI-authored: culture-aware sort comparison can use a maintained sort-key projection."
"F481","Find records to delete where status is Archived and retention date is older than seven years.","catalog.IndexSet(""records"").Where(""status"").AsString.EqualTo(""Archived"").AND.Where(""retentionDate"").AsDate.LessThan(now.AddYears(-7)).EndCondition","store.Where.PropPath("".Status"").AsString.EqualTo(""Archived"").AND.PropPath("".RetentionDate"").AsDate.LessThan(now.AddYears(-7)).EndCondition","5","AI-authored: delete target predicate is expressible; delete itself is terminal behavior."
"F482","Find records to delete where tenant id equals a GUID and deleted flag is true.","catalog.IndexSet(""records"").Where(""tenantId"").AsGuid.EqualTo(tenantId).AND.Where(""deleted"").AsBoolean.EqualTo(true).EndCondition","store.Where.PropPath("".TenantId"").AsGuid.EqualTo(tenantId).AND.PropPath("".Deleted"").AsBoolean.EqualTo(true).EndCondition","5","AI-authored: delete target predicate is tenant Guid plus deleted flag."
"F483","Find records to delete where session expiration is before now.","catalog.IndexSet(""records"").Where(""sessionExpiration"").AsDate.LessThan(now).EndCondition","store.Where.PropPath("".SessionExpiration"").AsDate.LessThan(now).EndCondition","5","AI-authored: delete target predicate is expired session."
"F484","Find records to delete where no activity has occurred in the last year.","catalog.IndexSet(""records"").Where(""lastActivity"").AsDate.LessThan(now.AddYears(-1)).EndCondition","store.Where.PropPath("".LastActivity"").AsDate.LessThan(now.AddYears(-1)).EndCondition","5","AI-authored: delete target predicate is no activity since one-year cutoff."
"F485","Find records to delete where a composite tenant-user key belongs to a disabled tenant.","catalog.IndexSet(""tenantUserKeys"").CompositeIndex<Guid, string, long>(""tenantIdAndUsername"").Where.Part1.InSet(disabledTenantIds).EndCondition","store.Where.PropPath("".TenantId"").AsGuid.InSet(disabledTenantIds).EndCondition","5","AI-authored: delete target predicate is expressible with typed composite Guid Part1 membership; delete behavior remains terminal/application behavior."
"F486","Find records to rekey where username changed but tenant id stayed the same.","catalog.IndexSet(""records"").External(id => UsernameChanged(id) && TenantIdUnchanged(id)).EndCondition","store.Where.External(id => UsernameChanged(id) && TenantIdUnchanged(id)).EndCondition","5","AI-authored: before/after mutation comparison is dev-owned migration logic; External or a maintained migration-state projection is the correct fluent expression."
"F487","Find records to rekey where email normalization changed.","catalog.IndexSet(""records"").External(id => EmailNormalizationChanged(id)).EndCondition","store.Where.External(id => EmailNormalizationChanged(id)).EndCondition","5","AI-authored: email normalization changed is migration/self-relative logic; close with External or a maintained emailNormalizationStale projection rather than pretending the raw email index can detect it alone."
"F488","Find records to rekey where a document moved to another folder.","catalog.IndexSet(""records"").External(id => DocumentMovedFolders(id)).EndCondition","store.Where.External(id => DocumentMovedFolders(id)).EndCondition","5","AI-authored: moved-folder detection is before/after migration logic; External or a maintained migration-state projection is appropriate."
"F489","Find records to rekey where an order number was corrected.","catalog.IndexSet(""orders"").Where(""orderNumberCorrectionPending"").AsBoolean.EqualTo(true).EndCondition","store.Where.PropPath("".OrderNumberCorrectionPending"").AsBoolean.EqualTo(true).EndCondition","5","AI-authored redo: rekey candidates are queryable when the app maintains a correction-pending flag or supplies corrected identities through External."
"F490","Find records to rekey where a composite key part changed from old status to new status.","catalog.IndexSet(""records"").Where(""oldStatus"").AsString.EqualTo(oldStatus).AND.Where(""newStatus"").AsString.EqualTo(newStatus).EndCondition","store.Where.PropPath("".OldStatus"").AsString.EqualTo(oldStatus).AND.PropPath("".NewStatus"").AsString.EqualTo(newStatus).EndCondition","5","AI-authored redo: composite rekey candidates are expressible when migration state is modeled as old/new status projections; the actual rekey remains a mutation step."
"F491","Find records to update where status is Pending and due date is overdue.","catalog.IndexSet(""records"").Where(""status"").AsString.EqualTo(""Pending"").AND.Where(""dueDate"").AsDate.LessThan(now).EndCondition","store.Where.PropPath("".Status"").AsString.EqualTo(""Pending"").AND.PropPath("".DueDate"").AsDate.LessThan(now).EndCondition","5","AI-authored: update target predicate is pending and overdue."
"F492","Find records to update where retry count is below the max and next retry time is due.","catalog.IndexSet(""records"").Where(""retryCount"").AsInt64.LessThan(maxRetryCount).AND.Where(""nextRetryTime"").AsDate.LessOrEqual(now).EndCondition","store.Where.PropPath("".RetryCount"").AsInt64.LessThan(maxRetryCount).AND.PropPath("".NextRetryTime"").AsDate.LessOrEqual(now).EndCondition","5","AI-authored: update target predicate is retry budget plus due retry time."
"F493","Find records to update where a folded text projection is stale.","catalog.IndexSet(""records"").Where(""foldedTextProjectionVersion"").AsInt64.LessThan(currentFoldedProjectionVersion).EndCondition","store.Where.PropPath("".FoldedTextProjectionVersion"").AsInt64.LessThan(currentFoldedProjectionVersion).EndCondition","5","AI-authored redo: projection staleness is queryable when maintenance records a projection version/checksum; otherwise use rebuild validation tooling."
"F494","Find records to update where a reversed suffix projection is missing.","catalog.IndexSet(""records"").Where(""hasReversedSuffixProjection"").AsBoolean.EqualTo(false).EndCondition","store.Where.PropPath("".HasReversedSuffixProjection"").AsBoolean.EqualTo(false).EndCondition","5","AI-authored redo: missing reversed projection is queryable when the app maintains a projection-presence flag; otherwise it remains maintenance repair work."
"F495","Find records to update where a composite full-key projection would match a known phrase.","catalog.IndexSet(""records"").CompositeWhere(""compositeKey"").FullKey().AsString.Contains(knownPhrase).EndCondition","store.Where.PropPath("".FullKeyProjection"").AsString.Contains(knownPhrase).EndCondition","5","AI-authored: update target predicate can match a composite full-key projection; update is terminal behavior."
"F496","Find records where a nullable string property is null.","catalog.IndexSet(""records"").Where(""stringProperty"").AsString.EqualTo(NullKey.Null).EndCondition","store.Where.PropPath("".StringProperty"").AsString.EqualTo(null).EndCondition","5","AI-authored: nullable string null maps to NullKey.Null."
"F497","Find records where a nullable string property is empty but not null.","catalog.IndexSet(""records"").Where(""stringProperty"").AsString.EqualTo(NullKey.Empty).EndCondition","store.Where.PropPath("".StringProperty"").AsString.EqualTo(string.Empty).EndCondition","5","AI-authored: empty but not null maps to NullKey.Empty."
"F498","Find records where a nullable string property is either null or empty.","catalog.IndexSet(""records"").Where(""stringProperty"").AsString.EqualTo(NullKey.NullOrEmpty).EndCondition","store.Where.PropPath("".StringProperty"").AsString.EqualTo(nullOrEmpty).EndCondition","5","AI-authored: null-or-empty maps to the null-or-empty key state."
"F499","Find records where a nullable numeric property has no value.","catalog.IndexSet(""records"").Where(""numericProperty"").AsInt64.EqualTo(ScalarNull.Null).EndCondition","store.Where.PropPath("".NumericProperty"").AsInt64.EqualTo(null).EndCondition","5","AI-authored: nullable numeric no value maps to ScalarNull.Null."
"F500","Find records where a nullable numeric property has a value greater than zero.","catalog.IndexSet(""records"").Where(""numericProperty"").AsInt64.EqualTo(ScalarNull.NonNull).AND.Where(""numericProperty"").AsInt64.GreaterThan(0L).EndCondition","store.Where.PropPath("".NumericProperty"").AsInt64.EqualTo(notNull).AND.PropPath("".NumericProperty"").AsInt64.GreaterThan(0L).EndCondition","5","AI-authored: nullable numeric must be non-null and greater than zero."
"F501","Find records where a nullable date property is missing.","catalog.IndexSet(""records"").Where(""dateProperty"").AsDate.EqualTo(ScalarNull.Null).EndCondition","store.Where.PropPath("".DateProperty"").AsDate.EqualTo(null).EndCondition","5","AI-authored: nullable date missing maps to ScalarNull.Null."
"F502","Find records where a nullable date property is present and before today.","catalog.IndexSet(""records"").Where(""dateProperty"").AsDate.EqualTo(ScalarNull.NonNull).AND.Where(""dateProperty"").AsDate.LessThan(today).EndCondition","store.Where.PropPath("".DateProperty"").AsDate.EqualTo(notNull).AND.PropPath("".DateProperty"").AsDate.LessThan(today).EndCondition","5","AI-authored: present date plus before-today predicate."
"F503","Find records where an optional GUID field is missing or Guid.Empty.","catalog.IndexSet(""records"").Where(""guidField"").AsGuid.EqualTo(ScalarNull.Null).OR.Where(""guidField"").AsGuid.EqualTo(Guid.Empty).EndCondition","store.Where.PropPath("".GuidField"").AsGuid.EqualTo(null).OR.PropPath("".GuidField"").AsGuid.EqualTo(Guid.Empty).EndCondition","5","AI-authored: optional Guid is scalar-null or Guid.Empty sentinel."
"F504","Find records where an optional GUID field has a real value.","catalog.IndexSet(""records"").Where(""guidField"").AsGuid.EqualTo(ScalarNull.NonNull).AND.Not.Where(""guidField"").AsGuid.EqualTo(Guid.Empty).EndCondition","store.Where.PropPath("".GuidField"").AsGuid.EqualTo(notNull).AND.Not.PropPath("".GuidField"").AsGuid.EqualTo(Guid.Empty).EndCondition","5","AI-authored: real Guid excludes scalar null and Guid.Empty."
"F505","Find records where an optional binary field is present and starts with a marker.","catalog.IndexSet(""records"").Where(""binaryField"").AsBinary.NotEqualTo(NullKey.Null).AND.Where(""binaryField"").AsBinary.StartsWith(markerBytes).EndCondition","store.Where.PropPath("".BinaryField"").AsBinary.NotEqualTo(null).AND.PropPath("".BinaryField"").AsBinary.StartsWith(markerBytes).EndCondition","5","AI-authored: present binary plus marker prefix."
"F506","Find records where a missing value should sort before all real values.","// Corpus note: LibraDex null/missing key-state routes already sort before real values; no condition builder predicate is required unless the caller wants to filter explicitly to NullKey.Null, NullKey.Empty, or ScalarNull.Null.","// Corpus note: default null/missing sort semantics; no Abraxas predicate is required for ordering alone.","5","AI-authored close: ordering assertion, not a filter predicate. LibraDex already sorts null/missing before real key values; use ordinary ordered enumeration, or an explicit NullKey/ScalarNull predicate only when filtering for missing values."
"F507","Find records where a missing value should be excluded from range comparisons.","catalog.IndexSet(""records"").Where(""value"").AsString.Between(firstRealValue, upperValue).EndCondition","db.Users.Where(u => u.Value.CompareTo(firstRealValue) >= 0 && u.Value.CompareTo(upperValue) <= 0)","5","AI-authored close: real-value range bounds naturally exclude null/missing routes because those sort before real key values. If the caller wants an explicit present-and-in-range policy, combine the maintained presence/null-state criterion with the real-value range."
"F508","Find records where an explicit ""unknown"" enum value is different from a missing value.","catalog.IndexSet(""records"").Where(""enumValue"").AsString.EqualTo(""Unknown"").AND.Where(""enumValue"").AsString.NotEqualTo(NullKey.Null).EndCondition","store.Where.PropPath("".EnumValue"").AsString.EqualTo(""Unknown"").AND.PropPath("".EnumValue"").AsString.NotEqualTo(null).EndCondition","5","AI-authored: explicit Unknown is a real stored value distinct from null."
"F509","Find records where a string is whitespace-only.","catalog.IndexSet(""records"").Where(""stringValue"").AsString.Matches(@""^\s+$"").EndCondition","store.Where.PropPath("".StringValue"").AsString.Matches(@""^\s+$"").EndCondition","5","AI-authored: boolean regex matching handles whitespace-only text; use indexed narrowing first if the exact string index would otherwise scan too broadly."
"F510","Find records where a normalized string collapses whitespace before comparison.","catalog.IndexSet(""records"").External(id => CollapseWhitespace(Text(id)) == normalizedCriteria).EndCondition","store.Where.External(id => CollapseWhitespace(Text(id)) == normalizedCriteria).EndCondition","5","AI-authored: dev normalizes the criteria value before querying, uses indexed narrowing when available, then External compares each candidate key after the same whitespace-collapse normalization; use a collapsedWhitespaceText projection for index-native equality."
"F511","Find records where phone number equals a caller-supplied number after normalization.","catalog.IndexSet(""records"").Where(""normalizedPhone"").AsString.EqualTo(normalizedPhone).EndCondition","store.Where.PropPath("".NormalizedPhone"").AsString.EqualTo(normalizedPhone).EndCondition","5","AI-authored: dev normalizes the caller-supplied phone number into the same comparable key shape used while building the index; inconsistent raw phone formatting is app modeling responsibility, with regex or External only as a residual fallback when a normalizedPhone key is not maintained."
"F512","Find records where phone number starts with a country code.","catalog.IndexSet(""records"").Where(""phoneNumber"").AsString.StartsWith(countryCode).EndCondition","store.Where.PropPath("".PhoneNumber"").AsString.StartsWith(countryCode).EndCondition","5","AI-authored: direct phone prefix with runtime country-code value."
"F513","Find records where phone number ends with a local extension.","catalog.IndexSet(""records"").Where(""phoneNumber"").AsString.EndsWith(localExtension).EndCondition","store.Where.PropPath("".PhoneNumber"").AsString.EndsWith(localExtension).EndCondition","5","AI-authored: direct phone suffix with runtime extension value."
"F514","Find records where normalized phone is one of a provided contact list.","catalog.IndexSet(""records"").Where(""normalizedPhone"").AsString.InSet(contactPhones).EndCondition","store.Where.PropPath("".NormalizedPhone"").AsString.InSet(contactPhones).EndCondition","5","AI-authored: works when normalizedPhone is a maintained indexed projection."
"F515","Find records where normalized phone is missing but email is present.","catalog.IndexSet(""records"").Where(""normalizedPhone"").AsString.EqualTo(NullKey.Null).AND.Where(""email"").AsString.NotEqualTo(NullKey.Null).EndCondition","store.Where.PropPath("".NormalizedPhone"").AsString.EqualTo(null).AND.PropPath("".Email"").AsString.NotEqualTo(null).EndCondition","5","AI-authored: normalized phone null plus email present."
"F516","Find records where a geohash prefix identifies a nearby area.","catalog.IndexSet(""records"").Where(""geohash"").AsString.StartsWith(areaPrefix).EndCondition","store.Where.PropPath("".Geohash"").AsString.StartsWith(areaPrefix).EndCondition","5","AI-authored: nearby geohash area is represented as a prefix key."
"F517","Find records where a geohash prefix and category both match.","catalog.IndexSet(""records"").Where(""geohash"").AsString.StartsWith(areaPrefix).AND.Where(""category"").AsString.EqualTo(category).EndCondition","store.Where.PropPath("".Geohash"").AsString.StartsWith(areaPrefix).AND.PropPath("".Category"").AsString.EqualTo(category).EndCondition","5","AI-authored: geohash prefix plus category."
"F518","Find records where a geohash is inside one of several tile prefixes.","catalog.IndexSet(""records"").Where(""geohash"").AsString.StartsWith(tilePrefix1).OR.Where(""geohash"").AsString.StartsWith(tilePrefix2).EndCondition","store.Where.PropPath("".Geohash"").AsString.StartsWith(tilePrefix1).OR.PropPath("".Geohash"").AsString.StartsWith(tilePrefix2).EndCondition","5","AI-authored: several tile prefixes require OR over prefix predicates."
"F519","Find records where latitude bucket is between two integer buckets.","catalog.IndexSet(""records"").Where(""latitudeBucket"").AsInt64.Between(minLatitudeBucket, maxLatitudeBucket).EndCondition","store.Where.PropPath("".LatitudeBucket"").AsInt64.Between(minLatitudeBucket, maxLatitudeBucket).EndCondition","5","AI-authored: direct integer bucket range."
"F520","Find records where longitude bucket is between two integer buckets.","catalog.IndexSet(""records"").Where(""longitudeBucket"").AsInt64.Between(minLongitudeBucket, maxLongitudeBucket).EndCondition","store.Where.PropPath("".LongitudeBucket"").AsInt64.Between(minLongitudeBucket, maxLongitudeBucket).EndCondition","5","AI-authored: direct integer bucket range."
"F521","Find records where currency equals USD and amount is greater than 100 dollars.","catalog.IndexSet(""records"").Where(""currency"").AsString.EqualTo(""USD"").AND.Where(""amountMinorUnits"").AsInt64.GreaterThan(10000L).EndCondition","store.Where.PropPath("".Currency"").AsString.EqualTo(""USD"").AND.PropPath("".AmountMinorUnits"").AsInt64.GreaterThan(10000L).EndCondition","5","AI-authored: USD plus amount in minor units."
"F522","Find records where currency equals EUR and amount is between two minor-unit values.","catalog.IndexSet(""records"").Where(""currency"").AsString.EqualTo(""EUR"").AND.Where(""amountMinorUnits"").AsInt64.Between(minMinorUnits, maxMinorUnits).EndCondition","store.Where.PropPath("".Currency"").AsString.EqualTo(""EUR"").AND.PropPath("".AmountMinorUnits"").AsInt64.Between(minMinorUnits, maxMinorUnits).EndCondition","5","AI-authored: EUR plus amount range in minor units."
"F523","Find records where currency is in a supported currency set.","catalog.IndexSet(""records"").Where(""currency"").AsString.InSet(supportedCurrencies).EndCondition","store.Where.PropPath("".Currency"").AsString.InSet(supportedCurrencies).EndCondition","5","AI-authored: supported currency set membership."
"F524","Find records where amount is zero but status is Paid.","catalog.IndexSet(""records"").Where(""amount"").AsInt64.EqualTo(0L).AND.Where(""status"").AsString.EqualTo(""Paid"").EndCondition","store.Where.PropPath("".Amount"").AsInt64.EqualTo(0L).AND.PropPath("".Status"").AsString.EqualTo(""Paid"").EndCondition","5","AI-authored: amount zero plus paid status."
"F525","Find records where amount is negative and adjustment flag is not set.","catalog.IndexSet(""records"").Where(""amount"").AsInt64.LessThan(0L).AND.Where(""adjustment"").AsBoolean.EqualTo(false).EndCondition","store.Where.PropPath("".Amount"").AsInt64.LessThan(0L).AND.PropPath("".Adjustment"").AsBoolean.EqualTo(false).EndCondition","5","AI-authored: negative amount plus adjustment flag false."
"F526","Find records where semantic version major equals 2.","catalog.IndexSet(""records"").Where(""semverMajor"").AsInt64.EqualTo(2L).EndCondition","store.Where.PropPath("".SemverMajor"").AsInt64.EqualTo(2L).EndCondition","5","AI-authored: semantic version major needs a modeled major projection."
"F527","Find records where semantic version is at least 2.1.0.","catalog.IndexSet(""records"").Where(""semverSortKey"").AsString.GreaterOrEqual(""0002.0001.0000"").EndCondition","store.Where.PropPath("".SemverSortKey"").AsString.GreaterOrEqual(""0002.0001.0000"").EndCondition","5","AI-authored: semantic version comparison needs an indexed sortable version key."
"F528","Find records where semantic version is less than 3.0.0.","catalog.IndexSet(""records"").Where(""semverSortKey"").AsString.LessThan(""0003.0000.0000"").EndCondition","store.Where.PropPath("".SemverSortKey"").AsString.LessThan(""0003.0000.0000"").EndCondition","5","AI-authored: semantic version comparison uses sortable version projection."
"F529","Find records where semantic version is in a deprecated version range.","catalog.IndexSet(""records"").Where(""semverSortKey"").AsString.Between(deprecatedMinVersionKey, deprecatedMaxVersionKey).EndCondition","store.Where.PropPath("".SemverSortKey"").AsString.Between(deprecatedMinVersionKey, deprecatedMaxVersionKey).EndCondition","5","AI-authored: deprecated range needs sortable version projection."
"F530","Find records where semantic version prerelease tag contains ""beta"".","catalog.IndexSet(""records"").Where(""semverPrereleaseTag"").AsString.Contains(""beta"").EndCondition","store.Where.PropPath("".SemverPrereleaseTag"").AsString.Contains(""beta"").EndCondition","5","AI-authored: prerelease tag should be modeled as an indexed projection."
"F531","Find records where IP address equals a specific IPv4 address.","catalog.IndexSet(""records"").Where(""ipAddress"").AsString.EqualTo(ipv4Address).EndCondition","store.Where.PropPath("".IpAddress"").AsString.EqualTo(ipv4Address).EndCondition","5","AI-authored: specific IPv4 stored key equality."
"F532","Find records where IP address is in a /24 subnet.","catalog.IndexSet(""records"").Where(""ipv4Numeric"").AsUInt32.Between(subnetStart, subnetEnd).EndCondition","store.Where.PropPath("".Ipv4Numeric"").AsUInt32.Between(subnetStart, subnetEnd).EndCondition","5","AI-authored: /24 subnet matching needs numeric IP projection and range."
"F533","Find records where IP address is outside a denylisted range.","catalog.IndexSet(""records"").Where(""ipAddress"").Not.AsString.Between(denyRangeStart, denyRangeEnd).EndCondition","store.Where.Not.PropPath("".IpAddress"").AsString.Between(denyRangeStart, denyRangeEnd).EndCondition","5","AI-authored: outside one modeled deny range is Not around the range."
"F534","Find records where IPv6 address starts with a network prefix.","catalog.IndexSet(""records"").Where(""ipv6Address"").AsString.StartsWith(networkPrefix).EndCondition","store.Where.PropPath("".Ipv6Address"").AsString.StartsWith(networkPrefix).EndCondition","5","AI-authored: IPv6 prefix stored as text prefix."
"F535","Find records where IP address bytes match a stored binary prefix.","catalog.IndexSet(""records"").Where(""ipAddressBytes"").AsBinary.StartsWith(prefixBytes).EndCondition","store.Where.PropPath("".IpAddressBytes"").AsBinary.StartsWith(prefixBytes).EndCondition","5","AI-authored: binary IP representation supports prefix matching."
"F536","Find records where route key equals tenant id plus date bucket plus sequence.","catalog.IndexSet(""records"").CompositeWhere(""compositeKey"").FullKey().AsString.EqualTo(routeKey).EndCondition","store.Where.PropPath("".RouteKey"").AsString.EqualTo(routeKey).EndCondition","5","AI-authored: full route key equality when tenant/date/sequence are already encoded."
"F537","Find records where route key has tenant id equal to a GUID and date bucket equal to today.","catalog.IndexSet(""records"").CompositeWhere(""compositeKey"").KeyPart(""tenantId"").AsGuid.EqualTo(tenantId).And.KeyPart(""dateBucket"").AsDate.IsToday().EndCondition","store.Where.PropPath("".TenantId"").AsGuid.EqualTo(tenantId).AND.PropPath("".DateBucket"").AsDate.IsToday().EndCondition","5","AI-authored: route key parts for tenant and date bucket."
"F538","Find records where route key has tenant id equal to a GUID and sequence greater than a checkpoint.","catalog.IndexSet(""records"").CompositeWhere(""compositeKey"").KeyPart(""tenantId"").AsGuid.EqualTo(tenantId).And.KeyPart(""sequence"").AsScalar<long>().GreaterThan(checkpoint).EndCondition","store.Where.PropPath("".TenantId"").AsGuid.EqualTo(tenantId).AND.PropPath("".Sequence"").AsInt64.GreaterThan(checkpoint).EndCondition","5","AI-authored: route key tenant part plus sequence threshold."
"F539","Find records where route key full value starts with tenant id bytes.","catalog.IndexSet(""records"").CompositeWhere(""compositeKey"").FullKey().AsString.StartsWith(tenantIdText).EndCondition","store.Where.PropPath("".RouteKey"").AsString.StartsWith(tenantIdText).EndCondition","5","AI-authored: full route-key text prefix uses FullKey string rendering; byte prefix would need a binary projection."
"F540","Find records where route key full value contains a date bucket segment.","catalog.IndexSet(""records"").CompositeWhere(""compositeKey"").FullKey().AsString.Contains(dateBucketSegment).EndCondition","store.Where.PropPath("".RouteKey"").AsString.Contains(dateBucketSegment).EndCondition","5","AI-authored: rendered full route key contains date bucket segment."
"F541","Find records where active means status is Active and deleted flag is false.","catalog.IndexSet(""records"").Where(""status"").AsString.EqualTo(""Active"").AND.Where(""deleted"").AsBoolean.EqualTo(false).EndCondition","store.Where.PropPath("".Status"").AsString.EqualTo(""Active"").AND.PropPath("".Deleted"").AsBoolean.EqualTo(false).EndCondition","5","AI-authored: active domain term expands to status and deleted flag."
"F542","Find records where current means effective date is before now and expiration date is after now.","catalog.IndexSet(""records"").Where(""effectiveDate"").AsDate.LessThan(now).AND.Where(""expirationDate"").AsDate.GreaterThan(now).EndCondition","store.Where.PropPath("".EffectiveDate"").AsDate.LessThan(now).AND.PropPath("".ExpirationDate"").AsDate.GreaterThan(now).EndCondition","5","AI-authored: current domain term expands to active date window."
"F543","Find records where recent means created in the last 14 days.","catalog.IndexSet(""records"").Where(""created"").AsDate.IsInLastDays(14).EndCondition","store.Where.PropPath("".Created"").AsDate.IsInLastDays(14).EndCondition","5","AI-authored: recent is explicitly defined as last 14 days."
"F544","Find records where stale means updated date is older than 30 days and status is not Closed.","catalog.IndexSet(""records"").Where(""updatedDate"").AsDate.LessThan(now.AddDays(-30)).AND.Not.Where(""status"").AsString.EqualTo(""Closed"").EndCondition","store.Where.PropPath("".UpdatedDate"").AsDate.LessThan(now.AddDays(-30)).AND.Not.PropPath("".Status"").AsString.EqualTo(""Closed"").EndCondition","5","AI-authored: stale term is explicitly defined by cutoff and status."
"F545","Find records where expired means expiration date is before now.","catalog.IndexSet(""records"").Where(""expirationDate"").AsDate.LessThan(now).EndCondition","store.Where.PropPath("".ExpirationDate"").AsDate.LessThan(now).EndCondition","5","AI-authored: expired term is explicitly expiration before now."
"F546","Find records where nearby means geohash starts with any of several nearby tile prefixes.","catalog.IndexSet(""records"").Where(""geohash"").AsString.StartsWith(tile1).OR.Where(""geohash"").AsString.StartsWith(tile2).EndCondition","store.Where.PropPath("".Geohash"").AsString.StartsWith(tile1).OR.PropPath("".Geohash"").AsString.StartsWith(tile2).EndCondition","5","AI-authored: nearby tiles need OR over prefix predicates."
"F547","Find records where same customer means customer id equals the current row customer id.","catalog.IndexSet(""records"").Where(""customerId"").AsGuid.EqualTo(currentCustomerId).EndCondition","store.Where.PropPath("".CustomerId"").AsGuid.EqualTo(currentCustomerId).EndCondition","5","AI-authored: row-relative wording becomes an ordinary equality once the caller supplies the current row customer id as a runtime value."
"F548","Find records where same tenant means tenant id equals the caller tenant id.","catalog.IndexSet(""records"").Where(""tenantId"").AsGuid.EqualTo(currentTenantId).EndCondition","store.Where.PropPath("".TenantId"").AsGuid.EqualTo(currentTenantId).EndCondition","5","AI-authored: same tenant is explicitly caller tenant id equality."
"F549","Find records where visible means public is true or the owner id equals the current user id.","catalog.IndexSet(""records"").Where(""public"").AsBoolean.EqualTo(true).OR.Where(""ownerId"").AsGuid.EqualTo(currentUserId).EndCondition","store.Where.PropPath("".Public"").AsBoolean.EqualTo(true).OR.PropPath("".OwnerId"").AsGuid.EqualTo(currentUserId).EndCondition","5","AI-authored: visible term expands to public or owned-by-current-user."
"F550","Find records where accessible means tenant id matches and either public is true or ACL role is allowed.","catalog.IndexSet(""records"").Where(""tenantId"").AsGuid.EqualTo(tenantId).AND.Group(publicOrAllowedAclRoleFragment).EndCondition","store.Where.PropPath("".TenantId"").AsGuid.EqualTo(tenantId).AND.Group(publicOrAllowedAclRoleFragment).EndCondition","5","AI-authored redo: tenant match is indexed; public-or-ACL logic should be a grouped fragment, potentially using WhereInverse over ACL-visible identities and aclRole."
"F551","Find records where display name equals a value after trimming whitespace.","catalog.IndexSet(""records"").Where(""trimmedDisplayName"").AsString.EqualTo(trimmedDisplayName).EndCondition","store.Where.PropPath("".TrimmedDisplayName"").AsString.EqualTo(trimmedDisplayName).EndCondition","5","AI-authored: dev trims the criteria value into the same comparable key shape used while building the index; use External only when trimmedDisplayName is not maintained."
"F552","Find records where display name equals a value after folding accents and case.","catalog.IndexSet(""records"").Where(""foldedDisplayName"").AsString.EqualTo(foldedDisplayName).EndCondition","store.Where.PropPath("".FoldedDisplayName"").AsString.EqualTo(foldedDisplayName).EndCondition","5","AI-authored: accent/case folding is app-owned normalization into a comparable indexed key; LibraDex compares the maintained foldedDisplayName projection directly."
"F553","Find records where display name sorts after a value using French culture.","catalog.IndexSet(""records"").Where(""displayNameSortKeyFr"").AsBinary.GreaterThan(sortKey).EndCondition","store.Where.PropPath("".DisplayNameSortKeyFr"").AsBinary.GreaterThan(sortKey).EndCondition","5","AI-authored: French culture sort requires a maintained culture sort-key projection."
"F554","Find records where display name sorts between two values using Swedish culture.","catalog.IndexSet(""records"").Where(""displayNameSortKeySv"").AsBinary.Between(minSortKey, maxSortKey).EndCondition","store.Where.PropPath("".DisplayNameSortKeySv"").AsBinary.Between(minSortKey, maxSortKey).EndCondition","5","AI-authored: Swedish culture range requires a maintained sort-key projection."
"F555","Find records where search text contains every token in a user-supplied phrase.","catalog.IndexSet(""records"").External(id => ContainsEverySearchToken(id, searchTokens)).EndCondition","store.Where.External(id => ContainsEverySearchToken(id, searchTokens)).EndCondition","5","AI-authored: dev tokenizes the phrase and owns every-token semantics; use indexed searchToken AND expansion when tokens are modeled as per-token index entries, or External for caller-owned token policy."
"F556","Find records where search text contains any token in a user-supplied phrase.","catalog.IndexSet(""records"").Where(""searchToken"").AsString.InSet(searchTokens).EndCondition","store.Where.PropPath("".SearchToken"").AsString.InSet(searchTokens).EndCondition","5","AI-authored: dev tokenizes the phrase before querying; when searchToken is modeled as one indexed entry per token, any-token lookup is same-key InSet."
"F557","Find records where search text does not contain any blocked word.","catalog.IndexSet(""records"").Not.Where(""searchToken"").AsString.InSet(blockedWords).EndCondition","store.Where.Not.PropPath("".SearchToken"").AsString.InSet(blockedWords).EndCondition","5","AI-authored: with searchToken modeled as one indexed entry per token, canonical Not around blocked-token membership expresses no blocked token; use External if tokenization or identity-universe complement semantics are caller-owned."
"F558","Find records where tags include the tag urgent.","catalog.IndexSet(""records"").Where(""tag"").AsString.EqualTo(""urgent"").EndCondition","store.Where.PropPath("".Tag"").AsString.EqualTo(""urgent"").EndCondition","5","AI-authored: tag membership can be modeled as one indexed tag entry per tag."
"F559","Find records where tags include all of urgent and customer-facing.","catalog.IndexSet(""records"").Where(""tag"").AsString.EqualTo(""urgent"").AND.Where(""tag"").AsString.EqualTo(""customer-facing"").EndCondition","store.Where.PropPath("".Tag"").AsString.EqualTo(""urgent"").AND.PropPath("".Tag"").AsString.EqualTo(""customer-facing"").EndCondition","5","AI-authored: all required tags are multiple tag-index membership leaves."
"F560","Find records where tags include any of billing, renewal, or refund.","catalog.IndexSet(""records"").Where(""tag"").AsString.InSet(new[] { ""billing"", ""renewal"", ""refund"" }).EndCondition","store.Where.PropPath("".Tag"").AsString.InSet(new[] { ""billing"", ""renewal"", ""refund"" }).EndCondition","5","AI-authored: any listed tag uses same-key InSet."
"F561","Find records where tags do not include archived.","catalog.IndexSet(""records"").Where(""tag"").Not.AsString.EqualTo(""archived"").EndCondition","store.Where.Not.PropPath("".Tag"").AsString.EqualTo(""archived"").EndCondition","5","AI-authored: tag exclusion is a negated tag membership leaf."
"F562","Find records where tags include urgent but not internal.","catalog.IndexSet(""records"").Where(""tag"").AsString.EqualTo(""urgent"").AND.Not.Where(""tag"").AsString.EqualTo(""internal"").EndCondition","store.Where.PropPath("".Tag"").AsString.EqualTo(""urgent"").AND.Not.PropPath("".Tag"").AsString.EqualTo(""internal"").EndCondition","5","AI-authored: include one tag and exclude another."
"F563","Find records where categories include exactly one selected category.","catalog.IndexSet(""records"").Where(""category"").AsString.InSet(selectedCategories).AND.External(id => CountSelectedCategories(id, selectedCategories) == 1).EndCondition","store.Where.PropPath("".Category"").AsString.InSet(selectedCategories).AND.External(id => CountSelectedCategories(id, selectedCategories) == 1).EndCondition","5","AI-authored redo: category index narrows to records with at least one selected category; External or a maintained selected-category-count projection enforces exactly one."
"F564","Find records where category membership is stored as a separate tag index.","catalog.IndexSet(""records"").Where(""categoryTag"").AsString.EqualTo(selectedCategory).EndCondition","store.Where.PropPath("".CategoryTag"").AsString.EqualTo(selectedCategory).EndCondition","5","AI-authored: separate tag index makes category membership a normal equality."
"F565","Find records where normalized phone equals a number and country code equals US.","catalog.IndexSet(""records"").Where(""normalizedPhone"").AsString.EqualTo(normalizedPhone).AND.Where(""countryCode"").AsString.EqualTo(""US"").EndCondition","store.Where.PropPath("".NormalizedPhone"").AsString.EqualTo(normalizedPhone).AND.PropPath("".CountryCode"").AsString.EqualTo(""US"").EndCondition","5","AI-authored: works when normalized phone and country code are indexed projections."
"F566","Find records where normalized phone is absent and email is also absent.","catalog.IndexSet(""records"").Where(""normalizedPhone"").AsString.EqualTo(NullKey.Null).AND.Where(""email"").AsString.EqualTo(NullKey.Null).EndCondition","store.Where.PropPath("".NormalizedPhone"").AsString.EqualTo(null).AND.PropPath("".Email"").AsString.EqualTo(null).EndCondition","5","AI-authored: both indexed contact keys are stored null."
"F567","Find records where email domain is blocked but account status is active.","catalog.IndexSet(""records"").Where(""emailDomain"").AsString.InSet(blockedDomains).AND.Where(""accountStatus"").AsString.EqualTo(""Active"").EndCondition","store.Where.PropPath("".EmailDomain"").AsString.InSet(blockedDomains).AND.PropPath("".AccountStatus"").AsString.EqualTo(""Active"").EndCondition","5","AI-authored: blocked domain requires an email-domain projection."
"F568","Find records where either primary email or backup email ends with example.com.","catalog.IndexSet(""records"").Where(""primaryEmail"").AsString.EndsWith(""example.com"").OR.Where(""backupEmail"").AsString.EndsWith(""example.com"").EndCondition","store.Where.PropPath("".PrimaryEmail"").AsString.EndsWith(""example.com"").OR.PropPath("".BackupEmail"").AsString.EndsWith(""example.com"").EndCondition","5","AI-authored: suffix test over either email field."
"F569","Find records where username is reserved only for the system tenant.","catalog.IndexSet(""users"").CompositeWhere(""tenantUsername"").KeyPart(""username"").AsString.InSet(reservedUsernames).And.KeyPart(""tenantId"").AsGuid.NotEqualTo(systemTenantId).EndCondition","store.Where.PropPath("".Username"").AsString.InSet(reservedUsernames).AND.Not.PropPath("".TenantId"").AsGuid.EqualTo(systemTenantId).EndCondition","5","AI-authored redo: reserved username policy can be queried as a violation over the tenant/username composite key."
"F570","Find records where username is unique within a tenant composite key.","allUsersCondition.Groups(resolveIndex).By(tenantUsernameIndex).Duplicates().Metadata()","store.Where.All().GroupBy(""TenantUsername"").Duplicates().Metadata()","5","AI-authored redo: uniqueness within tenant composite key is checked by grouping on the tenantUsername composite index and finding duplicate groups; enforcement remains an index/constraint policy."
"F571","Find records where end date is before start date.","catalog.IndexSet(""records"").External(id => EndDate(id) < StartDate(id)).EndCondition","store.Where.External(id => EndDate(id) < StartDate(id)).EndCondition","5","AI-authored: date-order validation compares two fields on the same row; External or a maintained invalidDateRange projection is the honest form."
"F572","Find records where due date is more than 30 days after created date.","catalog.IndexSet(""records"").External(id => DueDate(id) > CreatedDate(id).AddDays(30)).EndCondition","store.Where.External(id => DueDate(id) > CreatedDate(id).AddDays(30)).EndCondition","5","AI-authored: date arithmetic across fields is dev-owned residual logic; use indexed narrowing before External when possible."
"F573","Find records where paid amount is greater than invoice amount.","catalog.IndexSet(""records"").External(id => PaidAmount(id) > InvoiceAmount(id)).EndCondition","store.Where.External(id => PaidAmount(id) > InvoiceAmount(id)).EndCondition","5","AI-authored: amount comparison across fields is residual row logic unless a maintained overpaid projection exists."
"F574","Find records where discount amount is greater than total amount.","catalog.IndexSet(""records"").External(id => DiscountAmount(id) > TotalAmount(id)).EndCondition","store.Where.External(id => DiscountAmount(id) > TotalAmount(id)).EndCondition","5","AI-authored: amount comparison across fields is residual row logic unless a maintained invalidDiscount projection exists."
"F575","Find records where current balance differs from calculated balance.","catalog.IndexSet(""records"").External(id => CurrentBalance(id) != CalculatedBalance(id)).EndCondition","store.Where.External(id => CurrentBalance(id) != CalculatedBalance(id)).EndCondition","5","AI-authored: calculated balance is caller-owned computed logic; External expresses it without implying an index-native balance comparison."
"F576","Find records where updated timestamp is earlier than created timestamp.","catalog.IndexSet(""records"").External(id => UpdatedTimestamp(id) < CreatedTimestamp(id)).EndCondition","store.Where.External(id => UpdatedTimestamp(id) < CreatedTimestamp(id)).EndCondition","5","AI-authored: timestamp order validation compares two fields on the same row; External or a maintained invalidTimestampOrder projection is appropriate."
"F577","Find records where closed timestamp is missing while status is Closed.","catalog.IndexSet(""records"").Where(""closedTimestamp"").AsDate.EqualTo(ScalarNull.Null).AND.Where(""status"").AsString.EqualTo(""Closed"").EndCondition","store.Where.PropPath("".ClosedTimestamp"").AsDate.EqualTo(null).AND.PropPath("".Status"").AsString.EqualTo(""Closed"").EndCondition","5","AI-authored: scalar-null timestamp plus closed status."
"F578","Find records where shipped timestamp is present while status is not Shipped.","catalog.IndexSet(""records"").Where(""shippedTimestamp"").AsDate.EqualTo(ScalarNull.NonNull).AND.Not.Where(""status"").AsString.EqualTo(""Shipped"").EndCondition","store.Where.PropPath("".ShippedTimestamp"").AsDate.EqualTo(notNull).AND.Not.PropPath("".Status"").AsString.EqualTo(""Shipped"").EndCondition","5","AI-authored: present shipped timestamp plus not-shipped status."
"F579","Find records where retry time is due and retry count is below max retry count.","catalog.IndexSet(""records"").Where(""retryTime"").AsDate.LessOrEqual(now).AND.Where(""retryCount"").AsInt64.LessThan(maxRetryCount).EndCondition","store.Where.PropPath("".RetryTime"").AsDate.LessOrEqual(now).AND.PropPath("".RetryCount"").AsInt64.LessThan(maxRetryCount).EndCondition","5","AI-authored: due retry time plus retry-count upper bound."
"F580","Find records where score is greater than a percentile threshold stored elsewhere.","catalog.IndexSet(""records"").Where(""score"").AsInt64.GreaterThan(percentileThreshold).EndCondition","store.Where.PropPath("".Score"").AsInt64.GreaterThan(percentileThreshold).EndCondition","5","AI-authored redo: percentile threshold is external input resolved before building the condition; the condition itself is an ordinary score comparison."
"F581","Find records where nullable date is null but sentinel date is not used.","catalog.IndexSet(""records"").Where(""nullableDate"").AsDate.EqualTo(ScalarNull.Null).AND.Not.Where(""nullableDate"").AsDate.EqualTo(DateTime.MinValue).EndCondition","store.Where.PropPath("".NullableDate"").AsDate.EqualTo(null).AND.Not.PropPath("".NullableDate"").AsDate.EqualTo(DateTime.MinValue).EndCondition","5","AI-authored: scalar null is distinct from a DateTime.MinValue sentinel."
"F582","Find records where nullable date is represented by DateTime.MinValue.","catalog.IndexSet(""records"").Where(""nullableDate"").AsDate.EqualTo(DateTime.MinValue).EndCondition","store.Where.PropPath("".NullableDate"").AsDate.EqualTo(DateTime.MinValue).EndCondition","5","AI-authored: explicit sentinel date equality."
"F583","Find records where nullable GUID is represented by Guid.Empty.","catalog.IndexSet(""records"").Where(""nullableGuid"").AsGuid.EqualTo(Guid.Empty).EndCondition","store.Where.PropPath("".NullableGuid"").AsGuid.EqualTo(Guid.Empty).EndCondition","5","AI-authored: explicit Guid.Empty sentinel equality."
"F584","Find records where nullable string is stored as a null key.","catalog.IndexSet(""records"").Where(""nullableString"").AsString.EqualTo(NullKey.Null).EndCondition","db.Records.Where(r => r.NullableString == null)","5","AI-authored: rephrased from missing index row to stored null key. A truly absent tuple would require a presence index or maintenance check instead of a value predicate."
"F585","Find records where missing values should be included in a sort-last result.","// Corpus note: sort-last missing values are a result-ordering policy. Enumerate real values first, then append NullKey.Null/NullKey.Empty or ScalarNull.Null identities when the caller wants missing last.","// Corpus note: sort-last missing treatment belongs to caller result ordering or a maintained sort projection, not a condition predicate.","5","AI-authored close: LibraDex can retrieve the missing-key buckets, but placing them last is presentation/result composition or a maintained sort projection, not new condition-builder syntax."
"F586","Find records where missing values should be treated as Unknown during grouping.","// Corpus note: grouping over a LibraDex index already gives stored null/empty key states their own grouping bucket; label that bucket as ""Unknown"" in caller presentation when desired.","// Corpus note: map the null/empty grouping bucket to ""Unknown"" in presentation or aggregation code.","5","AI-authored close: grouping preserves stored key state. Null/empty can group distinctly; renaming the bucket to Unknown or modeling absent tuples is caller/model policy."
"F587","Find records where explicit Unknown enum value should match but missing should not.","catalog.IndexSet(""records"").Where(""enumValue"").AsString.EqualTo(""Unknown"").EndCondition","store.Where.PropPath("".EnumValue"").AsString.EqualTo(""Unknown"").EndCondition","5","AI-authored: explicit Unknown enum value is a stored value match."
"F588","Find records where empty byte array is different from missing binary value.","catalog.IndexSet(""records"").Where(""payload"").AsBinary.EqualTo(NullKey.Empty).EndCondition","store.Where.PropPath("".Payload"").AsBinary.EqualTo(Array.Empty<byte>()).EndCondition","5","AI-authored: empty byte array maps to NullKey.Empty, distinct from missing/null."
"F589","Find records where whitespace-only string should be treated as missing.","catalog.IndexSet(""records"").Where(""stringValue"").AsString.Matches(@""^\s+$"").EndCondition","db.Records.Where(r => Regex.IsMatch(r.StringValue, @""^\s+$""))","5","AI-authored: LibraDex can find whitespace-only string keys with boolean regex; treating those identities as missing is a caller normalization/policy decision."
"F590","Find records where null, empty, and whitespace are all considered blank.","catalog.IndexSet(""records"").Where(""stringValue"").AsString.EqualTo(NullKey.NullOrEmpty).OR.Where(""stringValue"").AsString.Matches(@""^\s+$"").EndCondition","db.Records.Where(r => r.StringValue == null || r.StringValue == """" || Regex.IsMatch(r.StringValue, @""^\s+$""))","5","AI-authored: combines stored null/empty key-state routes with a whitespace-only regex. Broader blank normalization remains caller-owned if culture or Unicode category rules matter."
"F591","Find records where local business day is today in America/Phoenix.","catalog.IndexSet(""records"").Where(""tenantLocalDate"").AsDate.EqualTo(todayInAmericaPhoenix).EndCondition","store.Where.PropPath("".TenantLocalDate"").AsDate.EqualTo(todayInAmericaPhoenix).EndCondition","5","AI-authored redo: America/Phoenix local day should be caller-computed or maintained as tenantLocalDate; LibraDex should not own timezone policy."
"F592","Find records where fiscal quarter is Q4 for a non-calendar fiscal year.","catalog.IndexSet(""records"").Where(""fiscalQuarter"").AsInt32.EqualTo(4).EndCondition","store.Where.PropPath("".FiscalQuarter"").AsInt32.EqualTo(4).EndCondition","5","AI-authored redo: non-calendar fiscal quarter belongs in a maintained fiscalQuarter projection."
"F593","Find records where fiscal year equals 2026.","catalog.IndexSet(""records"").Where(""fiscalYear"").AsInt32.EqualTo(2026).EndCondition","store.Where.PropPath("".FiscalYear"").AsInt32.EqualTo(2026).EndCondition","5","AI-authored redo: fiscal year belongs in a maintained fiscalYear projection."
"F594","Find records where week number equals ISO week 23.","catalog.IndexSet(""records"").Where(""isoWeek"").AsInt32.EqualTo(23).EndCondition","store.Where.PropPath("".IsoWeek"").AsInt32.EqualTo(23).EndCondition","5","AI-authored redo: ISO week is correct as a maintained isoWeek projection."
"F595","Find records where time is inside a caller-supplied business-hours window.","catalog.IndexSet(""records"").Where(""localTimeOfDay"").AsTimeOnly.Between(businessStart, businessEnd).EndCondition","store.Where.PropPath("".LocalTimeOfDay"").AsTimeOnly.Between(businessStart, businessEnd).EndCondition","5","AI-authored redo: caller supplies business-hours bounds; indexed local TimeOnly supports the range predicate."
"F596","Find records where timestamp is outside support hours on weekends.","catalog.IndexSet(""records"").Where(""supportHoursBucket"").AsBoolean.EqualTo(false).AND.Where(""isWeekend"").AsBoolean.EqualTo(true).EndCondition","store.Where.PropPath("".SupportHoursBucket"").AsBoolean.EqualTo(false).AND.PropPath("".IsWeekend"").AsBoolean.EqualTo(true).EndCondition","5","AI-authored redo: support calendar policy is modeled as supportHoursBucket plus weekend projection."
"F597","Find records where timestamp crosses daylight-saving transition boundaries.","catalog.IndexSet(""records"").Where(""dstTransitionBoundaryId"").AsString.InSet(dstTransitionBoundaryIds).EndCondition","store.Where.PropPath("".DstTransitionBoundaryId"").AsString.InSet(dstTransitionBoundaryIds).EndCondition","5","AI-authored redo: DST boundary logic is calendar policy; query a maintained boundary id/projection rather than raw timestamp arithmetic."
"F598","Find records where timestamp is in the tenant local time zone.","catalog.IndexSet(""records"").Where(""tenantLocalTimestamp"").AsDate.Between(localStart, localEnd).EndCondition","store.Where.PropPath("".TenantLocalTimestamp"").AsDate.Between(localStart, localEnd).EndCondition","5","AI-authored redo: tenant-local time requires caller conversion or maintained tenantLocalTimestamp; then normal date range syntax applies."
"F599","Find records where due date is the next business day.","catalog.IndexSet(""records"").Where(""businessDueDate"").AsDate.EqualTo(nextBusinessDate).EndCondition","store.Where.PropPath("".BusinessDueDate"").AsDate.EqualTo(nextBusinessDate).EndCondition","5","AI-authored redo: next business day is caller/business-calendar policy projected to a businessDueDate key."
"F600","Find records where blackout window overlaps the requested appointment time.","catalog.IndexSet(""records"").External(id => BlackoutWindowOverlaps(id, requestedAppointmentStart, requestedAppointmentEnd)).EndCondition","store.Where.External(id => BlackoutWindowOverlaps(id, requestedAppointmentStart, requestedAppointmentEnd)).EndCondition","5","AI-authored: interval overlap is policy/caller-owned logic; use indexed time bounds to narrow candidates, then External for the overlap predicate."
"F601","Find records where tenant ACL role is one of Reader, Editor, or Owner.","catalog.IndexSet(""records"").WhereInverse.InSet(tenantAclRecordIds).Key(""tenantAclRole"").AsString.InSet(new[] { ""Reader"", ""Editor"", ""Owner"" }).EndCondition","store.Where.External(id => TenantAclRole(id).IsIn(""Reader"", ""Editor"", ""Owner""))","5","AI-authored redo: WhereInverse can filter caller/ACL-provided record identities by an inverse-included tenantAclRole key without hydrating records."
"F602","Find records where principal has direct permission or inherited group permission.","catalog.IndexSet(""records"").WhereInverse.InSet(principalVisibleRecordIds).Key(""permissionSource"").AsString.InSet(new[] { ""Direct"", ""InheritedGroup"" }).And.Key(""permission"").AsString.InSet(requiredPermissions).EndCondition","store.Where.External(id => HasDirectOrInheritedGroupPermission(principal, id))","5","AI-authored redo: direct/inherited permission is policy-owned, but WhereInverse can refine a principal-visible identity set by inverse-included permission keys."
"F603","Find records where resource is visible to anonymous users but not hidden.","catalog.IndexSet(""records"").Where(""anonymousVisible"").AsBoolean.EqualTo(true).AND.Where(""hidden"").AsBoolean.EqualTo(false).EndCondition","store.Where.PropPath("".AnonymousVisible"").AsBoolean.EqualTo(true).AND.PropPath("".Hidden"").AsBoolean.EqualTo(false).EndCondition","5","AI-authored: anonymous visibility and hidden flag are direct Boolean predicates if stored."
"F604","Find records where row-level security allows owner or admin access.","catalog.IndexSet(""records"").Where(""ownerId"").AsGuid.EqualTo(userId).OR.External(id => UserIsAdminForRecord(userId, id)).EndCondition","store.Where.PropPath("".OwnerId"").AsGuid.EqualTo(userId).OR.External(id => UserIsAdminForRecord(userId, id)).EndCondition","5","AI-authored redo: owner is indexed and admin access is caller/security policy via External or a maintained admin-access projection."
"F605","Find records where tenant id is allowed and classification is not Restricted.","catalog.IndexSet(""records"").Where(""tenantId"").AsGuid.InSet(allowedTenantIds).AND.Not.Where(""classification"").AsString.EqualTo(""Restricted"").EndCondition","store.Where.PropPath("".TenantId"").AsGuid.InSet(allowedTenantIds).AND.Not.PropPath("".Classification"").AsString.EqualTo(""Restricted"").EndCondition","5","AI-authored: allowed tenant set plus classification exclusion."
"F606","Find records where legal hold is set or retention expiration is in the future.","catalog.IndexSet(""records"").Where(""legalHold"").AsBoolean.EqualTo(true).OR.Where(""retentionExpiration"").AsDate.GreaterThan(now).EndCondition","store.Where.PropPath("".LegalHold"").AsBoolean.EqualTo(true).OR.PropPath("".RetentionExpiration"").AsDate.GreaterThan(now).EndCondition","5","AI-authored: legal hold or future retention expiration."
"F607","Find records where security labels contain Confidential and exclude Public.","catalog.IndexSet(""records"").Where(""securityLabel"").AsString.EqualTo(""Confidential"").AND.Not.Where(""securityLabel"").AsString.EqualTo(""Public"").EndCondition","store.Where.PropPath("".SecurityLabel"").AsString.EqualTo(""Confidential"").AND.Not.PropPath("".SecurityLabel"").AsString.EqualTo(""Public"").EndCondition","5","AI-authored: label include/exclude assumes one indexed row per label."
"F608","Find records where access mask has all required bits and no denied bits.","catalog.IndexSet(""records"").Where(""accessMask"").AsInt64.AllBitsSet(requiredMask).AND.Where(""accessMask"").AsInt64.NoBitsSet(deniedMask).EndCondition","store.Where.PropPath("".AccessMask"").AsInt64.AllBitsSet(requiredMask).AND.PropPath("".AccessMask"").AsInt64.NoBitsSet(deniedMask).EndCondition","5","AI-authored: required and denied access bits."
"F609","Find records where effective permission is computed from multiple permission rows.","catalog.IndexSet(""records"").WhereInverse.InSet(permissionCandidateRecordIds).Key(""effectivePermission"").AsString.InSet(requiredPermissions).EndCondition","store.Where.External(id => EffectivePermission(id).IsIn(requiredPermissions))","5","AI-authored redo: effective permission from multiple rows should be precomputed/maintained; WhereInverse can then filter candidates by the effectivePermission key."
"F610","Find records where a user can see a document because a team ACL matches.","catalog.IndexSet(""documents"").WhereInverse.InSet(teamAclDocumentIds).Key(""aclTeamId"").AsGuid.InSet(userTeamIds).EndCondition","store.Where.External(id => TeamAclMatches(userTeamIds, id))","5","AI-authored redo: team ACL matching remains security policy, but WhereInverse can refine ACL-provided document identities by inverse-included aclTeamId."
"F611","Find records where a composite key has tenant id and normalized email and email starts with support.","catalog.IndexSet(""records"").CompositeWhere(""compositeKey"").KeyPart(""tenantId"").AsGuid.EqualTo(tenantId).And.KeyPart(""normalizedEmail"").AsString.StartsWith(""support"").EndCondition","store.Where.PropPath("".TenantId"").AsGuid.EqualTo(tenantId).AND.PropPath("".NormalizedEmail"").AsString.StartsWith(""support"").EndCondition","5","AI-authored: composite tenant and normalized email parts."
"F612","Find records where a composite key has tenant id and tag and tag is in a supplied list.","catalog.IndexSet(""records"").CompositeWhere(""compositeKey"").KeyPart(""tag"").AsString.InSet(tags).EndCondition","store.Where.PropPath("".Tag"").AsString.InSet(tags).EndCondition","5","AI-authored: composite string KeyPart now supports InSet; the tenant-id/tag shape is supplied by the composite index contract."
"F613","Find records where a composite key has country, state, and city but the city part is missing.","catalog.IndexSet(""records"").CompositeWhere(""compositeKey"").KeyPart(""country"").AsString.EqualTo(country).And.KeyPart(""state"").AsString.EqualTo(state).And.KeyPart(""city"").AsString.EqualTo(NullKey.Null).EndCondition","store.Where.PropPath("".Country"").AsString.EqualTo(country).AND.PropPath("".State"").AsString.EqualTo(state).AND.PropPath("".City"").AsString.EqualTo(null).EndCondition","5","AI-authored: matched composite parts plus missing city part."
"F614","Find records where a composite key full rendering contains a phrase after excluding tenant id.","catalog.IndexSet(""records"").CompositeWhere(""compositeKey"").FullKey().Excluding(""tenantId"").AsString.Contains(phrase).EndCondition","store.Where.PropPath("".FullKeyWithoutTenant"").AsString.Contains(phrase).EndCondition","5","AI-authored: full rendering after excluding tenant id uses FullKey/Excluding."
"F615","Find records where a composite key full rendering uses slash delimiters and starts with a tenant slug.","catalog.IndexSet(""records"").CompositeWhere(""compositeKey"").FullKey(""/"").AsString.StartsWith(tenantSlug).EndCondition","store.Where.PropPath("".SlashDelimitedFullKey"").AsString.StartsWith(tenantSlug).EndCondition","5","AI-authored: slash-delimited full-key rendering."
"F616","Find records where composite key parts are matched out of order by name.","catalog.IndexSet(""records"").CompositeWhere(""compositeKey"").KeyPart(""city"").AsString.EqualTo(city).And.KeyPart(""country"").AsString.EqualTo(country).EndCondition","store.Where.PropPath("".City"").AsString.EqualTo(city).AND.PropPath("".Country"").AsString.EqualTo(country).EndCondition","5","AI-authored: named KeyPart matching is independent of physical part order."
"F617","Find records where composite key first part is missing but later parts match.","catalog.IndexSet(""records"").CompositeWhere(""compositeKey"").KeyPart(""firstPart"").AsString.EqualTo(NullKey.Null).And.KeyPart(""laterPart"").AsString.EqualTo(value).EndCondition","store.Where.PropPath("".FirstPart"").AsString.EqualTo(null).AND.PropPath("".LaterPart"").AsString.EqualTo(value).EndCondition","5","AI-authored: missing first part plus later part match."
"F618","Find records where composite key date part is today and string part starts with api.","catalog.IndexSet(""records"").CompositeWhere(""compositeKey"").KeyPart(""date"").AsDate.IsToday().And.KeyPart(""name"").AsString.StartsWith(""api"").EndCondition","store.Where.PropPath("".Date"").AsDate.IsToday().AND.PropPath("".Name"").AsString.StartsWith(""api"").EndCondition","5","AI-authored: composite date part plus string prefix."
"F619","Find records where composite key GUID part equals a tenant id and binary part starts with a marker.","catalog.IndexSet(""records"").CompositeIndex<Guid, byte[], long>(""tenantMarker"").Where.Part1.EqualTo(tenantId).And.Part2.StartsWith(marker).EndCondition","store.Where.PropPath("".TenantId"").AsGuid.EqualTo(tenantId).AND.PropPath("".Marker"").AsBinary.StartsWith(marker).EndCondition","5","AI-authored: typed composite handle selects the composite index first, then uses Part1 Guid equality and Part2 byte-domain prefix."
"F620","Find records where composite key amount part is greater than zero and currency part equals USD.","catalog.IndexSet(""records"").CompositeWhere(""compositeKey"").KeyPart(""amount"").AsScalar<long>().GreaterThan(0L).And.KeyPart(""currency"").AsString.EqualTo(""USD"").EndCondition","store.Where.PropPath("".Amount"").AsInt64.GreaterThan(0L).AND.PropPath("".Currency"").AsString.EqualTo(""USD"").EndCondition","5","AI-authored: composite amount and currency parts."
"F621","Find records where binary payload has a JSON content-type marker.","catalog.IndexSet(""records"").Where(""payload"").AsBinary.Contains(jsonContentTypeMarkerBytes).EndCondition","store.Where.PropPath("".Payload"").AsBinary.Contains(jsonContentTypeMarkerBytes).EndCondition","5","AI-authored: binary marker containment."
"F622","Find records where binary payload contains a UTF-8 field name.","catalog.IndexSet(""records"").Where(""payload"").AsBinary.Contains(utf8FieldNameBytes).EndCondition","store.Where.PropPath("".Payload"").AsBinary.Contains(utf8FieldNameBytes).EndCondition","5","AI-authored: UTF-8 field-name bytes containment."
"F623","Find records where binary payload slice interpreted as ASCII equals OK.","catalog.IndexSet(""records"").Where(""payload"").AsBinary.SlicedAsAsciiString(offset, length).EqualTo(""OK"").EndCondition","store.Where.PropPath("".Payload"").AsBinary.SlicedAsAsciiString(offset, length).EqualTo(""OK"").EndCondition","5","AI-authored: typed ASCII binary slice equality."
"F624","Find records where binary payload slice interpreted as UInt16 has a flag bit set.","catalog.IndexSet(""records"").Where(""payload"").AsBinary.SlicedAsUInt16(offset).AllBitsSet(flagMask).EndCondition","store.Where.PropPath("".Payload"").AsBinary.SlicedAsUInt16(offset).AllBitsSet(flagMask).EndCondition","5","AI-authored: UInt16 slice with bitmask predicate."
"F625","Find records where binary payload slice interpreted as DateOnly equals today.","catalog.IndexSet(""records"").Where(""payload"").AsBinary.SlicedAsDateOnly(offset).EqualTo(today).EndCondition","store.Where.PropPath("".Payload"").AsBinary.SlicedAsDateOnly(offset).EqualTo(today).EndCondition","5","AI-authored: DateOnly binary slice equality."
"F626","Find records where binary payload slice interpreted as DateTimeOffset is before now.","catalog.IndexSet(""records"").Where(""payload"").AsBinary.SlicedAsDateTimeOffset(offset).LessThan(nowOffset).EndCondition","store.Where.PropPath("".Payload"").AsBinary.SlicedAsDateTimeOffset(offset).LessThan(nowOffset).EndCondition","5","AI-authored: DateTimeOffset binary slice cutoff; SlicedAsDateTimeOffset accepts DateTimeOffset operands, while SlicedAsDateTime remains the explicit DateTime tick slice."
"F627","Find records where binary payload prefix and tenant id both match.","catalog.IndexSet(""records"").Where(""payload"").AsBinary.StartsWith(payloadPrefix).AND.Where(""tenantId"").AsGuid.EqualTo(tenantId).EndCondition","store.Where.PropPath("".Payload"").AsBinary.StartsWith(payloadPrefix).AND.PropPath("".TenantId"").AsGuid.EqualTo(tenantId).EndCondition","5","AI-authored: binary prefix plus tenant Guid."
"F628","Find records where binary payload suffix is a known signature and status is Active.","catalog.IndexSet(""records"").Where(""payload"").AsBinary.EndsWith(signatureBytes).AND.Where(""status"").AsString.EqualTo(""Active"").EndCondition","store.Where.PropPath("".Payload"").AsBinary.EndsWith(signatureBytes).AND.PropPath("".Status"").AsString.EqualTo(""Active"").EndCondition","5","AI-authored: binary suffix plus status."
"F629","Find records where binary payload has none of the reserved header bits set.","catalog.IndexSet(""records"").Where(""payload"").AsBinary.SlicedAsUInt16(headerFlagsOffset).NoBitsSet(reservedBits).EndCondition","store.Where.PropPath("".Payload"").AsBinary.SlicedAsUInt16(headerFlagsOffset).NoBitsSet(reservedBits).EndCondition","5","AI-authored: header flag slice with reserved bits clear."
"F630","Find records where binary payload custom-encoded text contains a marker.","catalog.IndexSet(""records"").Where(""decodedPayloadText"").AsString.Contains(marker).EndCondition","store.Where.PropPath("".DecodedPayloadText"").AsString.Contains(marker).EndCondition","5","AI-authored: custom decoding is app-owned projection work; once decodedPayloadText is maintained as an indexed string key, marker containment is ordinary string Contains."
"F631","Find records where semantic version is compatible with 2.x but not prerelease.","catalog.IndexSet(""records"").Where(""semverMajor"").AsInt64.EqualTo(2L).AND.Where(""semverPrereleaseTag"").AsString.EqualTo(NullKey.Null).EndCondition","store.Where.PropPath("".SemverMajor"").AsInt64.EqualTo(2L).AND.PropPath("".SemverPrereleaseTag"").AsString.EqualTo(null).EndCondition","5","AI-authored: compatible 2.x requires modeled semver projections."
"F632","Find records where version range overlaps a requested version range.","catalog.IndexSet(""records"").Where(""minVersion"").AsInt64.LessOrEqual(requestedMaxVersion).AND.Where(""maxVersion"").AsInt64.GreaterOrEqual(requestedMinVersion).EndCondition","store.Where.PropPath("".MinVersion"").AsInt64.LessOrEqual(requestedMaxVersion).AND.PropPath("".MaxVersion"").AsInt64.GreaterOrEqual(requestedMinVersion).EndCondition","5","AI-authored: closed interval overlap has the standard indexed form min <= requestedMax AND max >= requestedMin; use External only for custom version ordering policy."
"F633","Find records where IP subnet is one of a caller-provided allowlist.","catalog.IndexSet(""records"").Where(""ipSubnet"").AsString.InSet(allowlistedSubnets).EndCondition","store.Where.PropPath("".IpSubnet"").AsString.InSet(allowlistedSubnets).EndCondition","5","AI-authored: subnet allowlist works with a modeled subnet key."
"F634","Find records where IP subnet is not in a denylist and country is US.","catalog.IndexSet(""records"").Where(""ipSubnet"").AsString.NotInSet(denylistedSubnets).AND.Where(""country"").AsString.EqualTo(""US"").EndCondition","store.Where.PropPath("".IpSubnet"").AsString.NotInSet(denylistedSubnets).AND.PropPath("".Country"").AsString.EqualTo(""US"").EndCondition","5","AI-authored: subnet exclusion plus country equality."
"F635","Find records where currency amount uses currency plus minor units composite key.","catalog.IndexSet(""records"").CompositeWhere(""compositeKey"").KeyPart(""currency"").AsString.EqualTo(currency).And.KeyPart(""minorUnits"").AsScalar<long>().EqualTo(minorUnits).EndCondition","store.Where.PropPath("".Currency"").AsString.EqualTo(currency).AND.PropPath("".MinorUnits"").AsInt64.EqualTo(minorUnits).EndCondition","5","AI-authored: currency amount composite key parts."
"F636","Find records where amount is above threshold after currency conversion.","catalog.IndexSet(""records"").External(id => ConvertedAmount(id, targetCurrency) > thresholdAmount).EndCondition","store.Where.External(id => ConvertedAmount(id, targetCurrency) > thresholdAmount).EndCondition","5","AI-authored: currency conversion is caller-owned policy unless a convertedAmount projection is maintained; External keeps that dependency explicit."
"F637","Find records where route key selects tenant, date bucket, and shard together.","catalog.IndexSet(""records"").CompositeWhere(""compositeKey"").KeyPart(""tenantId"").AsGuid.EqualTo(tenantId).And.KeyPart(""dateBucket"").AsDate.EqualTo(dateBucket).And.KeyPart(""shard"").AsScalar<long>().EqualTo(shard).EndCondition","store.Where.PropPath("".TenantId"").AsGuid.EqualTo(tenantId).AND.PropPath("".DateBucket"").AsDate.EqualTo(dateBucket).AND.PropPath("".Shard"").AsInt64.EqualTo(shard).EndCondition","5","AI-authored: route key selected through named composite parts."
"F638","Find records where route key date bucket is current month and shard is one of several shards.","catalog.IndexSet(""records"").CompositeWhere(""routeKey"").KeyPart(""dateBucket"").AsDate.YearMonth(currentYear, currentMonth).And.KeyPart(""shard"").AsString.InSet(shards).EndCondition","store.Where.PropPath("".DateBucket"").AsDate.YearMonth(currentYear, currentMonth).AND.PropPath("".Shard"").AsString.InSet(shards).EndCondition","5","AI-authored: current month uses caller-supplied currentYear/currentMonth context, matching other corpus rows; shard membership is expressed as a composite string part InSet."
"F639","Find records where geohash is in multiple neighboring tiles and category equals Store.","catalog.IndexSet(""records"").Group(nearbyTileFragment).AND.Where(""category"").AsString.EqualTo(""Store"").EndCondition","store.Where.Group(nearbyTileFragment).AND.PropPath("".Category"").AsString.EqualTo(""Store"").EndCondition","5","AI-authored: multiple neighboring geohash prefixes need a grouped OR fragment plus category."
"F640","Find records where normalized address contains street number and postal code.","catalog.IndexSet(""records"").Where(""normalizedAddress"").AsString.Contains(streetNumber).AND.Where(""normalizedAddress"").AsString.Contains(postalCode).EndCondition","store.Where.PropPath("".NormalizedAddress"").AsString.Contains(streetNumber).AND.PropPath("".NormalizedAddress"").AsString.Contains(postalCode).EndCondition","5","AI-authored: dev normalizes/parses the address into a comparable indexed normalizedAddress key; matching both street number and postal code is an AND of ordinary string containment predicates."
"F641","Find records where generated code chooses one of several indexes based on selected search mode.","catalog.IndexSet(""records"").Where(selectedIndexName).AsString.EqualTo(searchValue).EndCondition","store.Where.PropPath(selectedPropertyPath).AsString.EqualTo(searchValue).EndCondition","5","AI-authored: generated code can choose the indexed field before constructing the condition."
"F642","Find records where a varlen binary key is null.","catalog.IndexSet(""records"").Where(""payload"").AsBinary.EqualTo(NullKey.Null).EndCondition","store.Where.PropPath("".Payload"").AsBinary.EqualTo(null).EndCondition","5","AI-authored: varlen binary null key."
"F643","Find records where a varlen binary key is the empty byte array.","catalog.IndexSet(""records"").Where(""payload"").AsBinary.EqualTo(NullKey.Empty).EndCondition","store.Where.PropPath("".Payload"").AsBinary.EqualTo(Array.Empty<byte>()).EndCondition","5","AI-authored: varlen binary empty key."
"F644","Find records where varlen keys are null or empty, before any non-empty payload.","catalog.IndexSet(""records"").Where(""payload"").AsBinary.EqualTo(NullKey.NullOrEmpty).EndCondition","store.Where.PropPath("".Payload"").AsBinary.EqualTo(nullOrEmpty).EndCondition","5","AI-authored: varlen null-or-empty key bucket before non-empty payloads."
"F645","Find records where a nullable string key is null, empty, or starts with A.","catalog.IndexSet(""records"").Where(""name"").AsString.EqualTo(NullKey.NullOrEmpty).OR.Where(""name"").AsString.StartsWith(""A"").EndCondition","store.Where.PropPath("".Name"").AsString.EqualTo(nullOrEmpty).OR.PropPath("".Name"").AsString.StartsWith(""A"").EndCondition","5","AI-authored: nullable string null/empty bucket or A-prefix."
"F646","Find users where last name is Smith, first name starts with J, and caller-owned age is greater than 18.","catalog.IndexSet(""users"").Where(""lastName"").AsString.EqualTo(""Smith"").AND.Where(""firstName"").AsString.StartsWith(""J"").AND.External(id => GetAge(id) > 18).EndCondition","store.Where.PropPath("".LastName"").AsString.EqualTo(""Smith"").AND.PropPath("".FirstName"").AsString.StartsWith(""J"").AND.External(id => GetAge(id) > 18).EndCondition","5","AI-authored: indexed name narrowing plus caller-owned age predicate via External."
"F647","Find users where indexed first name starts with Jo and a caller-owned age stream is between 18 and 25.","catalog.IndexSet(""users"").Where(""firstName"").AsString.StartsWith(""Jo"").AND.External<int>(id => GetAges(id)).Between(18, 25).EndCondition","store.Where.PropPath("".FirstName"").AsString.StartsWith(""Jo"").AND.External<int>(id => GetAges(id)).Between(18, 25).EndCondition","5","AI-authored: correlated caller-owned age stream after indexed first-name narrowing."
"F648","Find users where either the indexed status is Active or an external recommendation service returns their identities.","catalog.IndexSet(""users"").Where(""status"").AsString.EqualTo(""Active"").OR.External(() => GetRecommendedUserIds()).EndCondition","store.Where.PropPath("".Status"").AsString.EqualTo(""Active"").OR.External(() => GetRecommendedUserIds()).EndCondition","5","AI-authored: indexed status OR external recommendation identity source."
"F649","Find users from a caller-provided identity list who also have indexed status Active.","catalog.IndexSet(""users"").External(candidateIds).AND.Where(""status"").AsString.EqualTo(""Active"").EndCondition","store.Where.External(candidateIds).AND.PropPath("".Status"").AsString.EqualTo(""Active"").EndCondition","5","AI-authored: caller-provided identity list intersected with indexed status."
"F650","Find users where caller-owned age entries behave like a runtime index and age is between 18 and 25.","catalog.IndexSet(""users"").External<int, long>(() => ageEntries).Between(18, 25).EndCondition","store.Where.External<int>(() => ageEntries).Between(18, 25).EndCondition","5","AI-authored: caller-owned key/identity entries behave as a runtime age index."
"F651","Find users where indexed last name is Smith and caller-owned age entries behave like a runtime index between 18 and 25.","catalog.IndexSet(""users"").Where(""lastName"").AsString.EqualTo(""Smith"").AND.External<int, long>(() => ageEntries).Between(18, 25).EndCondition","store.Where.PropPath("".LastName"").AsString.EqualTo(""Smith"").AND.External<int>(() => ageEntries).Between(18, 25).EndCondition","5","AI-authored: stored last-name index plus caller-owned runtime age index."
"F652","Find users where first name starts with Jo and the external filter initializes a request cache on the first candidate.","catalog.IndexSet(""users"").Where(""firstName"").AsString.StartsWith(""Jo"").AND.External((id, ordinal, isFirst) => MatchAgeFromCache(id, ordinal, isFirst)).EndCondition","store.Where.PropPath("".FirstName"").AsString.StartsWith(""Jo"").AND.External((id, ordinal, isFirst) => MatchAgeFromCache(id, ordinal, isFirst)).EndCondition","5","AI-authored: external predicate can initialize cache on first candidate."
"F653","Find users where first name starts with Jo and a named external context predicate approves the identity.","catalog.IndexSet(""users"").Where(""firstName"").AsString.StartsWith(""Jo"").AND.External(ctx => Approves(ctx.Identity, ctx.Ordinal, ctx.IsFirst)).EndCondition","store.Where.PropPath("".FirstName"").AsString.StartsWith(""Jo"").AND.External(ctx => Approves(ctx.Identity, ctx.Ordinal, ctx.IsFirst)).EndCondition","5","AI-authored: named external context predicate after indexed narrowing."
"F654","Find active users excluding everyone in a reusable high-risk condition fragment.","catalog.IndexSet(""users"").Where(""status"").AsString.EqualTo(""Active"").AND.Not.Group(highRiskFragment).EndCondition","store.Where.PropPath("".Status"").AsString.EqualTo(""Active"").AND.Not.Group(highRiskFragment).EndCondition","5","AI-authored: active users excluding reusable high-risk fragment."
"F655","Find customers where a reusable name fragment matches and the account is not archived.","catalog.IndexSet(""customers"").Group(nameFragment).AND.Not.Where(""status"").AsString.EqualTo(""Archived"").EndCondition","store.Where.Group(nameFragment).AND.Not.PropPath("".Status"").AsString.EqualTo(""Archived"").EndCondition","5","AI-authored: reusable name fragment plus not archived."
"F656","Find users where typed age and status index handles are used without repeating key-family selectors.","catalog[""users""].Where(ageIndex).GreaterOrEqual(18).AndAlso(statusIndex).EqualTo(1).EndCondition","store.Where.PropPath("".Age"").AsInt64.GreaterOrEqual(18).AND.PropPath("".Status"").AsInt32.EqualTo(1).EndCondition","5","AI-authored: typed index handles avoid repeating key-family selectors."
"F657","Find users where typed string index handles filter first and last name without repeating `.AsString`.","catalog[""users""].Where(firstNameIndex).StartsWith(""Jo"", ignoreCase: true, culture: ""en-US"").AndAlso(lastNameIndex).EqualTo(""Smith"", ignoreCase: true, culture: ""en-US"").EndCondition","store.Where.PropPath("".FirstName"").AsString.StartsWith(""Jo"", ignoreCase: true, culture: ""en-US"").AND.PropPath("".LastName"").AsString.EqualTo(""Smith"", ignoreCase: true, culture: ""en-US"").EndCondition","5","AI-authored: typed string index handles carry string operators."
"F658","Find events by tenant and occurred-at using ordered multikey ordinal selectors.","catalog[""events""].MultiKey(tenantIdIndex, occurredAtIndex).Where(0).AsGuid.EqualTo(tenantId).AndAlso(1).AsDate.Between(startUtc, endUtc).EndCondition","store.Where.PropPath("".TenantId"").AsGuid.EqualTo(tenantId).AND.PropPath("".OccurredAt"").AsDate.Between(startUtc, endUtc).EndCondition","5","AI-authored: ordered MultiKey ordinal selectors."
"F659","Find orders by customer and not-cancelled state using a multikey ordinal negation.","catalog[""orders""].MultiKey(customerIdIndex, statusIndex).Where(0).AsGuid.EqualTo(customerId).AndAlso(1).Not.AsString.EqualTo(""Cancelled"").EndCondition","store.Where.PropPath("".CustomerId"").AsGuid.EqualTo(customerId).AND.Not.PropPath("".Status"").AsString.EqualTo(""Cancelled"").EndCondition","5","AI-authored: MultiKey ordinal negation on the status part."
"F660","Find codes where a regex whole match equals the supplied code token.","catalog.IndexSet(""codes"").Where(""code"").AsString.MatchesWith(@""[A-Z]\d-\d{4}"", token).EndCondition","store.Where.PropPath("".Code"").AsString.MatchesWith(@""[A-Z]\d-\d{4}"", token).EndCondition","5","AI-authored: regex whole-match comparison."
"F661","Find codes where the second captured regex group equals a supplied suffix.","catalog.IndexSet(""codes"").Where(""code"").AsString.MatchesWith(@""([A-Z]\d)-(\d{4})"", suffix, 2).EndCondition","store.Where.PropPath("".Code"").AsString.MatchesWith(@""([A-Z]\d)-(\d{4})"", suffix, 2).EndCondition","5","AI-authored: regex capture group comparison."
"F662","Find codes where the second captured regex group is in an allowed suffix set.","catalog.IndexSet(""codes"").Where(""code"").AsString.MatchesInSet(@""([A-Z]\d)-(\d{4})"", allowedSuffixes, 2).EndCondition","store.Where.PropPath("".Code"").AsString.MatchesInSet(@""([A-Z]\d)-(\d{4})"", allowedSuffixes, 2).EndCondition","5","AI-authored: regex capture group membership."
"F663","Find codes where a captured regex group is not one of the blocked suffixes.","catalog.IndexSet(""codes"").Where(""code"").AsString.NotMatchesInSet(@""([A-Z]\d)-(\d{4})"", blockedSuffixes, 2).EndCondition","store.Where.PropPath("".Code"").AsString.NotMatchesInSet(@""([A-Z]\d)-(\d{4})"", blockedSuffixes, 2).EndCondition","5","AI-authored: captured group exclusion using the available negative alias."
"F664","Find files whose optional path key is null or empty and whose extension is not tmp.","catalog.IndexSet(""files"").Where(""path"").AsString.EqualTo(NullKey.NullOrEmpty).AND.Not.Where(""extension"").AsString.EqualTo(""tmp"").EndCondition","store.Where.PropPath("".Path"").AsString.EqualTo(nullOrEmpty).AND.Not.PropPath("".Extension"").AsString.EqualTo(""tmp"").EndCondition","5","AI-authored: optional path null/empty plus extension exclusion."
"F665","Find readings whose nullable scalar temperature is null.","catalog.IndexSet(""readings"").Where(""temperature"").AsInt64.EqualTo(ScalarNull.Null).EndCondition","store.Where.PropPath("".Temperature"").AsInt64.EqualTo(null).EndCondition","5","AI-authored: nullable scalar temperature null."
"F666","Find readings whose scalar temperature is present and above a threshold.","catalog.IndexSet(""readings"").Where(""temperature"").AsInt64.EqualTo(ScalarNull.NonNull).AND.Where(""temperature"").AsInt64.GreaterThan(threshold).EndCondition","store.Where.PropPath("".Temperature"").AsInt64.EqualTo(notNull).AND.PropPath("".Temperature"").AsInt64.GreaterThan(threshold).EndCondition","5","AI-authored: present scalar temperature plus threshold."
"F667","Find users where caller-owned age entries are supplied as key/value pairs and age is between 18 and 25.","catalog.IndexSet(""users"").External<int, long>(() => agePairs).Between(18, 25).EndCondition","store.Where.External<int>(() => agePairs).Between(18, 25).EndCondition","5","AI-authored: caller-owned key/value pairs as runtime index entries."
"F668","Find sessions where a caller-owned minute bucket runtime index returns DateTime identities.","catalog[""sessions""].Identities.DateTime.External<int>(() => minuteBucketEntries).Between(startMinute, endMinute).EndCondition","store.Where.External<int>(() => minuteBucketEntries).Between(startMinute, endMinute).EndCondition","5","AI-authored: runtime minute-bucket index returns DateTime identities."
"F669","Find documents where a correlated caller-owned rank key is in the top bucket after indexed tenant filtering.","catalog.IndexSet(""documents"").Where(""tenantId"").AsGuid.EqualTo(tenantId).AND.External<int>(id => GetRankBuckets(id)).EqualTo(0).EndCondition","store.Where.PropPath("".TenantId"").AsGuid.EqualTo(tenantId).AND.External<int>(id => GetRankBuckets(id)).EqualTo(0).EndCondition","5","AI-authored: correlated external rank key after indexed tenant filtering."
"F670","Find users where an external recommendation identity list is intersected with a grouped name fragment.","catalog.IndexSet(""users"").External(() => recommendedIds).AND.Group(nameFragment).EndCondition","store.Where.External(() => recommendedIds).AND.Group(nameFragment).EndCondition","5","AI-authored: external recommendation identities intersected with grouped name fragment."
"F671","Find audit rows where an external identity predicate warms a cache on the first candidate after a stored severity filter.","catalog.IndexSet(""audit"").Where(""severity"").AsInt32.GreaterOrEqual(3).AND.External((id, ordinal, isFirst) => AuditCacheAllows(id, ordinal, isFirst)).EndCondition","store.Where.PropPath("".Severity"").AsInt32.GreaterOrEqual(3).AND.External((id, ordinal, isFirst) => AuditCacheAllows(id, ordinal, isFirst)).EndCondition","5","AI-authored: severity narrowing plus cache-warming external predicate."
