"id","natural_request","libradex condition(s)","abraxas condition(s)","dx quality score","notes"
"F001","Find customers where the first name starts with ""Jo"".","ForGroup: LibraDexCondition.ForGroup(""customers"").Index(""firstName"").AsString.StartsWith(""Jo"").EndCondition | catalog group: catalog[""customers""].Where(""firstName"").AsString.StartsWith(""Jo"").EndCondition","store.Where.PropPath("".FirstName"").AsString.StartsWith(""Jo"").EndCondition","5","Direct indexed condition syntax matches every predicate in the natural-language request."
"F002","Find customers where the first name equals ""Joseph"".","ForGroup: LibraDexCondition.ForGroup(""customers"").Index(""firstName"").AsString.EqualTo(""Joseph"").EndCondition | catalog group: catalog[""customers""].Where(""firstName"").AsString.EqualTo(""Joseph"").EndCondition","store.Where.PropPath("".FirstName"").AsString.EqualTo(""Joseph"").EndCondition","5","Direct indexed condition syntax matches every predicate in the natural-language request."
"F003","Find customers where the first name is not ""Joseph"".","ForGroup: LibraDexCondition.ForGroup(""customers"").Index(""firstName"").AsString.NotEqualTo(""Joseph"").EndCondition | catalog group: catalog[""customers""].Where(""firstName"").AsString.NotEqualTo(""Joseph"").EndCondition","store.Where.PropPath("".FirstName"").AsString.NotEqualTo(""Joseph"").EndCondition","5","Direct indexed condition syntax matches every predicate in the natural-language request."
"F004","Find customers where the first name is one of ""Joseph"", ""Joe"", or ""Joey"".","ForGroup: LibraDexCondition.ForGroup(""customers"").Index(""firstName"").AsString.InSet(values).EndCondition | catalog group: catalog[""customers""].Where(""firstName"").AsString.InSet(values).EndCondition","store.Where.PropPath("".FirstName"").AsString.InSet(values).EndCondition","5","Direct indexed condition syntax matches every predicate in the natural-language request."
"F005","Find customers where the first name is blank.","ForGroup: LibraDexCondition.ForGroup(""customers"").Index(""firstName"").AsString.EqualTo(NullKey.Empty).EndCondition | catalog group: catalog[""customers""].Where(""firstName"").AsString.EqualTo(NullKey.Empty).EndCondition","store.Where.PropPath("".FirstName"").AsString.EqualTo(string.Empty).EndCondition","5","Direct indexed condition syntax matches every predicate in the natural-language request."
"F006","Find customers where the first name is not blank.","ForGroup: LibraDexCondition.ForGroup(""customers"").Index(""firstName"").AsString.NotEqualTo(NullKey.Null).EndCondition | catalog group: catalog[""customers""].Where(""firstName"").AsString.NotEqualTo(NullKey.Null).EndCondition","store.Where.PropPath("".FirstName"").AsString.NotEqualTo(null).EndCondition","5","Direct indexed condition syntax matches every predicate in the natural-language request."
"F007","Find customers where the first name contains ""ann"".","ForGroup: LibraDexCondition.ForGroup(""customers"").Index(""firstName"").AsString.Contains(""ann"").EndCondition | catalog group: catalog[""customers""].Where(""firstName"").AsString.Contains(""ann"").EndCondition","store.Where.PropPath("".FirstName"").AsString.Contains(""ann"").EndCondition","5","Direct indexed condition syntax matches every predicate in the natural-language request."
"F008","Find customers where the first name ends with ""son"".","ForGroup: LibraDexCondition.ForGroup(""customers"").Index(""firstName"").AsString.EndsWith(""son"").EndCondition | catalog group: catalog[""customers""].Where(""firstName"").AsString.EndsWith(""son"").EndCondition","store.Where.PropPath("".FirstName"").AsString.EndsWith(""son"").EndCondition","5","Direct indexed condition syntax matches every predicate in the natural-language request."
"F009","Find customers where the first name matches the wildcard pattern ""Jo*"".","ForGroup: LibraDexCondition.ForGroup(""customers"").Index(""firstName"").AsString.Matches(""Jo*"").EndCondition | catalog group: catalog[""customers""].Where(""firstName"").AsString.Matches(""Jo*"").EndCondition","store.Where.PropPath("".FirstName"").AsString.Matches(""Jo*"").EndCondition","5","Direct indexed condition syntax matches every predicate in the natural-language request."
"F010","Find customers where the first name starts with ""jo"" regardless of case.","ForGroup: LibraDexCondition.ForGroup(""customers"").Index(""firstName"").AsString.StartsWith(""jo"", ignoreCase: true).EndCondition | catalog group: catalog[""customers""].Where(""firstName"").AsString.StartsWith(""jo"", ignoreCase: true).EndCondition","store.Where.PropPath("".FirstName"").AsString.StartsWith(""jo"", ignoreCase: true).EndCondition","5","Direct indexed condition syntax matches every predicate in the natural-language request."
"F011","Find customers where the last name equals ""Smith"".","ForGroup: LibraDexCondition.ForGroup(""customers"").Index(""lastName"").AsString.EqualTo(""Smith"").EndCondition | catalog group: catalog[""customers""].Where(""lastName"").AsString.EqualTo(""Smith"").EndCondition","store.Where.PropPath("".LastName"").AsString.EqualTo(""Smith"").EndCondition","5","Direct indexed condition syntax matches every predicate in the natural-language request."
"F012","Find customers where the last name is not ""Smith"".","ForGroup: LibraDexCondition.ForGroup(""customers"").Index(""lastName"").AsString.NotEqualTo(""Smith"").EndCondition | catalog group: catalog[""customers""].Where(""lastName"").AsString.NotEqualTo(""Smith"").EndCondition","store.Where.PropPath("".LastName"").AsString.NotEqualTo(""Smith"").EndCondition","5","Direct indexed condition syntax matches every predicate in the natural-language request."
"F013","Find customers where the last name starts with ""Sm"".","ForGroup: LibraDexCondition.ForGroup(""customers"").Index(""lastName"").AsString.StartsWith(""Sm"").EndCondition | catalog group: catalog[""customers""].Where(""lastName"").AsString.StartsWith(""Sm"").EndCondition","store.Where.PropPath("".LastName"").AsString.StartsWith(""Sm"").EndCondition","5","Direct indexed condition syntax matches every predicate in the natural-language request."
"F014","Find customers where the last name ends with ""ez"".","ForGroup: LibraDexCondition.ForGroup(""customers"").Index(""lastName"").AsString.EndsWith(""ez"").EndCondition | catalog group: catalog[""customers""].Where(""lastName"").AsString.EndsWith(""ez"").EndCondition","store.Where.PropPath("".LastName"").AsString.EndsWith(""ez"").EndCondition","5","Direct indexed condition syntax matches every predicate in the natural-language request."
"F015","Find customers where the last name contains an apostrophe.","ForGroup: LibraDexCondition.ForGroup(""customers"").Index(""lastName"").AsString.Contains(""'"").EndCondition | catalog group: catalog[""customers""].Where(""lastName"").AsString.Contains(""'"").EndCondition","store.Where.PropPath("".LastName"").AsString.Contains(""'"").EndCondition","5","Direct indexed condition syntax matches every predicate in the natural-language request."
"F016","Find customers where the last name contains ""van"" regardless of case.","ForGroup: LibraDexCondition.ForGroup(""customers"").Index(""lastName"").AsString.Contains(""van"", ignoreCase: true).EndCondition | catalog group: catalog[""customers""].Where(""lastName"").AsString.Contains(""van"", ignoreCase: true).EndCondition","store.Where.PropPath("".LastName"").AsString.Contains(""van"", ignoreCase: true).EndCondition","5","Direct indexed condition syntax matches every predicate in the natural-language request."
"F017","Find customers where the last name is alphabetically between ""M"" and ""R"".","ForGroup: LibraDexCondition.ForGroup(""customers"").Index(""lastName"").AsString.Between(""M"", ""R"").EndCondition | catalog group: catalog[""customers""].Where(""lastName"").AsString.Between(""M"", ""R"").EndCondition","store.Where.PropPath("".LastName"").AsString.Between(""M"", ""R"").EndCondition","5","Direct indexed condition syntax matches every predicate in the natural-language request."
"F018","Find customers where the last name sorts after ""Zimmer"".","ForGroup: LibraDexCondition.ForGroup(""customers"").Index(""lastName"").AsString.GreaterThan(""Zimmer"").EndCondition | catalog group: catalog[""customers""].Where(""lastName"").AsString.GreaterThan(""Zimmer"").EndCondition","store.Where.PropPath("".LastName"").AsString.GreaterThan(""Zimmer"").EndCondition","5","Direct indexed condition syntax matches every predicate in the natural-language request."
"F019","Find customers where the last name is one of several known aliases.","ForGroup: LibraDexCondition.ForGroup(""customers"").Index(""lastName"").AsString.InSet(values).EndCondition | catalog group: catalog[""customers""].Where(""lastName"").AsString.InSet(values).EndCondition","store.Where.PropPath("".LastName"").AsString.InSet(values).EndCondition","5","Direct indexed condition syntax matches every predicate in the natural-language request."
"F020","Find customers where the normalized display name equals ""smith, john"".","ForGroup: LibraDexCondition.ForGroup(""customers"").Index(""normalizedDisplayName"").AsString.EqualTo(""smith, john"").EndCondition | catalog group: catalog[""customers""].Where(""normalizedDisplayName"").AsString.EqualTo(""smith, john"").EndCondition","store.Where.PropPath("".NormalizedDisplayName"").AsString.EqualTo(""smith, john"").EndCondition","5","Direct indexed condition syntax matches every predicate in the natural-language request."
"F021","Find users where the email address equals ""person@example.com"".","ForGroup: LibraDexCondition.ForGroup(""users"").Index(""emailAddress"").AsString.EqualTo(""person@example.com"").EndCondition | catalog group: catalog[""users""].Where(""emailAddress"").AsString.EqualTo(""person@example.com"").EndCondition","store.Where.PropPath("".EmailAddress"").AsString.EqualTo(""person@example.com"").EndCondition","5","Direct indexed condition syntax matches every predicate in the natural-language request."
"F022","Find users where the email address domain equals ""example.com"".","ForGroup: LibraDexCondition.ForGroup(""users"").Index(""emailAddressDomain"").AsString.EqualTo(""example.com"").EndCondition | catalog group: catalog[""users""].Where(""emailAddressDomain"").AsString.EqualTo(""example.com"").EndCondition","store.Where.PropPath("".EmailAddressDomain"").AsString.EqualTo(""example.com"").EndCondition","5","Direct indexed condition syntax matches every predicate in the natural-language request."
"F023","Find users where the email address ends with ""@example.com"".","ForGroup: LibraDexCondition.ForGroup(""users"").Index(""emailAddress"").AsString.EndsWith(""@example.com"").EndCondition | catalog group: catalog[""users""].Where(""emailAddress"").AsString.EndsWith(""@example.com"").EndCondition","store.Where.PropPath("".EmailAddress"").AsString.EndsWith(""@example.com"").EndCondition","5","Direct indexed condition syntax matches every predicate in the natural-language request."
"F024","Find users where the email address starts with ""admin"".","ForGroup: LibraDexCondition.ForGroup(""users"").Index(""emailAddress"").AsString.StartsWith(""admin"").EndCondition | catalog group: catalog[""users""].Where(""emailAddress"").AsString.StartsWith(""admin"").EndCondition","store.Where.PropPath("".EmailAddress"").AsString.StartsWith(""admin"").EndCondition","5","Direct indexed condition syntax matches every predicate in the natural-language request."
"F025","Find users where the email address contains ""+test"".","ForGroup: LibraDexCondition.ForGroup(""users"").Index(""emailAddress"").AsString.Contains(""+test"").EndCondition | catalog group: catalog[""users""].Where(""emailAddress"").AsString.Contains(""+test"").EndCondition","store.Where.PropPath("".EmailAddress"").AsString.Contains(""+test"").EndCondition","5","Direct indexed condition syntax matches every predicate in the natural-language request."
"F026","Find users where the email address is missing.","ForGroup: LibraDexCondition.ForGroup(""users"").Index(""emailAddress"").AsString.EqualTo(NullKey.Null).EndCondition | catalog group: catalog[""users""].Where(""emailAddress"").AsString.EqualTo(NullKey.Null).EndCondition","store.Where.PropPath("".EmailAddress"").AsString.EqualTo(null).EndCondition","5","Direct indexed condition syntax matches every predicate in the natural-language request."
"F027","Find users where the email address is present but not verified.","ForGroup: LibraDexCondition.ForGroup(""users"").Index(""emailAddress"").AsString.NotEqualTo(NullKey.Null).AND.Index(""emailVerified"").AsBoolean.EqualTo(false).EndCondition | catalog group: catalog[""users""].Where(""emailAddress"").AsString.NotEqualTo(NullKey.Null).AndAlso(""emailVerified"").AsBoolean.EqualTo(false).EndCondition","store.Where.PropPath("".EmailAddress"").AsString.NotEqualTo(null).AND.PropPath("".EmailVerified"").AsBoolean.EqualTo(false).EndCondition","5","Direct indexed condition syntax matches every predicate in the natural-language request."
"F028","Find users where the username equals ""jsmith"".","ForGroup: LibraDexCondition.ForGroup(""users"").Index(""username"").AsString.EqualTo(""jsmith"").EndCondition | catalog group: catalog[""users""].Where(""username"").AsString.EqualTo(""jsmith"").EndCondition","store.Where.PropPath("".Username"").AsString.EqualTo(""jsmith"").EndCondition","5","Direct indexed condition syntax matches every predicate in the natural-language request."
"F029","Find users where the username starts with ""svc_"".","ForGroup: LibraDexCondition.ForGroup(""users"").Index(""username"").AsString.StartsWith(""svc_"").EndCondition | catalog group: catalog[""users""].Where(""username"").AsString.StartsWith(""svc_"").EndCondition","store.Where.PropPath("".Username"").AsString.StartsWith(""svc_"").EndCondition","5","Direct indexed condition syntax matches every predicate in the natural-language request."
"F030","Find users where the username contains a dash.","ForGroup: LibraDexCondition.ForGroup(""users"").Index(""username"").AsString.Contains(""-"").EndCondition | catalog group: catalog[""users""].Where(""username"").AsString.Contains(""-"").EndCondition","store.Where.PropPath("".Username"").AsString.Contains(""-"").EndCondition","5","Direct indexed condition syntax matches every predicate in the natural-language request."
"F031","Find users where the username is case-insensitively equal to ""JSmith"".","ForGroup: LibraDexCondition.ForGroup(""users"").Index(""username"").AsString.EqualTo(""JSmith"", ignoreCase: true).EndCondition | catalog group: catalog[""users""].Where(""username"").AsString.EqualTo(""JSmith"", ignoreCase: true).EndCondition","store.Where.PropPath("".Username"").AsString.EqualTo(""JSmith"", ignoreCase: true).EndCondition","5","Direct indexed condition syntax matches every predicate in the natural-language request."
"F032","Find users where the username is not in the reserved username list.","ForGroup: LibraDexCondition.ForGroup(""users"").Index(""username"").AsString.NotInSet(values).EndCondition | catalog group: catalog[""users""].Where(""username"").AsString.NotInSet(values).EndCondition","store.Where.PropPath("".Username"").AsString.NotInSet(values).EndCondition","5","Direct indexed condition syntax matches every predicate in the natural-language request."
"F033","Find records where the title contains ""backup"".","ForGroup: LibraDexCondition.ForGroup(""records"").Index(""title"").AsString.Contains(""backup"").EndCondition | catalog group: catalog[""records""].Where(""title"").AsString.Contains(""backup"").EndCondition","store.Where.PropPath("".Title"").AsString.Contains(""backup"").EndCondition","5","Direct indexed condition syntax matches every predicate in the natural-language request."
"F034","Find records where the title starts with ""Q4"".","ForGroup: LibraDexCondition.ForGroup(""records"").Index(""title"").AsString.StartsWith(""Q4"").EndCondition | catalog group: catalog[""records""].Where(""title"").AsString.StartsWith(""Q4"").EndCondition","store.Where.PropPath("".Title"").AsString.StartsWith(""Q4"").EndCondition","5","Direct indexed condition syntax matches every predicate in the natural-language request."
"F035","Find records where the title ends with ""draft"".","ForGroup: LibraDexCondition.ForGroup(""records"").Index(""title"").AsString.EndsWith(""draft"").EndCondition | catalog group: catalog[""records""].Where(""title"").AsString.EndsWith(""draft"").EndCondition","store.Where.PropPath("".Title"").AsString.EndsWith(""draft"").EndCondition","5","Direct indexed condition syntax matches every predicate in the natural-language request."
"F036","Find records where the title matches ""Invoice-????"".","ForGroup: LibraDexCondition.ForGroup(""records"").Index(""title"").AsString.Matches(""Invoice-????"").EndCondition | catalog group: catalog[""records""].Where(""title"").AsString.Matches(""Invoice-????"").EndCondition","store.Where.PropPath("".Title"").AsString.Matches(""Invoice-????"").EndCondition","5","Direct indexed condition syntax matches every predicate in the natural-language request."
"F037","Find records where the title contains both ""urgent"" and ""review"".","ForGroup: LibraDexCondition.ForGroup(""records"").Index(""title"").AsString.Contains(""urgent"").AND.Index(""title"").AsString.Contains(""review"").EndCondition | catalog group: catalog[""records""].Where(""title"").AsString.Contains(""urgent"").AndAlso(""title"").AsString.Contains(""review"").EndCondition","store.Where.PropPath("".Title"").AsString.Contains(""urgent"").AND.PropPath("".Title"").AsString.Contains(""review"").EndCondition","5","Direct indexed condition syntax matches every predicate in the natural-language request."
"F038","Find records where the title contains ""urgent"" or ""escalated"".","ForGroup: LibraDexCondition.ForGroup(""records"").Index(""title"").AsString.Contains(""urgent"").OR.Index(""title"").AsString.Contains(""escalated"").EndCondition | catalog group: catalog[""records""].Where(""title"").AsString.Contains(""urgent"").OrElse(""title"").AsString.Contains(""escalated"").EndCondition","store.Where.PropPath("".Title"").AsString.Contains(""urgent"").OR.PropPath("".Title"").AsString.Contains(""escalated"").EndCondition","5","Direct indexed condition syntax matches every predicate in the natural-language request."
"F039","Find records where the title does not contain ""archive"".","ForGroup: LibraDexCondition.ForGroup(""records"").Not.Index(""title"").AsString.Contains(""archive"").EndCondition | catalog group: catalog[""records""].Not.Index(""title"").AsString.Contains(""archive"").EndCondition","store.Where.Not.PropPath("".Title"").AsString.Contains(""archive"").EndCondition","5","Direct indexed condition syntax matches every predicate in the natural-language request."
"F040","Find records where the title is exactly the empty string.","ForGroup: LibraDexCondition.ForGroup(""records"").Index(""title"").AsString.EqualTo(NullKey.Empty).EndCondition | catalog group: catalog[""records""].Where(""title"").AsString.EqualTo(NullKey.Empty).EndCondition","store.Where.PropPath("".Title"").AsString.EqualTo(string.Empty).EndCondition","5","Direct indexed condition syntax matches every predicate in the natural-language request."
"F041","Find orders where the order number equals ""ORD-10025"".","ForGroup: LibraDexCondition.ForGroup(""orders"").Index(""order"").AsString.EqualTo(""ORD-10025"").EndCondition | catalog group: catalog[""orders""].Where(""order"").AsString.EqualTo(""ORD-10025"").EndCondition","store.Where.PropPath("".Order"").AsString.EqualTo(""ORD-10025"").EndCondition","5","Direct indexed condition syntax matches every predicate in the natural-language request."
"F042","Find orders where the order number starts with ""ORD-2026-"".","ForGroup: LibraDexCondition.ForGroup(""orders"").Index(""order"").AsString.StartsWith(""ORD-2026-"").EndCondition | catalog group: catalog[""orders""].Where(""order"").AsString.StartsWith(""ORD-2026-"").EndCondition","store.Where.PropPath("".Order"").AsString.StartsWith(""ORD-2026-"").EndCondition","5","Direct indexed condition syntax matches every predicate in the natural-language request."
"F043","Find orders where the order number ends with ""-RMA"".","ForGroup: LibraDexCondition.ForGroup(""orders"").Index(""order"").AsString.EndsWith(""-RMA"").EndCondition | catalog group: catalog[""orders""].Where(""order"").AsString.EndsWith(""-RMA"").EndCondition","store.Where.PropPath("".Order"").AsString.EndsWith(""-RMA"").EndCondition","5","Direct indexed condition syntax matches every predicate in the natural-language request."
"F044","Find orders where the order number contains the store code ""PHX"".","ForGroup: LibraDexCondition.ForGroup(""orders"").Index(""orderNumber"").AsString.Contains(""PHX"").EndCondition | catalog group: catalog[""orders""].Where(""orderNumber"").AsString.Contains(""PHX"").EndCondition","store.Where.PropPath("".OrderNumber"").AsString.Contains(""PHX"").EndCondition","5","Direct indexed condition syntax matches every predicate in the natural-language request."
"F045","Find orders where the order number matches ""ORD-####-??"".","ForGroup: LibraDexCondition.ForGroup(""orders"").Index(""order"").AsString.Matches(""ORD-####-??"").EndCondition | catalog group: catalog[""orders""].Where(""order"").AsString.Matches(""ORD-####-??"").EndCondition","store.Where.PropPath("".Order"").AsString.Matches(""ORD-####-??"").EndCondition","5","Direct indexed condition syntax matches every predicate in the natural-language request."
"F046","Find products where the SKU equals ""ABC-123"".","ForGroup: LibraDexCondition.ForGroup(""products"").Index(""sku"").AsString.EqualTo(""ABC-123"").EndCondition | catalog group: catalog[""products""].Where(""sku"").AsString.EqualTo(""ABC-123"").EndCondition","store.Where.PropPath("".Sku"").AsString.EqualTo(""ABC-123"").EndCondition","5","Direct indexed condition syntax matches every predicate in the natural-language request."
"F047","Find products where the SKU starts with ""ABC"".","ForGroup: LibraDexCondition.ForGroup(""products"").Index(""sku"").AsString.StartsWith(""ABC"").EndCondition | catalog group: catalog[""products""].Where(""sku"").AsString.StartsWith(""ABC"").EndCondition","store.Where.PropPath("".Sku"").AsString.StartsWith(""ABC"").EndCondition","5","Direct indexed condition syntax matches every predicate in the natural-language request."
"F048","Find products where the SKU contains ""-KIT-"".","ForGroup: LibraDexCondition.ForGroup(""products"").Index(""sku"").AsString.Contains(""-KIT-"").EndCondition | catalog group: catalog[""products""].Where(""sku"").AsString.Contains(""-KIT-"").EndCondition","store.Where.PropPath("".Sku"").AsString.Contains(""-KIT-"").EndCondition","5","Direct indexed condition syntax matches every predicate in the natural-language request."
"F049","Find products where the SKU is one of a provided batch of SKUs.","ForGroup: LibraDexCondition.ForGroup(""products"").Index(""sku"").AsString.InSet(values).EndCondition | catalog group: catalog[""products""].Where(""sku"").AsString.InSet(values).EndCondition","store.Where.PropPath("".Sku"").AsString.InSet(values).EndCondition","5","Direct indexed condition syntax matches every predicate in the natural-language request."
"F050","Find products where the SKU is not in a discontinued SKU list.","ForGroup: LibraDexCondition.ForGroup(""products"").Index(""sku"").AsBoolean.NotInSet(values).EndCondition | catalog group: catalog[""products""].Where(""sku"").AsBoolean.NotInSet(values).EndCondition","store.Where.PropPath("".Sku"").AsBoolean.NotInSet(values).EndCondition","5","Direct indexed condition syntax matches every predicate in the natural-language request."
"F051","Find products where the name equals ""Widget"".","ForGroup: LibraDexCondition.ForGroup(""products"").Index(""name"").AsString.EqualTo(""Widget"").EndCondition | catalog group: catalog[""products""].Where(""name"").AsString.EqualTo(""Widget"").EndCondition","store.Where.PropPath("".Name"").AsString.EqualTo(""Widget"").EndCondition","5","Direct indexed condition syntax matches every predicate in the natural-language request."
"F052","Find products where the name contains ""widget"" regardless of case.","ForGroup: LibraDexCondition.ForGroup(""products"").Index(""name"").AsString.Contains(""widget"", ignoreCase: true).EndCondition | catalog group: catalog[""products""].Where(""name"").AsString.Contains(""widget"", ignoreCase: true).EndCondition","store.Where.PropPath("".Name"").AsString.Contains(""widget"", ignoreCase: true).EndCondition","5","Direct indexed condition syntax matches every predicate in the natural-language request."
"F053","Find products where the name starts with a numeric character.","","","0","Score 0: no faithful C# condition syntax was generated for predicate segment 'the name starts with a numeric character'."
"F054","Find products where the name sorts before ""M"".","ForGroup: LibraDexCondition.ForGroup(""products"").Index(""name"").AsString.LessThan(""M"").EndCondition | catalog group: catalog[""products""].Where(""name"").AsString.LessThan(""M"").EndCondition","store.Where.PropPath("".Name"").AsString.LessThan(""M"").EndCondition","5","Direct indexed condition syntax matches every predicate in the natural-language request."
"F055","Find products where the name is between ""A"" and ""L"" inclusive.","ForGroup: LibraDexCondition.ForGroup(""products"").Index(""name"").AsString.Between(""A"", lInclusive).EndCondition | catalog group: catalog[""products""].Where(""name"").AsString.Between(""A"", lInclusive).EndCondition","store.Where.PropPath("".Name"").AsString.Between(""A"", lInclusive).EndCondition","5","Direct indexed condition syntax matches every predicate in the natural-language request."
"F056","Find tickets where the subject contains ""password reset"".","ForGroup: LibraDexCondition.ForGroup(""tickets"").Index(""subject"").AsString.Contains(""password reset"").EndCondition | catalog group: catalog[""tickets""].Where(""subject"").AsString.Contains(""password reset"").EndCondition","store.Where.PropPath("".Subject"").AsString.Contains(""password reset"").EndCondition","5","Direct indexed condition syntax matches every predicate in the natural-language request."
"F057","Find tickets where the subject contains either ""locked out"" or ""login failed"".","ForGroup: LibraDexCondition.ForGroup(""tickets"").Index(""subject"").AsString.Contains(""locked out"").OR.Index(""subject"").AsString.Contains(""login failed"").EndCondition | catalog group: catalog[""tickets""].Where(""subject"").AsString.Contains(""locked out"").OrElse(""subject"").AsString.Contains(""login failed"").EndCondition","store.Where.PropPath("".Subject"").AsString.Contains(""locked out"").OR.PropPath("".Subject"").AsString.Contains(""login failed"").EndCondition","5","Direct indexed condition syntax matches every predicate in the natural-language request."
"F058","Find tickets where the subject starts with ""RE:"".","ForGroup: LibraDexCondition.ForGroup(""tickets"").Index(""subject"").AsString.StartsWith(""RE:"").EndCondition | catalog group: catalog[""tickets""].Where(""subject"").AsString.StartsWith(""RE:"").EndCondition","store.Where.PropPath("".Subject"").AsString.StartsWith(""RE:"").EndCondition","5","Direct indexed condition syntax matches every predicate in the natural-language request."
"F059","Find tickets where the subject does not start with ""SPAM"".","ForGroup: LibraDexCondition.ForGroup(""tickets"").Not.Index(""subject"").AsString.StartsWith(""SPAM"").EndCondition | catalog group: catalog[""tickets""].Not.Index(""subject"").AsString.StartsWith(""SPAM"").EndCondition","store.Where.Not.PropPath("".Subject"").AsString.StartsWith(""SPAM"").EndCondition","5","Direct indexed condition syntax matches every predicate in the natural-language request."
"F060","Find tickets where the subject contains quoted text.","","","0","Score 0: no faithful C# condition syntax was generated for predicate segment 'the subject contains quoted text'."
"F061","Find documents where the file name ends with "".pdf"".","ForGroup: LibraDexCondition.ForGroup(""documents"").Index(""fileName"").AsString.EndsWith("".pdf"").EndCondition | catalog group: catalog[""documents""].Where(""fileName"").AsString.EndsWith("".pdf"").EndCondition","store.Where.PropPath("".FileName"").AsString.EndsWith("".pdf"").EndCondition","5","Direct indexed condition syntax matches every predicate in the natural-language request."
"F062","Find documents where the file name starts with ""report_"".","ForGroup: LibraDexCondition.ForGroup(""documents"").Index(""fileName"").AsString.StartsWith(""report_"").EndCondition | catalog group: catalog[""documents""].Where(""fileName"").AsString.StartsWith(""report_"").EndCondition","store.Where.PropPath("".FileName"").AsString.StartsWith(""report_"").EndCondition","5","Direct indexed condition syntax matches every predicate in the natural-language request."
"F063","Find documents where the file name contains a date-looking segment.","","","0","Score 0: no faithful C# condition syntax was generated for predicate segment 'the file name contains a date-looking segment'."
"F064","Find documents where the file extension equals ""xlsx"".","ForGroup: LibraDexCondition.ForGroup(""documents"").Index(""fileExtension"").AsString.EqualTo(""xlsx"").EndCondition | catalog group: catalog[""documents""].Where(""fileExtension"").AsString.EqualTo(""xlsx"").EndCondition","store.Where.PropPath("".FileExtension"").AsString.EqualTo(""xlsx"").EndCondition","5","Direct indexed condition syntax matches every predicate in the natural-language request."
"F065","Find documents where the extension is one of ""docx"", ""xlsx"", or ""pptx"".","ForGroup: LibraDexCondition.ForGroup(""documents"").Index(""extension"").AsString.InSet(values).EndCondition | catalog group: catalog[""documents""].Where(""extension"").AsString.InSet(values).EndCondition","store.Where.PropPath("".Extension"").AsString.InSet(values).EndCondition","5","Direct indexed condition syntax matches every predicate in the natural-language request."
"F066","Find logs where the message contains ""timeout"".","ForGroup: LibraDexCondition.ForGroup(""logs"").Index(""message"").AsString.Contains(""timeout"").EndCondition | catalog group: catalog[""logs""].Where(""message"").AsString.Contains(""timeout"").EndCondition","store.Where.PropPath("".Message"").AsString.Contains(""timeout"").EndCondition","5","Direct indexed condition syntax matches every predicate in the natural-language request."
"F067","Find logs where the message contains ""timeout"" but not ""retry succeeded"".","ForGroup: LibraDexCondition.ForGroup(""logs"").Index(""message"").AsString.Contains(""timeout"").AND.Not.Index(""message"").AsString.Contains(""retry succeeded"").EndCondition | catalog group: catalog[""logs""].Where(""message"").AsString.Contains(""timeout"").And.Not.Index(""message"").AsString.Contains(""retry succeeded"").EndCondition","store.Where.PropPath("".Message"").AsString.Contains(""timeout"").AND.Not.PropPath("".Message"").AsString.Contains(""retry succeeded"").EndCondition","5","Direct indexed condition syntax matches every predicate in the natural-language request."
"F068","Find logs where the message starts with ""ERROR"".","ForGroup: LibraDexCondition.ForGroup(""logs"").Index(""message"").AsString.StartsWith(""ERROR"").EndCondition | catalog group: catalog[""logs""].Where(""message"").AsString.StartsWith(""ERROR"").EndCondition","store.Where.PropPath("".Message"").AsString.StartsWith(""ERROR"").EndCondition","5","Direct indexed condition syntax matches every predicate in the natural-language request."
"F069","Find logs where the message matches ""*failed*connection*"".","ForGroup: LibraDexCondition.ForGroup(""logs"").Index(""message"").AsString.Matches(""*failed*connection*"").EndCondition | catalog group: catalog[""logs""].Where(""message"").AsString.Matches(""*failed*connection*"").EndCondition","store.Where.PropPath("".Message"").AsString.Matches(""*failed*connection*"").EndCondition","5","Direct indexed condition syntax matches every predicate in the natural-language request."
"F070","Find logs where the message contains a correlation id string.","","","0","Score 0: no faithful C# condition syntax was generated for predicate segment 'the message contains a correlation id string'."
"F071","Find people where age equals 18.","ForGroup: LibraDexCondition.ForGroup(""people"").Index(""age"").AsInt64.EqualTo(18L).EndCondition | catalog group: catalog[""people""].Where(""age"").AsInt64.EqualTo(18L).EndCondition","store.Where.PropPath("".Age"").AsInt64.EqualTo(18L).EndCondition","5","Direct indexed condition syntax matches every predicate in the natural-language request."
"F072","Find people where age is greater than 18.","ForGroup: LibraDexCondition.ForGroup(""people"").Index(""age"").AsInt64.GreaterThan(18L).EndCondition | catalog group: catalog[""people""].Where(""age"").AsInt64.GreaterThan(18L).EndCondition","store.Where.PropPath("".Age"").AsInt64.GreaterThan(18L).EndCondition","5","Direct indexed condition syntax matches every predicate in the natural-language request."
"F073","Find people where age is greater than or equal to 18.","ForGroup: LibraDexCondition.ForGroup(""people"").Index(""age"").AsInt64.GreaterOrEqual(18L).EndCondition | catalog group: catalog[""people""].Where(""age"").AsInt64.GreaterOrEqual(18L).EndCondition","store.Where.PropPath("".Age"").AsInt64.GreaterOrEqual(18L).EndCondition","5","Direct indexed condition syntax matches every predicate in the natural-language request."
"F074","Find people where age is less than 65.","ForGroup: LibraDexCondition.ForGroup(""people"").Index(""age"").AsInt64.LessThan(65L).EndCondition | catalog group: catalog[""people""].Where(""age"").AsInt64.LessThan(65L).EndCondition","store.Where.PropPath("".Age"").AsInt64.LessThan(65L).EndCondition","5","Direct indexed condition syntax matches every predicate in the natural-language request."
"F075","Find people where age is between 18 and 64.","ForGroup: LibraDexCondition.ForGroup(""people"").Index(""age"").AsInt64.Between(18L, 64L).EndCondition | catalog group: catalog[""people""].Where(""age"").AsInt64.Between(18L, 64L).EndCondition","store.Where.PropPath("".Age"").AsInt64.Between(18L, 64L).EndCondition","5","Direct indexed condition syntax matches every predicate in the natural-language request."
"F076","Find people where age is outside the range 18 through 64.","ForGroup: LibraDexCondition.ForGroup(""people"").Not.Index(""age"").AsInt64.Between(min, max).EndCondition | catalog group: catalog[""people""].Not.Index(""age"").AsInt64.Between(min, max).EndCondition","store.Where.Not.PropPath("".Age"").AsInt64.Between(min, max).EndCondition","5","Direct indexed condition syntax matches every predicate in the natural-language request."
"F077","Find people where age is one of 18, 21, 25, or 30.","ForGroup: LibraDexCondition.ForGroup(""people"").Index(""age"").AsInt64.InSet(values).EndCondition | catalog group: catalog[""people""].Where(""age"").AsInt64.InSet(values).EndCondition","store.Where.PropPath("".Age"").AsInt64.InSet(values).EndCondition","5","Direct indexed condition syntax matches every predicate in the natural-language request."
"F078","Find people where age is not one of 18, 21, 25, or 30.","ForGroup: LibraDexCondition.ForGroup(""people"").Index(""age"").AsInt64.NotInSet(values).EndCondition | catalog group: catalog[""people""].Where(""age"").AsInt64.NotInSet(values).EndCondition","store.Where.PropPath("".Age"").AsInt64.NotInSet(values).EndCondition","5","Direct indexed condition syntax matches every predicate in the natural-language request."
"F079","Find people where age is zero.","ForGroup: LibraDexCondition.ForGroup(""people"").Index(""age"").AsInt64.EqualTo(zero).EndCondition | catalog group: catalog[""people""].Where(""age"").AsInt64.EqualTo(zero).EndCondition","store.Where.PropPath("".Age"").AsInt64.EqualTo(zero).EndCondition","5","Direct indexed condition syntax matches every predicate in the natural-language request."
"F080","Find people where age is not zero.","ForGroup: LibraDexCondition.ForGroup(""people"").Index(""age"").AsInt64.NotEqualTo(zero).EndCondition | catalog group: catalog[""people""].Where(""age"").AsInt64.NotEqualTo(zero).EndCondition","store.Where.PropPath("".Age"").AsInt64.NotEqualTo(zero).EndCondition","5","Direct indexed condition syntax matches every predicate in the natural-language request."
"F081","Find accounts where login count is greater than 10.","ForGroup: LibraDexCondition.ForGroup(""accounts"").Index(""loginCount"").AsDate.GreaterThan(10).EndCondition | catalog group: catalog[""accounts""].Where(""loginCount"").AsDate.GreaterThan(10).EndCondition","store.Where.PropPath("".LoginCount"").AsDate.GreaterThan(10).EndCondition","5","Direct indexed condition syntax matches every predicate in the natural-language request."
"F082","Find accounts where failed login count is at least 3.","ForGroup: LibraDexCondition.ForGroup(""accounts"").Index(""failedLoginCount"").AsDate.GreaterOrEqual(3).EndCondition | catalog group: catalog[""accounts""].Where(""failedLoginCount"").AsDate.GreaterOrEqual(3).EndCondition","store.Where.PropPath("".FailedLoginCount"").AsDate.GreaterOrEqual(3).EndCondition","5","Direct indexed condition syntax matches every predicate in the natural-language request."
"F083","Find accounts where failed login count is less than successful login count.","ForGroup: LibraDexCondition.ForGroup(""accounts"").Index(""failedLoginCount"").AsDate.LessThan(successfulLoginCount).EndCondition | catalog group: catalog[""accounts""].Where(""failedLoginCount"").AsDate.LessThan(successfulLoginCount).EndCondition","store.Where.PropPath("".FailedLoginCount"").AsDate.LessThan(successfulLoginCount).EndCondition","5","Direct indexed condition syntax matches every predicate in the natural-language request."
"F084","Find accounts where retry count is exactly 0.","ForGroup: LibraDexCondition.ForGroup(""accounts"").Index(""retryCount"").AsInt64.EqualTo(0L).EndCondition | catalog group: catalog[""accounts""].Where(""retryCount"").AsInt64.EqualTo(0L).EndCondition","store.Where.PropPath("".RetryCount"").AsInt64.EqualTo(0L).EndCondition","5","Direct indexed condition syntax matches every predicate in the natural-language request."
"F085","Find accounts where retry count is between 1 and 5.","ForGroup: LibraDexCondition.ForGroup(""accounts"").Index(""retryCount"").AsInt64.Between(1L, 5L).EndCondition | catalog group: catalog[""accounts""].Where(""retryCount"").AsInt64.Between(1L, 5L).EndCondition","store.Where.PropPath("".RetryCount"").AsInt64.Between(1L, 5L).EndCondition","5","Direct indexed condition syntax matches every predicate in the natural-language request."
"F086","Find products where quantity on hand is negative.","ForGroup: LibraDexCondition.ForGroup(""products"").Index(""quantityOnHand"").AsInt64.EqualTo(negative).EndCondition | catalog group: catalog[""products""].Where(""quantityOnHand"").AsInt64.EqualTo(negative).EndCondition","store.Where.PropPath("".QuantityOnHand"").AsInt64.EqualTo(negative).EndCondition","5","Direct indexed condition syntax matches every predicate in the natural-language request."
"F087","Find products where quantity on hand is zero.","ForGroup: LibraDexCondition.ForGroup(""products"").Index(""quantityOnHand"").AsInt64.EqualTo(zero).EndCondition | catalog group: catalog[""products""].Where(""quantityOnHand"").AsInt64.EqualTo(zero).EndCondition","store.Where.PropPath("".QuantityOnHand"").AsInt64.EqualTo(zero).EndCondition","5","Direct indexed condition syntax matches every predicate in the natural-language request."
"F088","Find products where quantity on hand is greater than reorder threshold.","ForGroup: LibraDexCondition.ForGroup(""products"").Index(""quantityOnHand"").AsInt64.GreaterThan(threshold).EndCondition | catalog group: catalog[""products""].Where(""quantityOnHand"").AsInt64.GreaterThan(threshold).EndCondition","store.Where.PropPath("".QuantityOnHand"").AsInt64.GreaterThan(threshold).EndCondition","5","Direct indexed condition syntax matches every predicate in the natural-language request."
"F089","Find products where quantity on hand is below safety stock.","ForGroup: LibraDexCondition.ForGroup(""products"").Index(""quantityOnHand"").AsInt64.LessThan(safetyStock).EndCondition | catalog group: catalog[""products""].Where(""quantityOnHand"").AsInt64.LessThan(safetyStock).EndCondition","store.Where.PropPath("".QuantityOnHand"").AsInt64.LessThan(safetyStock).EndCondition","5","Direct indexed condition syntax matches every predicate in the natural-language request."
"F090","Find products where quantity on hand is in a small set of alert quantities.","ForGroup: LibraDexCondition.ForGroup(""products"").Index(""quantityOnHand"").AsInt64.InSet(values).EndCondition | catalog group: catalog[""products""].Where(""quantityOnHand"").AsInt64.InSet(values).EndCondition","store.Where.PropPath("".QuantityOnHand"").AsInt64.InSet(values).EndCondition","5","Direct indexed condition syntax matches every predicate in the natural-language request."
"F091","Find orders where total cents equals 1299.","ForGroup: LibraDexCondition.ForGroup(""orders"").Index(""totalCents"").AsInt64.EqualTo(1299L).EndCondition | catalog group: catalog[""orders""].Where(""totalCents"").AsInt64.EqualTo(1299L).EndCondition","store.Where.PropPath("".TotalCents"").AsInt64.EqualTo(1299L).EndCondition","5","Direct indexed condition syntax matches every predicate in the natural-language request."
"F092","Find orders where total cents is greater than 100000.","ForGroup: LibraDexCondition.ForGroup(""orders"").Index(""totalCents"").AsInt64.GreaterThan(100000L).EndCondition | catalog group: catalog[""orders""].Where(""totalCents"").AsInt64.GreaterThan(100000L).EndCondition","store.Where.PropPath("".TotalCents"").AsInt64.GreaterThan(100000L).EndCondition","5","Direct indexed condition syntax matches every predicate in the natural-language request."
"F093","Find orders where total cents is between 5000 and 20000.","ForGroup: LibraDexCondition.ForGroup(""orders"").Index(""totalCents"").AsInt64.Between(5000L, 20000L).EndCondition | catalog group: catalog[""orders""].Where(""totalCents"").AsInt64.Between(5000L, 20000L).EndCondition","store.Where.PropPath("".TotalCents"").AsInt64.Between(5000L, 20000L).EndCondition","5","Direct indexed condition syntax matches every predicate in the natural-language request."
"F094","Find orders where discount percent is greater than 0.","ForGroup: LibraDexCondition.ForGroup(""orders"").Index(""discountPercent"").AsInt64.GreaterThan(0L).EndCondition | catalog group: catalog[""orders""].Where(""discountPercent"").AsInt64.GreaterThan(0L).EndCondition","store.Where.PropPath("".DiscountPercent"").AsInt64.GreaterThan(0L).EndCondition","5","Direct indexed condition syntax matches every predicate in the natural-language request."
"F095","Find orders where discount percent is at least 50.","ForGroup: LibraDexCondition.ForGroup(""orders"").Index(""discountPercent"").AsInt64.GreaterOrEqual(50L).EndCondition | catalog group: catalog[""orders""].Where(""discountPercent"").AsInt64.GreaterOrEqual(50L).EndCondition","store.Where.PropPath("".DiscountPercent"").AsInt64.GreaterOrEqual(50L).EndCondition","5","Direct indexed condition syntax matches every predicate in the natural-language request."
"F096","Find invoices where balance due cents is not zero.","ForGroup: LibraDexCondition.ForGroup(""invoices"").Index(""balanceDueCents"").AsDate.NotEqualTo(zero).EndCondition | catalog group: catalog[""invoices""].Where(""balanceDueCents"").AsDate.NotEqualTo(zero).EndCondition","store.Where.PropPath("".BalanceDueCents"").AsDate.NotEqualTo(zero).EndCondition","5","Direct indexed condition syntax matches every predicate in the natural-language request."
"F097","Find invoices where balance due cents is less than zero.","ForGroup: LibraDexCondition.ForGroup(""invoices"").Index(""balanceDueCents"").AsDate.LessThan(zero).EndCondition | catalog group: catalog[""invoices""].Where(""balanceDueCents"").AsDate.LessThan(zero).EndCondition","store.Where.PropPath("".BalanceDueCents"").AsDate.LessThan(zero).EndCondition","5","Direct indexed condition syntax matches every predicate in the natural-language request."
"F098","Find invoices where balance due cents is greater than invoice total cents.","","","0","Score 0: the request needs a cross-field comparison, derived/domain computation, dynamic planning rule, or caller-owned semantic policy ('greater than .+ total') that cannot be faithfully represented as ordinary indexed C# condition syntax without an explicit projection or external data source."
"F099","Find invoices where tax cents is one of the known tax bucket values.","ForGroup: LibraDexCondition.ForGroup(""invoices"").Index(""taxCents"").AsInt64.InSet(values).EndCondition | catalog group: catalog[""invoices""].Where(""taxCents"").AsInt64.InSet(values).EndCondition","store.Where.PropPath("".TaxCents"").AsInt64.InSet(values).EndCondition","5","Direct indexed condition syntax matches every predicate in the natural-language request."
"F100","Find invoices where line count is greater than 100.","ForGroup: LibraDexCondition.ForGroup(""invoices"").Index(""lineCount"").AsInt64.GreaterThan(100L).EndCondition | catalog group: catalog[""invoices""].Where(""lineCount"").AsInt64.GreaterThan(100L).EndCondition","store.Where.PropPath("".LineCount"").AsInt64.GreaterThan(100L).EndCondition","5","Direct indexed condition syntax matches every predicate in the natural-language request."
"F101","Find measurements where the temperature is below 32 degrees.","ForGroup: LibraDexCondition.ForGroup(""measurements"").Index(""temperature"").AsInt64.LessThan(32Degrees).EndCondition | catalog group: catalog[""measurements""].Where(""temperature"").AsInt64.LessThan(32Degrees).EndCondition","store.Where.PropPath("".Temperature"").AsInt64.LessThan(32Degrees).EndCondition","5","Direct indexed condition syntax matches every predicate in the natural-language request."
"F102","Find measurements where the temperature is above 100 degrees.","ForGroup: LibraDexCondition.ForGroup(""measurements"").Index(""temperature"").AsInt64.GreaterThan(100Degrees).EndCondition | catalog group: catalog[""measurements""].Where(""temperature"").AsInt64.GreaterThan(100Degrees).EndCondition","store.Where.PropPath("".Temperature"").AsInt64.GreaterThan(100Degrees).EndCondition","5","Direct indexed condition syntax matches every predicate in the natural-language request."
"F103","Find measurements where the temperature is between 68 and 72 degrees.","ForGroup: LibraDexCondition.ForGroup(""measurements"").Index(""temperature"").AsInt64.Between(68L, 72Degrees).EndCondition | catalog group: catalog[""measurements""].Where(""temperature"").AsInt64.Between(68L, 72Degrees).EndCondition","store.Where.PropPath("".Temperature"").AsInt64.Between(68L, 72Degrees).EndCondition","5","Direct indexed condition syntax matches every predicate in the natural-language request."
"F104","Find measurements where the pressure reading is outside the safe range.","ForGroup: LibraDexCondition.ForGroup(""measurements"").Not.Index(""pressureReading"").AsInt64.Between(min, max).EndCondition | catalog group: catalog[""measurements""].Not.Index(""pressureReading"").AsInt64.Between(min, max).EndCondition","store.Where.Not.PropPath("".PressureReading"").AsInt64.Between(min, max).EndCondition","5","Direct indexed condition syntax matches every predicate in the natural-language request."
"F105","Find measurements where the humidity percentage is exactly 0.","ForGroup: LibraDexCondition.ForGroup(""measurements"").Index(""humidityPercentage"").AsInt64.EqualTo(0L).EndCondition | catalog group: catalog[""measurements""].Where(""humidityPercentage"").AsInt64.EqualTo(0L).EndCondition","store.Where.PropPath("".HumidityPercentage"").AsInt64.EqualTo(0L).EndCondition","5","Direct indexed condition syntax matches every predicate in the natural-language request."
"F106","Find measurements where the humidity percentage is greater than 90.","ForGroup: LibraDexCondition.ForGroup(""measurements"").Index(""humidityPercentage"").AsInt64.GreaterThan(90L).EndCondition | catalog group: catalog[""measurements""].Where(""humidityPercentage"").AsInt64.GreaterThan(90L).EndCondition","store.Where.PropPath("".HumidityPercentage"").AsInt64.GreaterThan(90L).EndCondition","5","Direct indexed condition syntax matches every predicate in the natural-language request."
"F107","Find readings where the score is at least 0.95.","ForGroup: LibraDexCondition.ForGroup(""readings"").Index(""score"").AsInt64.GreaterOrEqual(0.95).EndCondition | catalog group: catalog[""readings""].Where(""score"").AsInt64.GreaterOrEqual(0.95).EndCondition","store.Where.PropPath("".Score"").AsInt64.GreaterOrEqual(0.95).EndCondition","5","Direct indexed condition syntax matches every predicate in the natural-language request."
"F108","Find readings where the score is less than 0.01.","ForGroup: LibraDexCondition.ForGroup(""readings"").Index(""score"").AsInt64.LessThan(0.01).EndCondition | catalog group: catalog[""readings""].Where(""score"").AsInt64.LessThan(0.01).EndCondition","store.Where.PropPath("".Score"").AsInt64.LessThan(0.01).EndCondition","5","Direct indexed condition syntax matches every predicate in the natural-language request."
"F109","Find readings where the score is between 0.2 and 0.8.","ForGroup: LibraDexCondition.ForGroup(""readings"").Index(""score"").AsInt64.Between(0.2, 0.8).EndCondition | catalog group: catalog[""readings""].Where(""score"").AsInt64.Between(0.2, 0.8).EndCondition","store.Where.PropPath("".Score"").AsInt64.Between(0.2, 0.8).EndCondition","5","Direct indexed condition syntax matches every predicate in the natural-language request."
"F110","Find readings where the score is not equal to 1.0.","ForGroup: LibraDexCondition.ForGroup(""readings"").Index(""scoreIsNot"").AsInt64.EqualTo(1.0).EndCondition | catalog group: catalog[""readings""].Where(""scoreIsNot"").AsInt64.EqualTo(1.0).EndCondition","store.Where.PropPath("".ScoreIsNot"").AsInt64.EqualTo(1.0).EndCondition","5","Direct indexed condition syntax matches every predicate in the natural-language request."
"F111","Find jobs where priority equals 1.","ForGroup: LibraDexCondition.ForGroup(""jobs"").Index(""priority"").AsInt64.EqualTo(1L).EndCondition | catalog group: catalog[""jobs""].Where(""priority"").AsInt64.EqualTo(1L).EndCondition","store.Where.PropPath("".Priority"").AsInt64.EqualTo(1L).EndCondition","5","Direct indexed condition syntax matches every predicate in the natural-language request."
"F112","Find jobs where priority is higher than 5.","ForGroup: LibraDexCondition.ForGroup(""jobs"").Index(""priority"").AsInt64.GreaterThan(5L).EndCondition | catalog group: catalog[""jobs""].Where(""priority"").AsInt64.GreaterThan(5L).EndCondition","store.Where.PropPath("".Priority"").AsInt64.GreaterThan(5L).EndCondition","5","Direct indexed condition syntax matches every predicate in the natural-language request."
"F113","Find jobs where priority is one of 1, 2, or 3.","ForGroup: LibraDexCondition.ForGroup(""jobs"").Index(""priority"").AsInt64.InSet(values).EndCondition | catalog group: catalog[""jobs""].Where(""priority"").AsInt64.InSet(values).EndCondition","store.Where.PropPath("".Priority"").AsInt64.InSet(values).EndCondition","5","Direct indexed condition syntax matches every predicate in the natural-language request."
"F114","Find jobs where priority is not one of the paused priorities.","ForGroup: LibraDexCondition.ForGroup(""jobs"").Index(""priority"").AsInt64.NotInSet(values).EndCondition | catalog group: catalog[""jobs""].Where(""priority"").AsInt64.NotInSet(values).EndCondition","store.Where.PropPath("".Priority"").AsInt64.NotInSet(values).EndCondition","5","Direct indexed condition syntax matches every predicate in the natural-language request."
"F115","Find jobs where shard number equals 17.","ForGroup: LibraDexCondition.ForGroup(""jobs"").Index(""shard"").AsInt64.EqualTo(17L).EndCondition | catalog group: catalog[""jobs""].Where(""shard"").AsInt64.EqualTo(17L).EndCondition","store.Where.PropPath("".Shard"").AsInt64.EqualTo(17L).EndCondition","5","Direct indexed condition syntax matches every predicate in the natural-language request."
"F116","Find jobs where shard number is between 0 and 15.","ForGroup: LibraDexCondition.ForGroup(""jobs"").Index(""shard"").AsInt64.Between(0L, 15L).EndCondition | catalog group: catalog[""jobs""].Where(""shard"").AsInt64.Between(0L, 15L).EndCondition","store.Where.PropPath("".Shard"").AsInt64.Between(0L, 15L).EndCondition","5","Direct indexed condition syntax matches every predicate in the natural-language request."
"F117","Find jobs where retry budget remaining is greater than 0.","ForGroup: LibraDexCondition.ForGroup(""jobs"").Index(""retryBudgetRemaining"").AsInt64.GreaterThan(0L).EndCondition | catalog group: catalog[""jobs""].Where(""retryBudgetRemaining"").AsInt64.GreaterThan(0L).EndCondition","store.Where.PropPath("".RetryBudgetRemaining"").AsInt64.GreaterThan(0L).EndCondition","5","Direct indexed condition syntax matches every predicate in the natural-language request."
"F118","Find jobs where retry budget remaining is less than attempts made.","ForGroup: LibraDexCondition.ForGroup(""jobs"").Index(""retryBudgetRemaining"").AsInt64.LessThan(attemptsMade).EndCondition | catalog group: catalog[""jobs""].Where(""retryBudgetRemaining"").AsInt64.LessThan(attemptsMade).EndCondition","store.Where.PropPath("".RetryBudgetRemaining"").AsInt64.LessThan(attemptsMade).EndCondition","5","Direct indexed condition syntax matches every predicate in the natural-language request."
"F119","Find jobs where sequence number is after the last processed sequence.","ForGroup: LibraDexCondition.ForGroup(""jobs"").Index(""sequence"").AsInt64.GreaterThan(lastProcessedSequence).EndCondition | catalog group: catalog[""jobs""].Where(""sequence"").AsInt64.GreaterThan(lastProcessedSequence).EndCondition","store.Where.PropPath("".Sequence"").AsInt64.GreaterThan(lastProcessedSequence).EndCondition","5","Direct indexed condition syntax matches every predicate in the natural-language request."
"F120","Find jobs where sequence number is before the checkpoint sequence.","ForGroup: LibraDexCondition.ForGroup(""jobs"").Index(""sequence"").AsInt64.LessThan(checkpoint).EndCondition | catalog group: catalog[""jobs""].Where(""sequence"").AsInt64.LessThan(checkpoint).EndCondition","store.Where.PropPath("".Sequence"").AsInt64.LessThan(checkpoint).EndCondition","5","Direct indexed condition syntax matches every predicate in the natural-language request."
"F121","Find events where the version number equals 3.","ForGroup: LibraDexCondition.ForGroup(""events"").Index(""version"").AsInt64.EqualTo(3L).EndCondition | catalog group: catalog[""events""].Where(""version"").AsInt64.EqualTo(3L).EndCondition","store.Where.PropPath("".Version"").AsInt64.EqualTo(3L).EndCondition","5","Direct indexed condition syntax matches every predicate in the natural-language request."
"F122","Find events where the version number is greater than or equal to 10.","ForGroup: LibraDexCondition.ForGroup(""events"").Index(""version"").AsInt64.GreaterOrEqual(10L).EndCondition | catalog group: catalog[""events""].Where(""version"").AsInt64.GreaterOrEqual(10L).EndCondition","store.Where.PropPath("".Version"").AsInt64.GreaterOrEqual(10L).EndCondition","5","Direct indexed condition syntax matches every predicate in the natural-language request."
"F123","Find events where the version number is odd.","ForGroup: LibraDexCondition.ForGroup(""events"").Index(""version"").AsInt64.EqualTo(odd).EndCondition | catalog group: catalog[""events""].Where(""version"").AsInt64.EqualTo(odd).EndCondition","store.Where.PropPath("".Version"").AsInt64.EqualTo(odd).EndCondition","5","Direct indexed condition syntax matches every predicate in the natural-language request."
"F124","Find events where the version number is even.","ForGroup: LibraDexCondition.ForGroup(""events"").Index(""version"").AsInt64.EqualTo(even).EndCondition | catalog group: catalog[""events""].Where(""version"").AsInt64.EqualTo(even).EndCondition","store.Where.PropPath("".Version"").AsInt64.EqualTo(even).EndCondition","5","Direct indexed condition syntax matches every predicate in the natural-language request."
"F125","Find events where the version number has a specific bit set.","ForGroup: LibraDexCondition.ForGroup(""events"").Index(""versionNumber"").AsInt64.BitAnd(versionBitMask, versionBitMask).EndCondition | catalog group: catalog[""events""].Where(""versionNumber"").AsInt64.BitAnd(versionBitMask, versionBitMask).EndCondition","store.Where.PropPath("".VersionNumber"").AsInt64.BitAnd(versionBitMask, versionBitMask).EndCondition","5","Direct indexed condition syntax matches every predicate in the natural-language request."
"F126","Find records where the signed short code is negative.","ForGroup: LibraDexCondition.ForGroup(""records"").Index(""signedShortCode"").AsInt64.EqualTo(negative).EndCondition | catalog group: catalog[""records""].Where(""signedShortCode"").AsInt64.EqualTo(negative).EndCondition","store.Where.PropPath("".SignedShortCode"").AsInt64.EqualTo(negative).EndCondition","5","Direct indexed condition syntax matches every predicate in the natural-language request."
"F127","Find records where the unsigned byte code equals 255.","ForGroup: LibraDexCondition.ForGroup(""records"").Index(""unsignedByteCode"").AsInt64.EqualTo(255L).EndCondition | catalog group: catalog[""records""].Where(""unsignedByteCode"").AsInt64.EqualTo(255L).EndCondition","store.Where.PropPath("".UnsignedByteCode"").AsInt64.EqualTo(255L).EndCondition","5","Direct indexed condition syntax matches every predicate in the natural-language request."
"F128","Find records where the unsigned byte code is less than 16.","ForGroup: LibraDexCondition.ForGroup(""records"").Index(""unsignedByteCode"").AsInt64.LessThan(16L).EndCondition | catalog group: catalog[""records""].Where(""unsignedByteCode"").AsInt64.LessThan(16L).EndCondition","store.Where.PropPath("".UnsignedByteCode"").AsInt64.LessThan(16L).EndCondition","5","Direct indexed condition syntax matches every predicate in the natural-language request."
"F129","Find records where the char code equals 'A'.","ForGroup: LibraDexCondition.ForGroup(""records"").Index(""charCode"").AsInt64.EqualTo('A').EndCondition | catalog group: catalog[""records""].Where(""charCode"").AsInt64.EqualTo('A').EndCondition","store.Where.PropPath("".CharCode"").AsInt64.EqualTo('A').EndCondition","5","Direct indexed condition syntax matches every predicate in the natural-language request."
"F130","Find records where the char code is between 'A' and 'Z'.","ForGroup: LibraDexCondition.ForGroup(""records"").Index(""charCode"").AsInt64.Between('A', 'Z').EndCondition | catalog group: catalog[""records""].Where(""charCode"").AsInt64.Between('A', 'Z').EndCondition","store.Where.PropPath("".CharCode"").AsInt64.Between('A', 'Z').EndCondition","5","Direct indexed condition syntax matches every predicate in the natural-language request."
"F131","Find records where a boolean active flag is true.","ForGroup: LibraDexCondition.ForGroup(""records"").Index(""booleanActiveFlag"").AsBoolean.EqualTo(true).EndCondition | catalog group: catalog[""records""].Where(""booleanActiveFlag"").AsBoolean.EqualTo(true).EndCondition","store.Where.PropPath("".BooleanActiveFlag"").AsBoolean.EqualTo(true).EndCondition","5","Direct indexed condition syntax matches every predicate in the natural-language request."
"F132","Find records where a boolean active flag is false.","ForGroup: LibraDexCondition.ForGroup(""records"").Index(""booleanActiveFlag"").AsBoolean.EqualTo(false).EndCondition | catalog group: catalog[""records""].Where(""booleanActiveFlag"").AsBoolean.EqualTo(false).EndCondition","store.Where.PropPath("".BooleanActiveFlag"").AsBoolean.EqualTo(false).EndCondition","5","Direct indexed condition syntax matches every predicate in the natural-language request."
"F133","Find records where an enabled flag is true and a deleted flag is false.","ForGroup: LibraDexCondition.ForGroup(""records"").Index(""enabledFlag"").AsBoolean.EqualTo(true).AND.Index(""deletedFlag"").AsBoolean.EqualTo(false).EndCondition | catalog group: catalog[""records""].Where(""enabledFlag"").AsBoolean.EqualTo(true).AndAlso(""deletedFlag"").AsBoolean.EqualTo(false).EndCondition","store.Where.PropPath("".EnabledFlag"").AsBoolean.EqualTo(true).AND.PropPath("".DeletedFlag"").AsBoolean.EqualTo(false).EndCondition","5","Direct indexed condition syntax matches every predicate in the natural-language request."
"F134","Find records where an archived flag is false.","ForGroup: LibraDexCondition.ForGroup(""records"").Index(""archivedFlag"").AsBoolean.EqualTo(false).EndCondition | catalog group: catalog[""records""].Where(""archivedFlag"").AsBoolean.EqualTo(false).EndCondition","store.Where.PropPath("".ArchivedFlag"").AsBoolean.EqualTo(false).EndCondition","5","Direct indexed condition syntax matches every predicate in the natural-language request."
"F135","Find records where either public or shared is true.","ForGroup: LibraDexCondition.ForGroup(""records"").Index(""public"").AsBoolean.EqualTo(true).OR.Index(""shared"").AsBoolean.EqualTo(true).EndCondition | catalog group: catalog[""records""].Where(""public"").AsBoolean.EqualTo(true).OrElse(""shared"").AsBoolean.EqualTo(true).EndCondition","store.Where.PropPath("".Public"").AsBoolean.EqualTo(true).OR.PropPath("".Shared"").AsBoolean.EqualTo(true).EndCondition","5","Direct indexed condition syntax matches every predicate in the natural-language request."
"F136","Find records where public is true but hidden is false.","ForGroup: LibraDexCondition.ForGroup(""records"").Index(""publicIsTrueButHidden"").AsBoolean.EqualTo(false).EndCondition | catalog group: catalog[""records""].Where(""publicIsTrueButHidden"").AsBoolean.EqualTo(false).EndCondition","store.Where.PropPath("".PublicIsTrueButHidden"").AsBoolean.EqualTo(false).EndCondition","5","Direct indexed condition syntax matches every predicate in the natural-language request."
"F137","Find records where locked is true and expired is true.","ForGroup: LibraDexCondition.ForGroup(""records"").Index(""locked"").AsBoolean.EqualTo(true).AND.Index(""expired"").AsBoolean.EqualTo(true).EndCondition | catalog group: catalog[""records""].Where(""locked"").AsBoolean.EqualTo(true).AndAlso(""expired"").AsBoolean.EqualTo(true).EndCondition","store.Where.PropPath("".Locked"").AsBoolean.EqualTo(true).AND.PropPath("".Expired"").AsBoolean.EqualTo(true).EndCondition","5","Direct indexed condition syntax matches every predicate in the natural-language request."
"F138","Find records where reviewed is false and score is above 80.","ForGroup: LibraDexCondition.ForGroup(""records"").Index(""reviewed"").AsBoolean.EqualTo(false).AND.Index(""score"").AsInt64.GreaterThan(80L).EndCondition | catalog group: catalog[""records""].Where(""reviewed"").AsBoolean.EqualTo(false).AndAlso(""score"").AsInt64.GreaterThan(80L).EndCondition","store.Where.PropPath("".Reviewed"").AsBoolean.EqualTo(false).AND.PropPath("".Score"").AsInt64.GreaterThan(80L).EndCondition","5","Direct indexed condition syntax matches every predicate in the natural-language request."
"F139","Find records where selected is true or pinned is true.","ForGroup: LibraDexCondition.ForGroup(""records"").Index(""selected"").AsBoolean.EqualTo(true).OR.Index(""pinned"").AsBoolean.EqualTo(true).EndCondition | catalog group: catalog[""records""].Where(""selected"").AsBoolean.EqualTo(true).OrElse(""pinned"").AsBoolean.EqualTo(true).EndCondition","store.Where.PropPath("".Selected"").AsBoolean.EqualTo(true).OR.PropPath("".Pinned"").AsBoolean.EqualTo(true).EndCondition","5","Direct indexed condition syntax matches every predicate in the natural-language request."
"F140","Find records where all three approval booleans are true.","","","0","Score 0: no faithful C# condition syntax was generated for predicate segment 'all three approval booleans are true'."
"F141","Find tasks where status equals Open.","ForGroup: LibraDexCondition.ForGroup(""tasks"").Index(""status"").AsString.EqualTo(""Open"").EndCondition | catalog group: catalog[""tasks""].Where(""status"").AsString.EqualTo(""Open"").EndCondition","store.Where.PropPath("".Status"").AsString.EqualTo(""Open"").EndCondition","5","Direct indexed condition syntax matches every predicate in the natural-language request."
"F142","Find tasks where status is not Closed.","ForGroup: LibraDexCondition.ForGroup(""tasks"").Index(""status"").AsDate.NotEqualTo(closed).EndCondition | catalog group: catalog[""tasks""].Where(""status"").AsDate.NotEqualTo(closed).EndCondition","store.Where.PropPath("".Status"").AsDate.NotEqualTo(closed).EndCondition","5","Direct indexed condition syntax matches every predicate in the natural-language request."
"F143","Find tasks where status is one of Open, Pending, or Blocked.","ForGroup: LibraDexCondition.ForGroup(""tasks"").Index(""status"").AsString.InSet(values).EndCondition | catalog group: catalog[""tasks""].Where(""status"").AsString.InSet(values).EndCondition","store.Where.PropPath("".Status"").AsString.InSet(values).EndCondition","5","Direct indexed condition syntax matches every predicate in the natural-language request."
"F144","Find tasks where status is not one of Closed or Cancelled.","ForGroup: LibraDexCondition.ForGroup(""tasks"").Index(""status"").AsString.NotInSet(new[] { ""Closed"", ""Cancelled"" }).EndCondition | catalog group: catalog[""tasks""].Where(""status"").AsString.NotInSet(new[] { ""Closed"", ""Cancelled"" }).EndCondition","store.Where.PropPath("".Status"").AsString.NotInSet(new[] { ""Closed"", ""Cancelled"" }).EndCondition","5","Direct indexed condition syntax matches every predicate in the natural-language request."
"F145","Find tasks where status is Open and priority is High.","ForGroup: LibraDexCondition.ForGroup(""tasks"").Index(""status"").AsString.EqualTo(""Open"").AND.Index(""priority"").AsInt64.EqualTo(high).EndCondition | catalog group: catalog[""tasks""].Where(""status"").AsString.EqualTo(""Open"").AndAlso(""priority"").AsInt64.EqualTo(high).EndCondition","store.Where.PropPath("".Status"").AsString.EqualTo(""Open"").AND.PropPath("".Priority"").AsInt64.EqualTo(high).EndCondition","5","Direct indexed condition syntax matches every predicate in the natural-language request."
"F146","Find tasks where status is Open or status is Reopened.","ForGroup: LibraDexCondition.ForGroup(""tasks"").Index(""status"").AsString.EqualTo(""Open"").OR.Index(""status"").AsString.EqualTo(""Reopened"").EndCondition | catalog group: catalog[""tasks""].Where(""status"").AsString.EqualTo(""Open"").OrElse(""status"").AsString.EqualTo(""Reopened"").EndCondition","store.Where.PropPath("".Status"").AsString.EqualTo(""Open"").OR.PropPath("".Status"").AsString.EqualTo(""Reopened"").EndCondition","5","Direct indexed condition syntax matches every predicate in the natural-language request."
"F147","Find tasks where status changed from Pending to Active.","","","0","Score 0: the request needs a cross-field comparison, derived/domain computation, dynamic planning rule, or caller-owned semantic policy ('changed from') that cannot be faithfully represented as ordinary indexed C# condition syntax without an explicit projection or external data source."
"F148","Find tasks where status code is greater than the archived status code.","ForGroup: LibraDexCondition.ForGroup(""tasks"").Index(""statusCode"").AsBoolean.GreaterThan(archivedStatusCode).EndCondition | catalog group: catalog[""tasks""].Where(""statusCode"").AsBoolean.GreaterThan(archivedStatusCode).EndCondition","store.Where.PropPath("".StatusCode"").AsBoolean.GreaterThan(archivedStatusCode).EndCondition","5","Direct indexed condition syntax matches every predicate in the natural-language request."
"F149","Find tasks where workflow state is in a caller-provided set.","ForGroup: LibraDexCondition.ForGroup(""tasks"").Index(""workflowState"").AsString.InSet(values).EndCondition | catalog group: catalog[""tasks""].Where(""workflowState"").AsString.InSet(values).EndCondition","store.Where.PropPath("".WorkflowState"").AsString.InSet(values).EndCondition","5","Direct indexed condition syntax matches every predicate in the natural-language request."
"F150","Find tasks where workflow state is missing or Unknown.","ForGroup: LibraDexCondition.ForGroup(""tasks"").Index(""workflowState"").AsString.EqualTo(NullKey.Null).OR.Index(""workflowState"").AsString.EqualTo(""Unknown"").EndCondition | catalog group: catalog[""tasks""].Where(""workflowState"").AsString.EqualTo(NullKey.Null).OrElse(""workflowState"").AsString.EqualTo(""Unknown"").EndCondition","store.Where.PropPath("".WorkflowState"").AsString.EqualTo(null).OR.PropPath("".WorkflowState"").AsString.EqualTo(""Unknown"").EndCondition","5","Direct indexed condition syntax matches every predicate in the natural-language request."
"F151","Find permissions where the read bit is set.","ForGroup: LibraDexCondition.ForGroup(""permissions"").Index(""readBit"").AsString.EqualTo(""set"").EndCondition | catalog group: catalog[""permissions""].Where(""readBit"").AsString.EqualTo(""set"").EndCondition","store.Where.PropPath("".ReadBit"").AsString.EqualTo(""set"").EndCondition","5","Direct indexed condition syntax matches every predicate in the natural-language request."
"F152","Find permissions where the write bit is set.","ForGroup: LibraDexCondition.ForGroup(""permissions"").Index(""writeBit"").AsString.EqualTo(""set"").EndCondition | catalog group: catalog[""permissions""].Where(""writeBit"").AsString.EqualTo(""set"").EndCondition","store.Where.PropPath("".WriteBit"").AsString.EqualTo(""set"").EndCondition","5","Direct indexed condition syntax matches every predicate in the natural-language request."
"F153","Find permissions where both read and write bits are set.","","","0","Score 0: no faithful C# condition syntax was generated for predicate segment 'both read'."
"F154","Find permissions where any admin bit is set.","ForGroup: LibraDexCondition.ForGroup(""permissions"").Index(""anyAdminBit"").AsString.EqualTo(""set"").EndCondition | catalog group: catalog[""permissions""].Where(""anyAdminBit"").AsString.EqualTo(""set"").EndCondition","store.Where.PropPath("".AnyAdminBit"").AsString.EqualTo(""set"").EndCondition","5","Direct indexed condition syntax matches every predicate in the natural-language request."
"F155","Find permissions where no admin bit is set.","ForGroup: LibraDexCondition.ForGroup(""permissions"").Index(""noAdminBit"").AsString.EqualTo(""set"").EndCondition | catalog group: catalog[""permissions""].Where(""noAdminBit"").AsString.EqualTo(""set"").EndCondition","store.Where.PropPath("".NoAdminBit"").AsString.EqualTo(""set"").EndCondition","5","Direct indexed condition syntax matches every predicate in the natural-language request."
"F156","Find permissions where the delete bit is not set.","ForGroup: LibraDexCondition.ForGroup(""permissions"").Index(""deleteBit"").AsString.NotEqualTo(""set"").EndCondition | catalog group: catalog[""permissions""].Where(""deleteBit"").AsString.NotEqualTo(""set"").EndCondition","store.Where.PropPath("".DeleteBit"").AsString.NotEqualTo(""set"").EndCondition","5","Direct indexed condition syntax matches every predicate in the natural-language request."
"F157","Find permissions where exactly the guest mask is present.","ForGroup: LibraDexCondition.ForGroup(""permissions"").Index(""exactlyTheGuestMask"").AsInt64.EqualTo(ScalarNull.NonNull).EndCondition | catalog group: catalog[""permissions""].Where(""exactlyTheGuestMask"").AsInt64.EqualTo(ScalarNull.NonNull).EndCondition","store.Where.PropPath("".ExactlyTheGuestMask"").AsInt64.EqualTo(notNull).EndCondition","5","Direct indexed condition syntax matches every predicate in the natural-language request."
"F158","Find permissions where the mask contains all required bits and none of the forbidden bits.","","","0","Score 0: no faithful C# condition syntax was generated for predicate segment 'the mask contains all required bits'."
"F159","Find permissions where the effective mask differs from the inherited mask.","","","0","Score 0: the request needs a cross-field comparison, derived/domain computation, dynamic planning rule, or caller-owned semantic policy ('differs from') that cannot be faithfully represented as ordinary indexed C# condition syntax without an explicit projection or external data source."
"F160","Find permissions where the custom flags field is nonzero.","ForGroup: LibraDexCondition.ForGroup(""permissions"").Index(""customFlags"").AsString.EqualTo(""nonzero"").EndCondition | catalog group: catalog[""permissions""].Where(""customFlags"").AsString.EqualTo(""nonzero"").EndCondition","store.Where.PropPath("".CustomFlags"").AsString.EqualTo(""nonzero"").EndCondition","5","Direct indexed condition syntax matches every predicate in the natural-language request."
"F161","Find feature flags where the beta bit is set.","ForGroup: LibraDexCondition.ForGroup(""features"").Index(""betaBit"").AsString.EqualTo(""set"").EndCondition | catalog group: catalog[""features""].Where(""betaBit"").AsString.EqualTo(""set"").EndCondition","store.Where.PropPath("".BetaBit"").AsString.EqualTo(""set"").EndCondition","5","Direct indexed condition syntax matches every predicate in the natural-language request."
"F162","Find feature flags where either beta or preview is set.","","","0","Score 0: no faithful C# condition syntax was generated for predicate segment 'either beta'."
"F163","Find feature flags where beta is set and disabled is not set.","ForGroup: LibraDexCondition.ForGroup(""features"").Index(""beta"").AsString.EqualTo(""set"").AND.Index(""disabled"").AsString.NotEqualTo(""set"").EndCondition | catalog group: catalog[""features""].Where(""beta"").AsString.EqualTo(""set"").AndAlso(""disabled"").AsString.NotEqualTo(""set"").EndCondition","store.Where.PropPath("".Beta"").AsString.EqualTo(""set"").AND.PropPath("".Disabled"").AsString.NotEqualTo(""set"").EndCondition","5","Direct indexed condition syntax matches every predicate in the natural-language request."
"F164","Find feature flags where the flags value is one of several known combinations.","ForGroup: LibraDexCondition.ForGroup(""features"").Index(""flags"").AsString.InSet(values).EndCondition | catalog group: catalog[""features""].Where(""flags"").AsString.InSet(values).EndCondition","store.Where.PropPath("".Flags"").AsString.InSet(values).EndCondition","5","Direct indexed condition syntax matches every predicate in the natural-language request."
"F165","Find feature flags where none of the rollout bits are set.","","","0","Score 0: no faithful C# condition syntax was generated for predicate segment 'none of the rollout bits are set'."
"F166","Find messages where the unread bit is set.","ForGroup: LibraDexCondition.ForGroup(""messages"").Index(""unreadBit"").AsString.EqualTo(""set"").EndCondition | catalog group: catalog[""messages""].Where(""unreadBit"").AsString.EqualTo(""set"").EndCondition","store.Where.PropPath("".UnreadBit"").AsString.EqualTo(""set"").EndCondition","5","Direct indexed condition syntax matches every predicate in the natural-language request."
"F167","Find messages where archived is not set and starred is set.","ForGroup: LibraDexCondition.ForGroup(""messages"").Index(""archived"").AsBoolean.NotEqualTo(set).AND.Index(""starred"").AsString.EqualTo(""set"").EndCondition | catalog group: catalog[""messages""].Where(""archived"").AsBoolean.NotEqualTo(set).AndAlso(""starred"").AsString.EqualTo(""set"").EndCondition","store.Where.PropPath("".Archived"").AsBoolean.NotEqualTo(set).AND.PropPath("".Starred"").AsString.EqualTo(""set"").EndCondition","5","Direct indexed condition syntax matches every predicate in the natural-language request."
"F168","Find messages where muted is set or snoozed is set.","ForGroup: LibraDexCondition.ForGroup(""messages"").Index(""muted"").AsBoolean.EqualTo(set).OR.Index(""snoozed"").AsBoolean.EqualTo(set).EndCondition | catalog group: catalog[""messages""].Where(""muted"").AsBoolean.EqualTo(set).OrElse(""snoozed"").AsBoolean.EqualTo(set).EndCondition","store.Where.PropPath("".Muted"").AsBoolean.EqualTo(set).OR.PropPath("".Snoozed"").AsBoolean.EqualTo(set).EndCondition","5","Direct indexed condition syntax matches every predicate in the natural-language request."
"F169","Find messages where every compliance-required flag is set.","ForGroup: LibraDexCondition.ForGroup(""messages"").Index(""everyComplianceRequiredFlag"").AsBoolean.EqualTo(set).EndCondition | catalog group: catalog[""messages""].Where(""everyComplianceRequiredFlag"").AsBoolean.EqualTo(set).EndCondition","store.Where.PropPath("".EveryComplianceRequiredFlag"").AsBoolean.EqualTo(set).EndCondition","5","Direct indexed condition syntax matches every predicate in the natural-language request."
"F170","Find messages where any retention-exemption flag is set.","ForGroup: LibraDexCondition.ForGroup(""messages"").Index(""anyRetentionExemptionFlag"").AsDate.EqualTo(set).EndCondition | catalog group: catalog[""messages""].Where(""anyRetentionExemptionFlag"").AsDate.EqualTo(set).EndCondition","store.Where.PropPath("".AnyRetentionExemptionFlag"").AsDate.EqualTo(set).EndCondition","5","Direct indexed condition syntax matches every predicate in the natural-language request."
"F171","Find rows where created date is today.","ForGroup: LibraDexCondition.ForGroup(""rows"").Index(""createdDate"").AsDate.EqualTo(today).EndCondition | catalog group: catalog[""rows""].Where(""createdDate"").AsDate.EqualTo(today).EndCondition","store.Where.PropPath("".CreatedDate"").AsDate.EqualTo(today).EndCondition","5","Direct indexed condition syntax matches every predicate in the natural-language request."
"F172","Find rows where created date is yesterday.","ForGroup: LibraDexCondition.ForGroup(""rows"").Index(""createdDate"").AsDate.EqualTo(yesterday).EndCondition | catalog group: catalog[""rows""].Where(""createdDate"").AsDate.EqualTo(yesterday).EndCondition","store.Where.PropPath("".CreatedDate"").AsDate.EqualTo(yesterday).EndCondition","5","Direct indexed condition syntax matches every predicate in the natural-language request."
"F173","Find rows where created date is in the last 7 days.","ForGroup: LibraDexCondition.ForGroup(""rows"").Index(""createdDate"").AsDate.InSet(values).EndCondition | catalog group: catalog[""rows""].Where(""createdDate"").AsDate.InSet(values).EndCondition","store.Where.PropPath("".CreatedDate"").AsDate.InSet(values).EndCondition","5","Direct indexed condition syntax matches every predicate in the natural-language request."
"F174","Find rows where created date is in the last 30 days.","ForGroup: LibraDexCondition.ForGroup(""rows"").Index(""createdDate"").AsDate.InSet(values).EndCondition | catalog group: catalog[""rows""].Where(""createdDate"").AsDate.InSet(values).EndCondition","store.Where.PropPath("".CreatedDate"").AsDate.InSet(values).EndCondition","5","Direct indexed condition syntax matches every predicate in the natural-language request."
"F175","Find rows where created date is older than 90 days.","ForGroup: LibraDexCondition.ForGroup(""rows"").Index(""createdDate"").AsDate.LessThan(90Days).EndCondition | catalog group: catalog[""rows""].Where(""createdDate"").AsDate.LessThan(90Days).EndCondition","store.Where.PropPath("".CreatedDate"").AsDate.LessThan(90Days).EndCondition","5","Direct indexed condition syntax matches every predicate in the natural-language request."
"F176","Find rows where created date is on or after January 1 2026.","","","0","Score 0: no faithful C# condition syntax was generated for predicate segment 'after January 1 2026'."
"F177","Find rows where created date is before January 1 2026.","ForGroup: LibraDexCondition.ForGroup(""rows"").Index(""createdDate"").AsDate.LessThan(january12026).EndCondition | catalog group: catalog[""rows""].Where(""createdDate"").AsDate.LessThan(january12026).EndCondition","store.Where.PropPath("".CreatedDate"").AsDate.LessThan(january12026).EndCondition","5","Direct indexed condition syntax matches every predicate in the natural-language request."
"F178","Find rows where created date is between January 1 2026 and March 31 2026.","ForGroup: LibraDexCondition.ForGroup(""rows"").Index(""createdDate"").AsDate.Between(january12026, march312026).EndCondition | catalog group: catalog[""rows""].Where(""createdDate"").AsDate.Between(january12026, march312026).EndCondition","store.Where.PropPath("".CreatedDate"").AsDate.Between(january12026, march312026).EndCondition","5","Direct indexed condition syntax matches every predicate in the natural-language request."
"F179","Find rows where created date is not between two supplied dates.","","","0","Score 0: no faithful C# condition syntax was generated for predicate segment 'created date is not between two supplied dates'."
"F180","Find rows where created date equals a specific calendar day regardless of time.","","","0","Score 0: no faithful C# condition syntax was generated for predicate segment 'created date equals a specific calendar day regardless of time'."
"F181","Find rows where created timestamp is after a supplied instant.","ForGroup: LibraDexCondition.ForGroup(""rows"").Index(""createdTimestamp"").AsDate.GreaterThan(instant).EndCondition | catalog group: catalog[""rows""].Where(""createdTimestamp"").AsDate.GreaterThan(instant).EndCondition","store.Where.PropPath("".CreatedTimestamp"").AsDate.GreaterThan(instant).EndCondition","5","Direct indexed condition syntax matches every predicate in the natural-language request."
"F182","Find rows where created timestamp is before a supplied instant.","ForGroup: LibraDexCondition.ForGroup(""rows"").Index(""createdTimestamp"").AsDate.LessThan(instant).EndCondition | catalog group: catalog[""rows""].Where(""createdTimestamp"").AsDate.LessThan(instant).EndCondition","store.Where.PropPath("".CreatedTimestamp"").AsDate.LessThan(instant).EndCondition","5","Direct indexed condition syntax matches every predicate in the natural-language request."
"F183","Find rows where created timestamp is within the last 15 minutes.","","","0","Score 0: no faithful C# condition syntax was generated for predicate segment 'created timestamp is within the last 15 minutes'."
"F184","Find rows where created timestamp is within the last 24 hours.","","","0","Score 0: no faithful C# condition syntax was generated for predicate segment 'created timestamp is within the last 24 hours'."
"F185","Find rows where created timestamp is exactly a stored tick value.","ForGroup: LibraDexCondition.ForGroup(""rows"").Index(""createdTimestamp"").AsDate.EqualTo(tick).EndCondition | catalog group: catalog[""rows""].Where(""createdTimestamp"").AsDate.EqualTo(tick).EndCondition","store.Where.PropPath("".CreatedTimestamp"").AsDate.EqualTo(tick).EndCondition","5","Direct indexed condition syntax matches every predicate in the natural-language request."
"F186","Find rows where updated timestamp is greater than created timestamp.","ForGroup: LibraDexCondition.ForGroup(""rows"").Index(""updatedTimestamp"").AsDate.GreaterThan(createdTimestamp).EndCondition | catalog group: catalog[""rows""].Where(""updatedTimestamp"").AsDate.GreaterThan(createdTimestamp).EndCondition","store.Where.PropPath("".UpdatedTimestamp"").AsDate.GreaterThan(createdTimestamp).EndCondition","5","Direct indexed condition syntax matches every predicate in the natural-language request."
"F187","Find rows where updated timestamp is missing or equals the minimum date.","","","0","Score 0: no faithful C# condition syntax was generated for predicate segment 'equals the minimum date'."
"F188","Find rows where updated date is this month.","","","0","Score 0: no faithful C# condition syntax was generated for predicate segment 'updated date is this month'."
"F189","Find rows where updated date is this quarter.","","","0","Score 0: no faithful C# condition syntax was generated for predicate segment 'updated date is this quarter'."
"F190","Find rows where updated date is this year.","","","0","Score 0: no faithful C# condition syntax was generated for predicate segment 'updated date is this year'."
"F191","Find rows where due date is overdue.","ForGroup: LibraDexCondition.ForGroup(""rows"").Index(""dueDate"").AsDate.EqualTo(overdue).EndCondition | catalog group: catalog[""rows""].Where(""dueDate"").AsDate.EqualTo(overdue).EndCondition","store.Where.PropPath("".DueDate"").AsDate.EqualTo(overdue).EndCondition","5","Direct indexed condition syntax matches every predicate in the natural-language request."
"F192","Find rows where due date is today.","ForGroup: LibraDexCondition.ForGroup(""rows"").Index(""dueDate"").AsDate.EqualTo(today).EndCondition | catalog group: catalog[""rows""].Where(""dueDate"").AsDate.EqualTo(today).EndCondition","store.Where.PropPath("".DueDate"").AsDate.EqualTo(today).EndCondition","5","Direct indexed condition syntax matches every predicate in the natural-language request."
"F193","Find rows where due date is tomorrow.","ForGroup: LibraDexCondition.ForGroup(""rows"").Index(""dueDate"").AsDate.EqualTo(tomorrow).EndCondition | catalog group: catalog[""rows""].Where(""dueDate"").AsDate.EqualTo(tomorrow).EndCondition","store.Where.PropPath("".DueDate"").AsDate.EqualTo(tomorrow).EndCondition","5","Direct indexed condition syntax matches every predicate in the natural-language request."
"F194","Find rows where due date is in the next 7 days.","ForGroup: LibraDexCondition.ForGroup(""rows"").Index(""dueDate"").AsDate.InSet(values).EndCondition | catalog group: catalog[""rows""].Where(""dueDate"").AsDate.InSet(values).EndCondition","store.Where.PropPath("".DueDate"").AsDate.InSet(values).EndCondition","5","Direct indexed condition syntax matches every predicate in the natural-language request."
"F195","Find rows where due date is on a weekend.","ForGroup: LibraDexCondition.ForGroup(""rows"").Index(""dueDate"").AsDate.IsWeekend().EndCondition | catalog group: catalog[""rows""].Where(""dueDate"").AsDate.IsWeekend().EndCondition","store.Where.PropPath("".DueDate"").AsDate.IsWeekend().EndCondition","5","Direct indexed condition syntax matches every predicate in the natural-language request."
"F196","Find rows where due date is on a weekday.","ForGroup: LibraDexCondition.ForGroup(""rows"").Not.Index(""dueDate"").AsDate.IsWeekend().EndCondition | catalog group: catalog[""rows""].Not.Index(""dueDate"").AsDate.IsWeekend().EndCondition","store.Where.Not.PropPath("".DueDate"").AsDate.IsWeekend().EndCondition","5","Direct indexed condition syntax matches every predicate in the natural-language request."
"F197","Find rows where due date is in June 2026.","ForGroup: LibraDexCondition.ForGroup(""rows"").Index(""dueDate"").AsDate.InSet(values).EndCondition | catalog group: catalog[""rows""].Where(""dueDate"").AsDate.InSet(values).EndCondition","store.Where.PropPath("".DueDate"").AsDate.InSet(values).EndCondition","5","Direct indexed condition syntax matches every predicate in the natural-language request."
"F198","Find rows where due date is in Q2 of 2026.","ForGroup: LibraDexCondition.ForGroup(""rows"").Index(""dueDate"").AsDate.InSet(values).EndCondition | catalog group: catalog[""rows""].Where(""dueDate"").AsDate.InSet(values).EndCondition","store.Where.PropPath("".DueDate"").AsDate.InSet(values).EndCondition","5","Direct indexed condition syntax matches every predicate in the natural-language request."
"F199","Find rows where due date is in either Q1 or Q4.","","","0","Score 0: no faithful C# condition syntax was generated for predicate segment 'Q4'."
"F200","Find rows where due date is not in the current year.","ForGroup: LibraDexCondition.ForGroup(""rows"").Index(""dueDate"").AsDate.NotInSet(values).EndCondition | catalog group: catalog[""rows""].Where(""dueDate"").AsDate.NotInSet(values).EndCondition","store.Where.PropPath("".DueDate"").AsDate.NotInSet(values).EndCondition","5","Direct indexed condition syntax matches every predicate in the natural-language request."
"F201","Find appointments where start time is in the morning.","ForGroup: LibraDexCondition.ForGroup(""appointments"").Index(""startTime"").AsDate.IsMorning().EndCondition | catalog group: catalog[""appointments""].Where(""startTime"").AsDate.IsMorning().EndCondition","store.Where.PropPath("".StartTime"").AsDate.IsMorning().EndCondition","5","Direct indexed condition syntax matches every predicate in the natural-language request."
"F202","Find appointments where start time is in the afternoon.","ForGroup: LibraDexCondition.ForGroup(""appointments"").Index(""startTime"").AsDate.IsAfternoon().EndCondition | catalog group: catalog[""appointments""].Where(""startTime"").AsDate.IsAfternoon().EndCondition","store.Where.PropPath("".StartTime"").AsDate.IsAfternoon().EndCondition","5","Direct indexed condition syntax matches every predicate in the natural-language request."
"F203","Find appointments where start time is in the evening.","ForGroup: LibraDexCondition.ForGroup(""appointments"").Index(""startTime"").AsDate.IsEvening().EndCondition | catalog group: catalog[""appointments""].Where(""startTime"").AsDate.IsEvening().EndCondition","store.Where.PropPath("".StartTime"").AsDate.IsEvening().EndCondition","5","Direct indexed condition syntax matches every predicate in the natural-language request."
"F204","Find appointments where start time is at night.","ForGroup: LibraDexCondition.ForGroup(""appointments"").Index(""startTime"").AsDate.IsNight().EndCondition | catalog group: catalog[""appointments""].Where(""startTime"").AsDate.IsNight().EndCondition","store.Where.PropPath("".StartTime"").AsDate.IsNight().EndCondition","5","Direct indexed condition syntax matches every predicate in the natural-language request."
"F205","Find appointments where start time is between 8 AM and 5 PM.","ForGroup: LibraDexCondition.ForGroup(""appointments"").Index(""startTime"").AsDate.Between(8Am, 5Pm).EndCondition | catalog group: catalog[""appointments""].Where(""startTime"").AsDate.Between(8Am, 5Pm).EndCondition","store.Where.PropPath("".StartTime"").AsDate.Between(8Am, 5Pm).EndCondition","5","Direct indexed condition syntax matches every predicate in the natural-language request."
"F206","Find appointments where start time wraps across midnight.","","","0","Score 0: the request needs a cross-field comparison, derived/domain computation, dynamic planning rule, or caller-owned semantic policy ('wraps across midnight') that cannot be faithfully represented as ordinary indexed C# condition syntax without an explicit projection or external data source."
"F207","Find appointments where end time is before start time.","ForGroup: LibraDexCondition.ForGroup(""appointments"").Index(""endTime"").AsDate.LessThan(startTime).EndCondition | catalog group: catalog[""appointments""].Where(""endTime"").AsDate.LessThan(startTime).EndCondition","store.Where.PropPath("".EndTime"").AsDate.LessThan(startTime).EndCondition","5","Direct indexed condition syntax matches every predicate in the natural-language request."
"F208","Find appointments where duration is greater than one hour.","ForGroup: LibraDexCondition.ForGroup(""appointments"").Index(""duration"").AsInt64.GreaterThan(oneHour).EndCondition | catalog group: catalog[""appointments""].Where(""duration"").AsInt64.GreaterThan(oneHour).EndCondition","store.Where.PropPath("".Duration"").AsInt64.GreaterThan(oneHour).EndCondition","5","Direct indexed condition syntax matches every predicate in the natural-language request."
"F209","Find appointments where duration is less than five minutes.","ForGroup: LibraDexCondition.ForGroup(""appointments"").Index(""duration"").AsInt64.LessThan(fiveMinutes).EndCondition | catalog group: catalog[""appointments""].Where(""duration"").AsInt64.LessThan(fiveMinutes).EndCondition","store.Where.PropPath("".Duration"").AsInt64.LessThan(fiveMinutes).EndCondition","5","Direct indexed condition syntax matches every predicate in the natural-language request."
"F210","Find appointments where duration is between 30 and 60 minutes.","ForGroup: LibraDexCondition.ForGroup(""appointments"").Index(""duration"").AsInt64.Between(30L, 60Minutes).EndCondition | catalog group: catalog[""appointments""].Where(""duration"").AsInt64.Between(30L, 60Minutes).EndCondition","store.Where.PropPath("".Duration"").AsInt64.Between(30L, 60Minutes).EndCondition","5","Direct indexed condition syntax matches every predicate in the natural-language request."
"F211","Find events where event date is the same month every year.","","","0","Score 0: no faithful C# condition syntax was generated for predicate segment 'event date is the same month every year'."
"F212","Find events where event date is the same day every year.","","","0","Score 0: no faithful C# condition syntax was generated for predicate segment 'event date is the same day every year'."
"F213","Find events where event date has day-of-month equal to 1.","ForGroup: LibraDexCondition.ForGroup(""events"").Index(""eventDateHasDayOfMonth"").AsDate.EqualTo(1).EndCondition | catalog group: catalog[""events""].Where(""eventDateHasDayOfMonth"").AsDate.EqualTo(1).EndCondition","store.Where.PropPath("".EventDateHasDayOfMonth"").AsDate.EqualTo(1).EndCondition","5","Direct indexed condition syntax matches every predicate in the natural-language request."
"F214","Find events where event date has day-of-month between 1 and 7.","","","0","Score 0: no faithful C# condition syntax was generated for predicate segment 'event date has day-of-month between 1 and 7'."
"F215","Find events where event date has month equal to December.","ForGroup: LibraDexCondition.ForGroup(""events"").Index(""eventDateHasMonth"").AsDate.EqualTo(december).EndCondition | catalog group: catalog[""events""].Where(""eventDateHasMonth"").AsDate.EqualTo(december).EndCondition","store.Where.PropPath("".EventDateHasMonth"").AsDate.EqualTo(december).EndCondition","5","Direct indexed condition syntax matches every predicate in the natural-language request."
"F216","Find events where event date is a leap day.","","","0","Score 0: no faithful C# condition syntax was generated for predicate segment 'event date is a leap day'."
"F217","Find events where event date is the last day of the month.","","","0","Score 0: no faithful C# condition syntax was generated for predicate segment 'event date is the last day of the month'."
"F218","Find events where event date is in a caller-provided set of holidays.","ForGroup: LibraDexCondition.ForGroup(""events"").Index(""eventDate"").AsDate.InSet(values).EndCondition | catalog group: catalog[""events""].Where(""eventDate"").AsDate.InSet(values).EndCondition","store.Where.PropPath("".EventDate"").AsDate.InSet(values).EndCondition","5","Direct indexed condition syntax matches every predicate in the natural-language request."
"F219","Find events where event date is not in a blackout window.","ForGroup: LibraDexCondition.ForGroup(""events"").Index(""eventDate"").AsDate.NotInSet(values).EndCondition | catalog group: catalog[""events""].Where(""eventDate"").AsDate.NotInSet(values).EndCondition","store.Where.PropPath("".EventDate"").AsDate.NotInSet(values).EndCondition","5","Direct indexed condition syntax matches every predicate in the natural-language request."
"F220","Find events where event timestamp is at or after a checkpoint instant.","","","0","Score 0: no faithful C# condition syntax was generated for predicate segment 'after a checkpoint instant'."
"F221","Find sessions where expiration is before now.","ForGroup: LibraDexCondition.ForGroup(""sessions"").Index(""expiration"").AsDate.LessThan(now).EndCondition | catalog group: catalog[""sessions""].Where(""expiration"").AsDate.LessThan(now).EndCondition","store.Where.PropPath("".Expiration"").AsDate.LessThan(now).EndCondition","5","Direct indexed condition syntax matches every predicate in the natural-language request."
"F222","Find sessions where expiration is after now.","ForGroup: LibraDexCondition.ForGroup(""sessions"").Index(""expiration"").AsDate.GreaterThan(now).EndCondition | catalog group: catalog[""sessions""].Where(""expiration"").AsDate.GreaterThan(now).EndCondition","store.Where.PropPath("".Expiration"").AsDate.GreaterThan(now).EndCondition","5","Direct indexed condition syntax matches every predicate in the natural-language request."
"F223","Find sessions where last activity is within the last hour.","","","0","Score 0: no faithful C# condition syntax was generated for predicate segment 'last activity is within the last hour'."
"F224","Find sessions where last activity is before the retention cutoff.","ForGroup: LibraDexCondition.ForGroup(""sessions"").Index(""lastActivity"").AsDate.LessThan(cutoff).EndCondition | catalog group: catalog[""sessions""].Where(""lastActivity"").AsDate.LessThan(cutoff).EndCondition","store.Where.PropPath("".LastActivity"").AsDate.LessThan(cutoff).EndCondition","5","Direct indexed condition syntax matches every predicate in the natural-language request."
"F225","Find sessions where created date and expiration date are the same day.","","","0","Score 0: no faithful C# condition syntax was generated for predicate segment 'created date'."
"F226","Find audits where timestamp is between two UTC instants.","","","0","Score 0: no faithful C# condition syntax was generated for predicate segment 'timestamp is between two UTC instants'."
"F227","Find audits where timestamp is in a local business day.","","","0","Score 0: the request needs a cross-field comparison, derived/domain computation, dynamic planning rule, or caller-owned semantic policy ('business day') that cannot be faithfully represented as ordinary indexed C# condition syntax without an explicit projection or external data source."
"F228","Find audits where timestamp falls during business hours.","","","0","Score 0: the request needs a cross-field comparison, derived/domain computation, dynamic planning rule, or caller-owned semantic policy ('during business hours') that cannot be faithfully represented as ordinary indexed C# condition syntax without an explicit projection or external data source."
"F229","Find audits where timestamp falls outside business hours.","","","0","Score 0: the request needs a cross-field comparison, derived/domain computation, dynamic planning rule, or caller-owned semantic policy ('outside business hours') that cannot be faithfully represented as ordinary indexed C# condition syntax without an explicit projection or external data source."
"F230","Find audits where timestamp is in a known maintenance window.","ForGroup: LibraDexCondition.ForGroup(""audits"").Index(""timestamp"").AsDate.InSet(values).EndCondition | catalog group: catalog[""audits""].Where(""timestamp"").AsDate.InSet(values).EndCondition","store.Where.PropPath("".Timestamp"").AsDate.InSet(values).EndCondition","5","Direct indexed condition syntax matches every predicate in the natural-language request."
"F231","Find tenants where tenant id equals a specific GUID.","ForGroup: LibraDexCondition.ForGroup(""tenants"").Index(""tenantId"").AsGuid.EqualTo(guid).EndCondition | catalog group: catalog[""tenants""].Where(""tenantId"").AsGuid.EqualTo(guid).EndCondition","store.Where.PropPath("".TenantId"").AsGuid.EqualTo(guid).EndCondition","5","Direct indexed condition syntax matches every predicate in the natural-language request."
"F232","Find tenants where tenant id is not a specific GUID.","ForGroup: LibraDexCondition.ForGroup(""tenants"").Index(""tenantId"").AsGuid.NotEqualTo(guid).EndCondition | catalog group: catalog[""tenants""].Where(""tenantId"").AsGuid.NotEqualTo(guid).EndCondition","store.Where.PropPath("".TenantId"").AsGuid.NotEqualTo(guid).EndCondition","5","Direct indexed condition syntax matches every predicate in the natural-language request."
"F233","Find tenants where tenant id is one of a provided set of GUIDs.","ForGroup: LibraDexCondition.ForGroup(""tenants"").Index(""tenantId"").AsGuid.InSet(values).EndCondition | catalog group: catalog[""tenants""].Where(""tenantId"").AsGuid.InSet(values).EndCondition","store.Where.PropPath("".TenantId"").AsGuid.InSet(values).EndCondition","5","Direct indexed condition syntax matches every predicate in the natural-language request."
"F234","Find tenants where tenant id is not in a blocked GUID set.","ForGroup: LibraDexCondition.ForGroup(""tenants"").Index(""tenantId"").AsGuid.NotInSet(values).EndCondition | catalog group: catalog[""tenants""].Where(""tenantId"").AsGuid.NotInSet(values).EndCondition","store.Where.PropPath("".TenantId"").AsGuid.NotInSet(values).EndCondition","5","Direct indexed condition syntax matches every predicate in the natural-language request."
"F235","Find tenants where tenant id equals Guid.Empty.","ForGroup: LibraDexCondition.ForGroup(""tenants"").Index(""tenantId"").AsGuid.EqualTo(guid).EndCondition | catalog group: catalog[""tenants""].Where(""tenantId"").AsGuid.EqualTo(guid).EndCondition","store.Where.PropPath("".TenantId"").AsGuid.EqualTo(guid).EndCondition","5","Direct indexed condition syntax matches every predicate in the natural-language request."
"F236","Find tenants where tenant id is not Guid.Empty.","ForGroup: LibraDexCondition.ForGroup(""tenants"").Index(""tenantId"").AsGuid.NotEqualTo(Guid.Empty).EndCondition | catalog group: catalog[""tenants""].Where(""tenantId"").AsGuid.NotEqualTo(Guid.Empty).EndCondition","store.Where.PropPath("".TenantId"").AsGuid.NotEqualTo(Guid.Empty).EndCondition","5","Direct indexed condition syntax matches every predicate in the natural-language request."
"F237","Find tenants where tenant id starts with a known GUID prefix.","ForGroup: LibraDexCondition.ForGroup(""tenants"").Index(""tenantId"").AsGuid.StartsWith(guidPrefix).EndCondition | catalog group: catalog[""tenants""].Where(""tenantId"").AsGuid.StartsWith(guidPrefix).EndCondition","store.Where.PropPath("".TenantId"").AsGuid.StartsWith(guidPrefix).EndCondition","5","Direct indexed condition syntax matches every predicate in the natural-language request."
"F238","Find tenants where tenant id contains a known GUID segment.","ForGroup: LibraDexCondition.ForGroup(""tenants"").Index(""tenantId"").AsGuid.Contains(guidSegment).EndCondition | catalog group: catalog[""tenants""].Where(""tenantId"").AsGuid.Contains(guidSegment).EndCondition","store.Where.PropPath("".TenantId"").AsGuid.Contains(guidSegment).EndCondition","5","Direct indexed condition syntax matches every predicate in the natural-language request."
"F239","Find tenants where tenant id matches a wildcard GUID string.","ForGroup: LibraDexCondition.ForGroup(""tenants"").Index(""tenantId"").AsGuid.Matches(guidPattern).EndCondition | catalog group: catalog[""tenants""].Where(""tenantId"").AsGuid.Matches(guidPattern).EndCondition","store.Where.PropPath("".TenantId"").AsGuid.Matches(guidPattern).EndCondition","5","Direct indexed condition syntax matches every predicate in the natural-language request."
"F240","Find tenants where tenant id is between two GUID byte-order boundaries.","ForGroup: LibraDexCondition.ForGroup(""tenants"").Index(""tenantId"").AsGuid.Between(minGuid, maxGuid).EndCondition | catalog group: catalog[""tenants""].Where(""tenantId"").AsGuid.Between(minGuid, maxGuid).EndCondition","store.Where.PropPath("".TenantId"").AsGuid.Between(minGuid, maxGuid).EndCondition","5","Direct indexed condition syntax matches every predicate in the natural-language request."
"F241","Find users where user id equals a specific GUID.","ForGroup: LibraDexCondition.ForGroup(""users"").Index(""userId"").AsGuid.EqualTo(guid).EndCondition | catalog group: catalog[""users""].Where(""userId"").AsGuid.EqualTo(guid).EndCondition","store.Where.PropPath("".UserId"").AsGuid.EqualTo(guid).EndCondition","5","Direct indexed condition syntax matches every predicate in the natural-language request."
"F242","Find users where user id is in the caller's allowed user id list.","ForGroup: LibraDexCondition.ForGroup(""users"").Index(""userId"").AsGuid.InSet(values).EndCondition | catalog group: catalog[""users""].Where(""userId"").AsGuid.InSet(values).EndCondition","store.Where.PropPath("".UserId"").AsGuid.InSet(values).EndCondition","5","Direct indexed condition syntax matches every predicate in the natural-language request."
"F243","Find users where user id is not in the caller's excluded user id list.","ForGroup: LibraDexCondition.ForGroup(""users"").Index(""userId"").AsGuid.NotInSet(values).EndCondition | catalog group: catalog[""users""].Where(""userId"").AsGuid.NotInSet(values).EndCondition","store.Where.PropPath("".UserId"").AsGuid.NotInSet(values).EndCondition","5","Direct indexed condition syntax matches every predicate in the natural-language request."
"F244","Find users where user id has the same first GUID segment as a tenant id.","","","0","Score 0: no faithful C# condition syntax was generated for predicate segment 'user id has the same first GUID segment as a tenant id'."
"F245","Find users where user id text starts with ""00000000"".","ForGroup: LibraDexCondition.ForGroup(""users"").Index(""userIdText"").AsGuid.StartsWith(""00000000"").EndCondition | catalog group: catalog[""users""].Where(""userIdText"").AsGuid.StartsWith(""00000000"").EndCondition","store.Where.PropPath("".UserIdText"").AsGuid.StartsWith(""00000000"").EndCondition","5","Direct indexed condition syntax matches every predicate in the natural-language request."
"F246","Find documents where document id equals a specific GUID.","ForGroup: LibraDexCondition.ForGroup(""documents"").Index(""documentId"").AsGuid.EqualTo(guid).EndCondition | catalog group: catalog[""documents""].Where(""documentId"").AsGuid.EqualTo(guid).EndCondition","store.Where.PropPath("".DocumentId"").AsGuid.EqualTo(guid).EndCondition","5","Direct indexed condition syntax matches every predicate in the natural-language request."
"F247","Find documents where parent document id equals a specific GUID.","ForGroup: LibraDexCondition.ForGroup(""documents"").Index(""parentDocumentId"").AsGuid.EqualTo(guid).EndCondition | catalog group: catalog[""documents""].Where(""parentDocumentId"").AsGuid.EqualTo(guid).EndCondition","store.Where.PropPath("".ParentDocumentId"").AsGuid.EqualTo(guid).EndCondition","5","Direct indexed condition syntax matches every predicate in the natural-language request."
"F248","Find documents where parent document id is missing or Guid.Empty.","","","0","Score 0: no faithful C# condition syntax was generated for predicate segment 'Guid.Empty'."
"F249","Find documents where document id and parent document id are different.","","","0","Score 0: no faithful C# condition syntax was generated for predicate segment 'document id'."
"F250","Find documents where document id is after a stored high-water GUID.","ForGroup: LibraDexCondition.ForGroup(""documents"").Index(""documentId"").AsGuid.GreaterThan(guid).EndCondition | catalog group: catalog[""documents""].Where(""documentId"").AsGuid.GreaterThan(guid).EndCondition","store.Where.PropPath("".DocumentId"").AsGuid.GreaterThan(guid).EndCondition","5","Direct indexed condition syntax matches every predicate in the natural-language request."
"F251","Find blobs where the binary hash equals a provided byte array.","ForGroup: LibraDexCondition.ForGroup(""blobs"").Index(""hash"").AsBinary.EqualTo(bytes).EndCondition | catalog group: catalog[""blobs""].Where(""hash"").AsBinary.EqualTo(bytes).EndCondition","store.Where.PropPath("".Hash"").AsBinary.EqualTo(bytes).EndCondition","5","Direct indexed condition syntax matches every predicate in the natural-language request."
"F252","Find blobs where the binary hash starts with a known byte prefix.","ForGroup: LibraDexCondition.ForGroup(""blobs"").Index(""hash"").AsBinary.StartsWith(prefixBytes).EndCondition | catalog group: catalog[""blobs""].Where(""hash"").AsBinary.StartsWith(prefixBytes).EndCondition","store.Where.PropPath("".Hash"").AsBinary.StartsWith(prefixBytes).EndCondition","5","Direct indexed condition syntax matches every predicate in the natural-language request."
"F253","Find blobs where the binary hash ends with a known byte suffix.","ForGroup: LibraDexCondition.ForGroup(""blobs"").Index(""hash"").AsBinary.EndsWith(suffixBytes).EndCondition | catalog group: catalog[""blobs""].Where(""hash"").AsBinary.EndsWith(suffixBytes).EndCondition","store.Where.PropPath("".Hash"").AsBinary.EndsWith(suffixBytes).EndCondition","5","Direct indexed condition syntax matches every predicate in the natural-language request."
"F254","Find blobs where the binary hash contains the byte sequence 00 FF.","ForGroup: LibraDexCondition.ForGroup(""blobs"").Index(""hash"").AsBinary.Contains(new byte[] { 0x00, 0xFF }).EndCondition | catalog group: catalog[""blobs""].Where(""hash"").AsBinary.Contains(new byte[] { 0x00, 0xFF }).EndCondition","store.Where.PropPath("".Hash"").AsBinary.Contains(new byte[] { 0x00, 0xFF }).EndCondition","5","Direct indexed condition syntax matches every predicate in the natural-language request."
"F255","Find blobs where the binary hash is one of several known hashes.","ForGroup: LibraDexCondition.ForGroup(""blobs"").Index(""hash"").AsBinary.InSet(values).EndCondition | catalog group: catalog[""blobs""].Where(""hash"").AsBinary.InSet(values).EndCondition","store.Where.PropPath("".Hash"").AsBinary.InSet(values).EndCondition","5","Direct indexed condition syntax matches every predicate in the natural-language request."
"F256","Find blobs where the binary hash is not in a denylist.","ForGroup: LibraDexCondition.ForGroup(""blobs"").Index(""hash"").AsBinary.NotInSet(values).EndCondition | catalog group: catalog[""blobs""].Where(""hash"").AsBinary.NotInSet(values).EndCondition","store.Where.PropPath("".Hash"").AsBinary.NotInSet(values).EndCondition","5","Direct indexed condition syntax matches every predicate in the natural-language request."
"F257","Find blobs where the first four bytes interpreted as an Int32 equal 42.","ForGroup: LibraDexCondition.ForGroup(""blobs"").Index(""payload"").AsBinary.SlicedAsInt32(0).EqualTo(42).EndCondition | catalog group: catalog[""blobs""].Where(""payload"").AsBinary.SlicedAsInt32(0).EqualTo(42).EndCondition","store.Where.PropPath("".Payload"").AsBinary.SlicedAsInt32(0).EqualTo(42).EndCondition","5","Typed binary slice syntax matches the first four bytes interpreted as Int32."
"F258","Find blobs where bytes 8 through 15 interpreted as an Int64 are greater than zero.","ForGroup: LibraDexCondition.ForGroup(""blobs"").Index(""payload"").AsBinary.SlicedAsInt64(8).GreaterThan(0L).EndCondition | catalog group: catalog[""blobs""].Where(""payload"").AsBinary.SlicedAsInt64(8).GreaterThan(0L).EndCondition","store.Where.PropPath("".Payload"").AsBinary.SlicedAsInt64(8).GreaterThan(0L).EndCondition","5","Typed binary slice syntax matches bytes 8 through 15 interpreted as Int64."
"F259","Find blobs where a UTF-8 string slice inside the payload equals ""OK"".","ForGroup: LibraDexCondition.ForGroup(""blobs"").Index(""payload"").AsBinary.SlicedAsUtf8String(offset, length).EqualTo(""OK"").EndCondition | catalog group: catalog[""blobs""].Where(""payload"").AsBinary.SlicedAsUtf8String(offset, length).EqualTo(""OK"").EndCondition","store.Where.PropPath("".Payload"").AsBinary.SlicedAsUtf8String(offset, length).EqualTo(""OK"").EndCondition","5","Typed UTF-8 binary slice syntax matches the encoded string segment."
"F260","Find blobs where a UTF-16 string slice inside the payload starts with ""MSG"".","ForGroup: LibraDexCondition.ForGroup(""blobs"").Index(""payload"").AsBinary.SlicedAsUtf16String(offset, length).StartsWith(""MSG"").EndCondition | catalog group: catalog[""blobs""].Where(""payload"").AsBinary.SlicedAsUtf16String(offset, length).StartsWith(""MSG"").EndCondition","store.Where.PropPath("".Payload"").AsBinary.SlicedAsUtf16String(offset, length).StartsWith(""MSG"").EndCondition","5","Typed UTF-16 binary slice syntax matches the encoded string prefix."
"F261","Find blobs where a decimal value stored in a binary slice is greater than 100.","ForGroup: LibraDexCondition.ForGroup(""blobs"").Index(""payload"").AsBinary.SlicedAsDecimal(offset).GreaterThan(100m).EndCondition | catalog group: catalog[""blobs""].Where(""payload"").AsBinary.SlicedAsDecimal(offset).GreaterThan(100m).EndCondition","store.Where.PropPath("".Payload"").AsBinary.SlicedAsDecimal(offset).GreaterThan(100m).EndCondition","5","Typed decimal binary slice syntax matches the requested numeric comparison."
"F262","Find blobs where a Guid stored in a binary slice equals a specific value.","ForGroup: LibraDexCondition.ForGroup(""blobs"").Index(""payload"").AsBinary.SlicedAsGuid(offset).EqualTo(guid).EndCondition | catalog group: catalog[""blobs""].Where(""payload"").AsBinary.SlicedAsGuid(offset).EqualTo(guid).EndCondition","store.Where.PropPath("".Payload"").AsBinary.SlicedAsGuid(offset).EqualTo(guid).EndCondition","5","Typed Guid binary slice syntax matches the requested Guid equality."
"F263","Find blobs where a DateTime ticks slice is older than a cutoff.","ForGroup: LibraDexCondition.ForGroup(""blobs"").Index(""payload"").AsBinary.SlicedAsDateTime(offset).LessThan(cutoff).EndCondition | catalog group: catalog[""blobs""].Where(""payload"").AsBinary.SlicedAsDateTime(offset).LessThan(cutoff).EndCondition","store.Where.PropPath("".Payload"").AsBinary.SlicedAsDateTime(offset).LessThan(cutoff).EndCondition","5","Typed DateTime binary slice syntax matches the cutoff comparison."
"F264","Find blobs where a TimeSpan ticks slice is longer than five minutes.","ForGroup: LibraDexCondition.ForGroup(""blobs"").Index(""payload"").AsBinary.SlicedAsTimeSpan(offset).GreaterThan(TimeSpan.FromMinutes(5)).EndCondition | catalog group: catalog[""blobs""].Where(""payload"").AsBinary.SlicedAsTimeSpan(offset).GreaterThan(TimeSpan.FromMinutes(5)).EndCondition","store.Where.PropPath("".Payload"").AsBinary.SlicedAsTimeSpan(offset).GreaterThan(TimeSpan.FromMinutes(5)).EndCondition","5","Typed TimeSpan binary slice syntax matches the duration comparison."
"F265","Find blobs where a BigInteger slice is negative.","ForGroup: LibraDexCondition.ForGroup(""blobs"").Index(""payload"").AsBinary.SlicedAsBigInteger(offset, byteLength).LessThan(BigInteger.Zero).EndCondition | catalog group: catalog[""blobs""].Where(""payload"").AsBinary.SlicedAsBigInteger(offset, byteLength).LessThan(BigInteger.Zero).EndCondition","store.Where.PropPath("".Payload"").AsBinary.SlicedAsBigInteger(offset, byteLength).LessThan(BigInteger.Zero).EndCondition","5","Typed BigInteger binary slice syntax matches the negative-value comparison."
"F266","Find blobs where the payload begins with a magic number.","ForGroup: LibraDexCondition.ForGroup(""blobs"").Index(""payload"").AsBinary.StartsWith(magicBytes).EndCondition | catalog group: catalog[""blobs""].Where(""payload"").AsBinary.StartsWith(magicBytes).EndCondition","store.Where.PropPath("".Payload"").AsBinary.StartsWith(magicBytes).EndCondition","5","Direct indexed condition syntax matches every predicate in the natural-language request."
"F267","Find blobs where the payload does not begin with the expected magic number.","ForGroup: LibraDexCondition.ForGroup(""blobs"").Not.Index(""payload"").AsBinary.StartsWith(expectedMagicBytes).EndCondition | catalog group: catalog[""blobs""].Not.Index(""payload"").AsBinary.StartsWith(expectedMagicBytes).EndCondition","store.Where.Not.PropPath("".Payload"").AsBinary.StartsWith(expectedMagicBytes).EndCondition","5","Direct indexed condition syntax matches every predicate in the natural-language request."
"F268","Find blobs where the payload contains a null byte.","ForGroup: LibraDexCondition.ForGroup(""blobs"").Index(""payload"").AsBinary.Contains(new byte[] { 0x00 }).EndCondition | catalog group: catalog[""blobs""].Where(""payload"").AsBinary.Contains(new byte[] { 0x00 }).EndCondition","store.Where.PropPath("".Payload"").AsBinary.Contains(new byte[] { 0x00 }).EndCondition","5","Direct indexed condition syntax matches every predicate in the natural-language request."
"F269","Find blobs where the payload contains a protocol marker.","ForGroup: LibraDexCondition.ForGroup(""blobs"").Index(""payload"").AsBinary.Contains(protocolMarker).EndCondition | catalog group: catalog[""blobs""].Where(""payload"").AsBinary.Contains(protocolMarker).EndCondition","store.Where.PropPath("".Payload"").AsBinary.Contains(protocolMarker).EndCondition","5","Direct indexed condition syntax matches every predicate in the natural-language request."
"F270","Find blobs where the payload suffix matches a checksum trailer.","","","0","Score 0: no faithful C# condition syntax was generated for predicate segment 'the payload suffix matches a checksum trailer'."
"F271","Find files where the content hash equals the stored checksum.","","","0","Score 0: the request needs a cross-field comparison, derived/domain computation, dynamic planning rule, or caller-owned semantic policy ('equals the stored checksum') that cannot be faithfully represented as ordinary indexed C# condition syntax without an explicit projection or external data source."
"F272","Find files where the content hash differs from the stored checksum.","","","0","Score 0: the request needs a cross-field comparison, derived/domain computation, dynamic planning rule, or caller-owned semantic policy ('differs from') that cannot be faithfully represented as ordinary indexed C# condition syntax without an explicit projection or external data source."
"F273","Find files where the signature bytes are missing.","ForGroup: LibraDexCondition.ForGroup(""files"").Index(""signature"").AsBinary.EqualTo(NullKey.Null).EndCondition | catalog group: catalog[""files""].Where(""signature"").AsBinary.EqualTo(NullKey.Null).EndCondition","store.Where.PropPath("".Signature"").AsBinary.EqualTo(null).EndCondition","5","Direct indexed condition syntax matches every predicate in the natural-language request."
"F274","Find files where the first byte is one of the supported version markers.","ForGroup: LibraDexCondition.ForGroup(""files"").Index(""firstByte"").AsInt64.InSet(values).EndCondition | catalog group: catalog[""files""].Where(""firstByte"").AsInt64.InSet(values).EndCondition","store.Where.PropPath("".FirstByte"").AsInt64.InSet(values).EndCondition","5","Direct indexed condition syntax matches every predicate in the natural-language request."
"F275","Find files where a two-byte type code is between two values.","","","0","Score 0: no faithful C# condition syntax was generated for predicate segment 'a two-byte type code is between two values'."
"F276","Find files where a four-byte length prefix is greater than the payload length.","ForGroup: LibraDexCondition.ForGroup(""files"").Index(""fourByteLengthPrefix"").AsInt64.GreaterThan(payloadLength).EndCondition | catalog group: catalog[""files""].Where(""fourByteLengthPrefix"").AsInt64.GreaterThan(payloadLength).EndCondition","store.Where.PropPath("".FourByteLengthPrefix"").AsInt64.GreaterThan(payloadLength).EndCondition","5","Direct indexed condition syntax matches every predicate in the natural-language request."
"F277","Find files where a binary header field has a specific bit set.","","","0","Score 0: no faithful C# condition syntax was generated for predicate segment 'a binary header field has a specific bit set'."
"F278","Find files where a binary header field has none of the reserved bits set.","","","0","Score 0: no faithful C# condition syntax was generated for predicate segment 'a binary header field has none of the reserved bits set'."
"F279","Find files where a binary header field contains all required flags.","","","0","Score 0: no faithful C# condition syntax was generated for predicate segment 'a binary header field contains all required flags'."
"F280","Find files where a binary footer equals the expected trailer.","","","0","Score 0: no faithful C# condition syntax was generated for predicate segment 'a binary footer equals the expected trailer'."
"F281","Find people where first name starts with ""Jo"" and last name equals ""Smith"".","ForGroup: LibraDexCondition.ForGroup(""people"").Index(""firstName"").AsString.StartsWith(""Jo"").AND.Index(""lastName"").AsString.EqualTo(""Smith"").EndCondition | catalog group: catalog[""people""].Where(""firstName"").AsString.StartsWith(""Jo"").AndAlso(""lastName"").AsString.EqualTo(""Smith"").EndCondition","store.Where.PropPath("".FirstName"").AsString.StartsWith(""Jo"").AND.PropPath("".LastName"").AsString.EqualTo(""Smith"").EndCondition","5","Direct indexed condition syntax matches every predicate in the natural-language request."
"F282","Find people where first name equals ""John"" and last name equals ""Smith"".","ForGroup: LibraDexCondition.ForGroup(""people"").Index(""firstName"").AsString.EqualTo(""John"").AND.Index(""lastName"").AsString.EqualTo(""Smith"").EndCondition | catalog group: catalog[""people""].Where(""firstName"").AsString.EqualTo(""John"").AndAlso(""lastName"").AsString.EqualTo(""Smith"").EndCondition","store.Where.PropPath("".FirstName"").AsString.EqualTo(""John"").AND.PropPath("".LastName"").AsString.EqualTo(""Smith"").EndCondition","5","Direct indexed condition syntax matches every predicate in the natural-language request."
"F283","Find people where first name equals ""John"" or first name equals ""Jon"".","ForGroup: LibraDexCondition.ForGroup(""people"").Index(""firstName"").AsString.EqualTo(""John"").OR.Index(""firstName"").AsString.EqualTo(""Jon"").EndCondition | catalog group: catalog[""people""].Where(""firstName"").AsString.EqualTo(""John"").OrElse(""firstName"").AsString.EqualTo(""Jon"").EndCondition","store.Where.PropPath("".FirstName"").AsString.EqualTo(""John"").OR.PropPath("".FirstName"").AsString.EqualTo(""Jon"").EndCondition","5","Direct indexed condition syntax matches every predicate in the natural-language request."
"F284","Find people where first name starts with ""Jo"" and last name starts with ""Sm"".","ForGroup: LibraDexCondition.ForGroup(""people"").Index(""firstName"").AsString.StartsWith(""Jo"").AND.Index(""lastName"").AsString.StartsWith(""Sm"").EndCondition | catalog group: catalog[""people""].Where(""firstName"").AsString.StartsWith(""Jo"").AndAlso(""lastName"").AsString.StartsWith(""Sm"").EndCondition","store.Where.PropPath("".FirstName"").AsString.StartsWith(""Jo"").AND.PropPath("".LastName"").AsString.StartsWith(""Sm"").EndCondition","5","Direct indexed condition syntax matches every predicate in the natural-language request."
"F285","Find people where last name equals ""Smith"" and age is at least 18.","ForGroup: LibraDexCondition.ForGroup(""people"").Index(""lastName"").AsString.EqualTo(""Smith"").AND.Index(""age"").AsInt64.GreaterOrEqual(18L).EndCondition | catalog group: catalog[""people""].Where(""lastName"").AsString.EqualTo(""Smith"").AndAlso(""age"").AsInt64.GreaterOrEqual(18L).EndCondition","store.Where.PropPath("".LastName"").AsString.EqualTo(""Smith"").AND.PropPath("".Age"").AsInt64.GreaterOrEqual(18L).EndCondition","5","Direct indexed condition syntax matches every predicate in the natural-language request."
"F286","Find people where last name equals ""Smith"" and age is between 18 and 64.","ForGroup: LibraDexCondition.ForGroup(""people"").Index(""lastName"").AsString.EqualTo(""Smith"").AND.Index(""age"").AsInt64.Between(18L, 64L).EndCondition | catalog group: catalog[""people""].Where(""lastName"").AsString.EqualTo(""Smith"").AndAlso(""age"").AsInt64.Between(18L, 64L).EndCondition","store.Where.PropPath("".LastName"").AsString.EqualTo(""Smith"").AND.PropPath("".Age"").AsInt64.Between(18L, 64L).EndCondition","5","Direct indexed condition syntax matches every predicate in the natural-language request."
"F287","Find people where first name starts with ""A"" and age is under 18.","ForGroup: LibraDexCondition.ForGroup(""people"").Index(""firstName"").AsString.StartsWith(""A"").AND.Index(""age"").AsInt64.LessThan(18L).EndCondition | catalog group: catalog[""people""].Where(""firstName"").AsString.StartsWith(""A"").AndAlso(""age"").AsInt64.LessThan(18L).EndCondition","store.Where.PropPath("".FirstName"").AsString.StartsWith(""A"").AND.PropPath("".Age"").AsInt64.LessThan(18L).EndCondition","5","Direct indexed condition syntax matches every predicate in the natural-language request."
"F288","Find people where last name is ""Smith"" or ""Jones"" and age is over 65.","ForGroup: LibraDexCondition.ForGroup(""people"").Index(""lastName"").AsString.InSet(new[] { ""Smith"", ""Jones"" }).AND.Index(""age"").AsInt64.GreaterThan(65L).EndCondition | catalog group: catalog[""people""].Where(""lastName"").AsString.InSet(new[] { ""Smith"", ""Jones"" }).AndAlso(""age"").AsInt64.GreaterThan(65L).EndCondition","store.Where.PropPath("".LastName"").AsString.InSet(new[] { ""Smith"", ""Jones"" }).AND.PropPath("".Age"").AsInt64.GreaterThan(65L).EndCondition","5","The local OR over last-name values is represented as same-index membership plus age comparison."
"F289","Find people where last name is not ""Smith"" and city equals ""Phoenix"".","ForGroup: LibraDexCondition.ForGroup(""people"").Index(""lastName"").AsString.NotEqualTo(""Smith"").AND.Index(""city"").AsString.EqualTo(""Phoenix"").EndCondition | catalog group: catalog[""people""].Where(""lastName"").AsString.NotEqualTo(""Smith"").AndAlso(""city"").AsString.EqualTo(""Phoenix"").EndCondition","store.Where.PropPath("".LastName"").AsString.NotEqualTo(""Smith"").AND.PropPath("".City"").AsString.EqualTo(""Phoenix"").EndCondition","5","Direct indexed condition syntax matches every predicate in the natural-language request."
"F290","Find people where first name contains ""ann"" and status is Active.","ForGroup: LibraDexCondition.ForGroup(""people"").Index(""firstName"").AsString.Contains(""ann"").AND.Index(""status"").AsBoolean.EqualTo(active).EndCondition | catalog group: catalog[""people""].Where(""firstName"").AsString.Contains(""ann"").AndAlso(""status"").AsBoolean.EqualTo(active).EndCondition","store.Where.PropPath("".FirstName"").AsString.Contains(""ann"").AND.PropPath("".Status"").AsBoolean.EqualTo(active).EndCondition","5","Direct indexed condition syntax matches every predicate in the natural-language request."
"F291","Find users where email domain is ""example.com"" and status is Active.","ForGroup: LibraDexCondition.ForGroup(""users"").Index(""emailDomain"").AsString.EqualTo(""example.com"").AND.Index(""status"").AsBoolean.EqualTo(active).EndCondition | catalog group: catalog[""users""].Where(""emailDomain"").AsString.EqualTo(""example.com"").AndAlso(""status"").AsBoolean.EqualTo(active).EndCondition","store.Where.PropPath("".EmailDomain"").AsString.EqualTo(""example.com"").AND.PropPath("".Status"").AsBoolean.EqualTo(active).EndCondition","5","Direct indexed condition syntax matches every predicate in the natural-language request."
"F292","Find users where username starts with ""svc_"" and enabled is true.","ForGroup: LibraDexCondition.ForGroup(""users"").Index(""username"").AsString.StartsWith(""svc_"").AND.Index(""enabled"").AsBoolean.EqualTo(true).EndCondition | catalog group: catalog[""users""].Where(""username"").AsString.StartsWith(""svc_"").AndAlso(""enabled"").AsBoolean.EqualTo(true).EndCondition","store.Where.PropPath("".Username"").AsString.StartsWith(""svc_"").AND.PropPath("".Enabled"").AsBoolean.EqualTo(true).EndCondition","5","Direct indexed condition syntax matches every predicate in the natural-language request."
"F293","Find users where enabled is true and locked is false.","ForGroup: LibraDexCondition.ForGroup(""users"").Index(""enabled"").AsBoolean.EqualTo(true).AND.Index(""locked"").AsBoolean.EqualTo(false).EndCondition | catalog group: catalog[""users""].Where(""enabled"").AsBoolean.EqualTo(true).AndAlso(""locked"").AsBoolean.EqualTo(false).EndCondition","store.Where.PropPath("".Enabled"").AsBoolean.EqualTo(true).AND.PropPath("".Locked"").AsBoolean.EqualTo(false).EndCondition","5","Direct indexed condition syntax matches every predicate in the natural-language request."
"F294","Find users where admin flag is set and disabled flag is not set.","ForGroup: LibraDexCondition.ForGroup(""users"").Index(""adminFlag"").AsBoolean.EqualTo(set).AND.Index(""disabledFlag"").AsBoolean.NotEqualTo(set).EndCondition | catalog group: catalog[""users""].Where(""adminFlag"").AsBoolean.EqualTo(set).AndAlso(""disabledFlag"").AsBoolean.NotEqualTo(set).EndCondition","store.Where.PropPath("".AdminFlag"").AsBoolean.EqualTo(set).AND.PropPath("".DisabledFlag"").AsBoolean.NotEqualTo(set).EndCondition","5","Direct indexed condition syntax matches every predicate in the natural-language request."
"F295","Find users where last login is older than 90 days and enabled is true.","ForGroup: LibraDexCondition.ForGroup(""users"").Index(""lastLogin"").AsDate.LessThan(90Days).AND.Index(""enabled"").AsBoolean.EqualTo(true).EndCondition | catalog group: catalog[""users""].Where(""lastLogin"").AsDate.LessThan(90Days).AndAlso(""enabled"").AsBoolean.EqualTo(true).EndCondition","store.Where.PropPath("".LastLogin"").AsDate.LessThan(90Days).AND.PropPath("".Enabled"").AsBoolean.EqualTo(true).EndCondition","5","Direct indexed condition syntax matches every predicate in the natural-language request."
"F296","Find users where failed login count is at least 5 and last failed login is within the last hour.","","","0","Score 0: no faithful C# condition syntax was generated for predicate segment 'last failed login is within the last hour'."
"F297","Find users where password changed date is older than 180 days and account type is not Service.","ForGroup: LibraDexCondition.ForGroup(""users"").Index(""passwordChangedDate"").AsDate.LessThan(180Days).AND.Index(""accountType"").AsString.NotEqualTo(""Service"").EndCondition | catalog group: catalog[""users""].Where(""passwordChangedDate"").AsDate.LessThan(180Days).AndAlso(""accountType"").AsString.NotEqualTo(""Service"").EndCondition","store.Where.PropPath("".PasswordChangedDate"").AsDate.LessThan(180Days).AND.PropPath("".AccountType"").AsString.NotEqualTo(""Service"").EndCondition","5","Direct indexed condition syntax matches every predicate in the natural-language request."
"F298","Find users where MFA is disabled and role is Administrator.","ForGroup: LibraDexCondition.ForGroup(""users"").Index(""mfa"").AsString.EqualTo(""disabled"").AND.Index(""role"").AsString.EqualTo(""Administrator"").EndCondition | catalog group: catalog[""users""].Where(""mfa"").AsString.EqualTo(""disabled"").AndAlso(""role"").AsString.EqualTo(""Administrator"").EndCondition","store.Where.PropPath("".Mfa"").AsString.EqualTo(""disabled"").AND.PropPath("".Role"").AsString.EqualTo(""Administrator"").EndCondition","5","Direct indexed condition syntax matches every predicate in the natural-language request."
"F299","Find users where country is ""US"" and state is one of ""AZ"", ""CA"", or ""NV"".","ForGroup: LibraDexCondition.ForGroup(""users"").Index(""country"").AsString.EqualTo(""US"").AND.Index(""state"").AsString.InSet(new[] { ""AZ"", ""CA"", ""NV"" }).EndCondition | catalog group: catalog[""users""].Where(""country"").AsString.EqualTo(""US"").AndAlso(""state"").AsString.InSet(new[] { ""AZ"", ""CA"", ""NV"" }).EndCondition","store.Where.PropPath("".Country"").AsString.EqualTo(""US"").AND.PropPath("".State"").AsString.InSet(new[] { ""AZ"", ""CA"", ""NV"" }).EndCondition","5","Direct indexed condition syntax matches every predicate in the natural-language request."
"F300","Find users where country is not ""US"" and email is verified.","ForGroup: LibraDexCondition.ForGroup(""users"").Index(""country"").AsString.NotEqualTo(""US"").AND.Index(""email"").AsBoolean.EqualTo(verified).EndCondition | catalog group: catalog[""users""].Where(""country"").AsString.NotEqualTo(""US"").AndAlso(""email"").AsBoolean.EqualTo(verified).EndCondition","store.Where.PropPath("".Country"").AsString.NotEqualTo(""US"").AND.PropPath("".Email"").AsBoolean.EqualTo(verified).EndCondition","5","Direct indexed condition syntax matches every predicate in the natural-language request."
"F301","Find orders where tenant id equals a GUID and order number starts with ""ORD-"".","","","0","Score 0: no faithful C# condition syntax was generated for predicate segment 'tenant id equals a GUID'."
"F302","Find orders where customer id equals a GUID and order date is this month.","","","0","Score 0: no faithful C# condition syntax was generated for predicate segment 'customer id equals a GUID'."
"F303","Find orders where status is Open and total cents is greater than 10000.","ForGroup: LibraDexCondition.ForGroup(""orders"").Index(""status"").AsString.EqualTo(""Open"").AND.Index(""totalCents"").AsInt64.GreaterThan(10000L).EndCondition | catalog group: catalog[""orders""].Where(""status"").AsString.EqualTo(""Open"").AndAlso(""totalCents"").AsInt64.GreaterThan(10000L).EndCondition","store.Where.PropPath("".Status"").AsString.EqualTo(""Open"").AND.PropPath("".TotalCents"").AsInt64.GreaterThan(10000L).EndCondition","5","Direct indexed condition syntax matches every predicate in the natural-language request."
"F304","Find orders where status is Cancelled and refund cents is zero.","ForGroup: LibraDexCondition.ForGroup(""orders"").Index(""status"").AsString.EqualTo(""Cancelled"").AND.Index(""refundCents"").AsInt64.EqualTo(zero).EndCondition | catalog group: catalog[""orders""].Where(""status"").AsString.EqualTo(""Cancelled"").AndAlso(""refundCents"").AsInt64.EqualTo(zero).EndCondition","store.Where.PropPath("".Status"").AsString.EqualTo(""Cancelled"").AND.PropPath("".RefundCents"").AsInt64.EqualTo(zero).EndCondition","5","Direct indexed condition syntax matches every predicate in the natural-language request."
"F305","Find orders where status is Shipped and shipped date is missing.","ForGroup: LibraDexCondition.ForGroup(""orders"").Index(""status"").AsDate.EqualTo(shipped).AND.Index(""shippedDate"").AsDate.EqualTo(ScalarNull.Null).EndCondition | catalog group: catalog[""orders""].Where(""status"").AsDate.EqualTo(shipped).AndAlso(""shippedDate"").AsDate.EqualTo(ScalarNull.Null).EndCondition","store.Where.PropPath("".Status"").AsDate.EqualTo(shipped).AND.PropPath("".ShippedDate"").AsDate.EqualTo(null).EndCondition","5","Direct indexed condition syntax matches every predicate in the natural-language request."
"F306","Find orders where placed date is before shipped date and shipped date is before delivered date.","","","0","Score 0: the request needs a cross-field comparison, derived/domain computation, dynamic planning rule, or caller-owned semantic policy ('before .+ and .+ before') that cannot be faithfully represented as ordinary indexed C# condition syntax without an explicit projection or external data source."
"F307","Find orders where total cents is greater than 5000 and discount percent is greater than 0.","ForGroup: LibraDexCondition.ForGroup(""orders"").Index(""totalCents"").AsInt64.GreaterThan(5000L).AND.Index(""discountPercent"").AsInt64.GreaterThan(0L).EndCondition | catalog group: catalog[""orders""].Where(""totalCents"").AsInt64.GreaterThan(5000L).AndAlso(""discountPercent"").AsInt64.GreaterThan(0L).EndCondition","store.Where.PropPath("".TotalCents"").AsInt64.GreaterThan(5000L).AND.PropPath("".DiscountPercent"").AsInt64.GreaterThan(0L).EndCondition","5","Direct indexed condition syntax matches every predicate in the natural-language request."
"F308","Find orders where total cents is between 1000 and 5000 or customer tier is VIP.","ForGroup: LibraDexCondition.ForGroup(""orders"").Index(""totalCents"").AsInt64.Between(1000L, 5000L).OR.Index(""customerTier"").AsString.EqualTo(""VIP"").EndCondition | catalog group: catalog[""orders""].Where(""totalCents"").AsInt64.Between(1000L, 5000L).OrElse(""customerTier"").AsString.EqualTo(""VIP"").EndCondition","store.Where.PropPath("".TotalCents"").AsInt64.Between(1000L, 5000L).OR.PropPath("".CustomerTier"").AsString.EqualTo(""VIP"").EndCondition","5","Direct indexed condition syntax matches every predicate in the natural-language request."
"F309","Find orders where order number contains ""RMA"" and status is not Closed.","ForGroup: LibraDexCondition.ForGroup(""orders"").Index(""order"").AsString.Contains(""RMA"").AND.Index(""status"").AsDate.NotEqualTo(closed).EndCondition | catalog group: catalog[""orders""].Where(""order"").AsString.Contains(""RMA"").AndAlso(""status"").AsDate.NotEqualTo(closed).EndCondition","store.Where.PropPath("".Order"").AsString.Contains(""RMA"").AND.PropPath("".Status"").AsDate.NotEqualTo(closed).EndCondition","5","Direct indexed condition syntax matches every predicate in the natural-language request."
"F310","Find orders where billing postal code starts with ""85"" and country equals ""US"".","ForGroup: LibraDexCondition.ForGroup(""orders"").Index(""billingPostalCode"").AsString.StartsWith(""85"").AND.Index(""country"").AsString.EqualTo(""US"").EndCondition | catalog group: catalog[""orders""].Where(""billingPostalCode"").AsString.StartsWith(""85"").AndAlso(""country"").AsString.EqualTo(""US"").EndCondition","store.Where.PropPath("".BillingPostalCode"").AsString.StartsWith(""85"").AND.PropPath("".Country"").AsString.EqualTo(""US"").EndCondition","5","Direct indexed condition syntax matches every predicate in the natural-language request."
"F311","Find invoices where balance due is greater than zero and due date is overdue.","ForGroup: LibraDexCondition.ForGroup(""invoices"").Index(""balanceDue"").AsDate.GreaterThan(zero).AND.Index(""dueDate"").AsDate.EqualTo(overdue).EndCondition | catalog group: catalog[""invoices""].Where(""balanceDue"").AsDate.GreaterThan(zero).AndAlso(""dueDate"").AsDate.EqualTo(overdue).EndCondition","store.Where.PropPath("".BalanceDue"").AsDate.GreaterThan(zero).AND.PropPath("".DueDate"").AsDate.EqualTo(overdue).EndCondition","5","Direct indexed condition syntax matches every predicate in the natural-language request."
"F312","Find invoices where balance due is zero and paid date is present.","ForGroup: LibraDexCondition.ForGroup(""invoices"").Index(""balanceDueCents"").AsInt64.EqualTo(0L).AND.Index(""paidAt"").AsDate.EqualTo(ScalarNull.NonNull).EndCondition | catalog group: catalog[""invoices""].Where(""balanceDueCents"").AsInt64.EqualTo(0L).AndAlso(""paidAt"").AsDate.EqualTo(ScalarNull.NonNull).EndCondition","store.Where.PropPath("".BalanceDueCents"").AsInt64.EqualTo(0L).AND.PropPath("".PaidAt"").AsDate.EqualTo(notNull).EndCondition","5","Direct indexed condition syntax matches every predicate in the natural-language request."
"F313","Find invoices where due date is in the next 7 days and status is Open.","ForGroup: LibraDexCondition.ForGroup(""invoices"").Index(""dueDate"").AsDate.InSet(values).AND.Index(""status"").AsString.EqualTo(""Open"").EndCondition | catalog group: catalog[""invoices""].Where(""dueDate"").AsDate.InSet(values).AndAlso(""status"").AsString.EqualTo(""Open"").EndCondition","store.Where.PropPath("".DueDate"").AsDate.InSet(values).AND.PropPath("".Status"").AsString.EqualTo(""Open"").EndCondition","5","Direct indexed condition syntax matches every predicate in the natural-language request."
"F314","Find invoices where customer id is in a provided customer set and invoice date is last month.","","","0","Score 0: no faithful C# condition syntax was generated for predicate segment 'invoice date is last month'."
"F315","Find invoices where tax code equals ""AZ"" and total cents exceeds a threshold.","ForGroup: LibraDexCondition.ForGroup(""invoices"").Index(""taxCode"").AsInt64.EqualTo(""AZ"").AND.Index(""totalCents"").AsInt64.GreaterThan(threshold).EndCondition | catalog group: catalog[""invoices""].Where(""taxCode"").AsInt64.EqualTo(""AZ"").AndAlso(""totalCents"").AsInt64.GreaterThan(threshold).EndCondition","store.Where.PropPath("".TaxCode"").AsInt64.EqualTo(""AZ"").AND.PropPath("".TotalCents"").AsInt64.GreaterThan(threshold).EndCondition","5","Direct indexed condition syntax matches every predicate in the natural-language request."
"F316","Find tickets where status is Open and priority is High.","ForGroup: LibraDexCondition.ForGroup(""tickets"").Index(""status"").AsString.EqualTo(""Open"").AND.Index(""priority"").AsInt64.EqualTo(high).EndCondition | catalog group: catalog[""tickets""].Where(""status"").AsString.EqualTo(""Open"").AndAlso(""priority"").AsInt64.EqualTo(high).EndCondition","store.Where.PropPath("".Status"").AsString.EqualTo(""Open"").AND.PropPath("".Priority"").AsInt64.EqualTo(high).EndCondition","5","Direct indexed condition syntax matches every predicate in the natural-language request."
"F317","Find tickets where status is Open and subject contains ""outage"".","ForGroup: LibraDexCondition.ForGroup(""tickets"").Index(""status"").AsString.EqualTo(""Open"").AND.Index(""subject"").AsString.Contains(""outage"").EndCondition | catalog group: catalog[""tickets""].Where(""status"").AsString.EqualTo(""Open"").AndAlso(""subject"").AsString.Contains(""outage"").EndCondition","store.Where.PropPath("".Status"").AsString.EqualTo(""Open"").AND.PropPath("".Subject"").AsString.Contains(""outage"").EndCondition","5","Direct indexed condition syntax matches every predicate in the natural-language request."
"F318","Find tickets where status is Open or status is Reopened.","ForGroup: LibraDexCondition.ForGroup(""tickets"").Index(""status"").AsString.EqualTo(""Open"").OR.Index(""status"").AsString.EqualTo(""Reopened"").EndCondition | catalog group: catalog[""tickets""].Where(""status"").AsString.EqualTo(""Open"").OrElse(""status"").AsString.EqualTo(""Reopened"").EndCondition","store.Where.PropPath("".Status"").AsString.EqualTo(""Open"").OR.PropPath("".Status"").AsString.EqualTo(""Reopened"").EndCondition","5","Direct indexed condition syntax matches every predicate in the natural-language request."
"F319","Find tickets where priority is High and assigned team is missing.","ForGroup: LibraDexCondition.ForGroup(""tickets"").Index(""priority"").AsInt64.EqualTo(high).AND.Index(""assignedTeam"").AsString.EqualTo(NullKey.Null).EndCondition | catalog group: catalog[""tickets""].Where(""priority"").AsInt64.EqualTo(high).AndAlso(""assignedTeam"").AsString.EqualTo(NullKey.Null).EndCondition","store.Where.PropPath("".Priority"").AsInt64.EqualTo(high).AND.PropPath("".AssignedTeam"").AsString.EqualTo(null).EndCondition","5","Direct indexed condition syntax matches every predicate in the natural-language request."
"F320","Find tickets where assigned agent equals ""jsmith"" and status is not Closed.","ForGroup: LibraDexCondition.ForGroup(""tickets"").Index(""assignedAgent"").AsString.EqualTo(""jsmith"").AND.Index(""status"").AsDate.NotEqualTo(closed).EndCondition | catalog group: catalog[""tickets""].Where(""assignedAgent"").AsString.EqualTo(""jsmith"").AndAlso(""status"").AsDate.NotEqualTo(closed).EndCondition","store.Where.PropPath("".AssignedAgent"").AsString.EqualTo(""jsmith"").AND.PropPath("".Status"").AsDate.NotEqualTo(closed).EndCondition","5","Direct indexed condition syntax matches every predicate in the natural-language request."
"F321","Find tickets where created date is today and priority is Critical.","ForGroup: LibraDexCondition.ForGroup(""tickets"").Index(""createdDate"").AsDate.EqualTo(today).AND.Index(""priority"").AsInt64.EqualTo(critical).EndCondition | catalog group: catalog[""tickets""].Where(""createdDate"").AsDate.EqualTo(today).AndAlso(""priority"").AsInt64.EqualTo(critical).EndCondition","store.Where.PropPath("".CreatedDate"").AsDate.EqualTo(today).AND.PropPath("".Priority"").AsInt64.EqualTo(critical).EndCondition","5","Direct indexed condition syntax matches every predicate in the natural-language request."
"F322","Find tickets where updated date is older than 3 days and status is Waiting.","ForGroup: LibraDexCondition.ForGroup(""tickets"").Index(""updatedDate"").AsDate.LessThan(3Days).AND.Index(""status"").AsString.EqualTo(""Waiting"").EndCondition | catalog group: catalog[""tickets""].Where(""updatedDate"").AsDate.LessThan(3Days).AndAlso(""status"").AsString.EqualTo(""Waiting"").EndCondition","store.Where.PropPath("".UpdatedDate"").AsDate.LessThan(3Days).AND.PropPath("".Status"").AsString.EqualTo(""Waiting"").EndCondition","5","Direct indexed condition syntax matches every predicate in the natural-language request."
"F323","Find tickets where subject contains ""password"" and category equals ""Access"".","ForGroup: LibraDexCondition.ForGroup(""tickets"").Index(""subject"").AsString.Contains(""password"").AND.Index(""category"").AsString.EqualTo(""Access"").EndCondition | catalog group: catalog[""tickets""].Where(""subject"").AsString.Contains(""password"").AndAlso(""category"").AsString.EqualTo(""Access"").EndCondition","store.Where.PropPath("".Subject"").AsString.Contains(""password"").AND.PropPath("".Category"").AsString.EqualTo(""Access"").EndCondition","5","Direct indexed condition syntax matches every predicate in the natural-language request."
"F324","Find tickets where category equals ""Billing"" and customer tier is VIP.","ForGroup: LibraDexCondition.ForGroup(""tickets"").Index(""category"").AsString.EqualTo(""Billing"").AND.Index(""customerTier"").AsString.EqualTo(""VIP"").EndCondition | catalog group: catalog[""tickets""].Where(""category"").AsString.EqualTo(""Billing"").AndAlso(""customerTier"").AsString.EqualTo(""VIP"").EndCondition","store.Where.PropPath("".Category"").AsString.EqualTo(""Billing"").AND.PropPath("".CustomerTier"").AsString.EqualTo(""VIP"").EndCondition","5","Direct indexed condition syntax matches every predicate in the natural-language request."
"F325","Find tickets where SLA breach flag is set and status is not Closed.","ForGroup: LibraDexCondition.ForGroup(""tickets"").Index(""slaBreachFlag"").AsBoolean.EqualTo(set).AND.Index(""status"").AsDate.NotEqualTo(closed).EndCondition | catalog group: catalog[""tickets""].Where(""slaBreachFlag"").AsBoolean.EqualTo(set).AndAlso(""status"").AsDate.NotEqualTo(closed).EndCondition","store.Where.PropPath("".SlaBreachFlag"").AsBoolean.EqualTo(set).AND.PropPath("".Status"").AsDate.NotEqualTo(closed).EndCondition","5","Direct indexed condition syntax matches every predicate in the natural-language request."
"F326","Find products where category equals ""Hardware"" and price cents is under 5000.","ForGroup: LibraDexCondition.ForGroup(""products"").Index(""category"").AsString.EqualTo(""Hardware"").AND.Index(""priceCents"").AsInt64.LessThan(5000L).EndCondition | catalog group: catalog[""products""].Where(""category"").AsString.EqualTo(""Hardware"").AndAlso(""priceCents"").AsInt64.LessThan(5000L).EndCondition","store.Where.PropPath("".Category"").AsString.EqualTo(""Hardware"").AND.PropPath("".PriceCents"").AsInt64.LessThan(5000L).EndCondition","5","Direct indexed condition syntax matches every predicate in the natural-language request."
"F327","Find products where category equals ""Software"" and license type is Subscription.","ForGroup: LibraDexCondition.ForGroup(""products"").Index(""category"").AsString.EqualTo(""Software"").AND.Index(""licenseType"").AsString.EqualTo(""Subscription"").EndCondition | catalog group: catalog[""products""].Where(""category"").AsString.EqualTo(""Software"").AndAlso(""licenseType"").AsString.EqualTo(""Subscription"").EndCondition","store.Where.PropPath("".Category"").AsString.EqualTo(""Software"").AND.PropPath("".LicenseType"").AsString.EqualTo(""Subscription"").EndCondition","5","Direct indexed condition syntax matches every predicate in the natural-language request."
"F328","Find products where name contains ""pro"" and active is true.","ForGroup: LibraDexCondition.ForGroup(""products"").Index(""name"").AsString.Contains(""pro"").AND.Index(""active"").AsBoolean.EqualTo(true).EndCondition | catalog group: catalog[""products""].Where(""name"").AsString.Contains(""pro"").AndAlso(""active"").AsBoolean.EqualTo(true).EndCondition","store.Where.PropPath("".Name"").AsString.Contains(""pro"").AND.PropPath("".Active"").AsBoolean.EqualTo(true).EndCondition","5","Direct indexed condition syntax matches every predicate in the natural-language request."
"F329","Find products where SKU starts with ""KIT"" and quantity on hand is greater than zero.","ForGroup: LibraDexCondition.ForGroup(""products"").Index(""sku"").AsString.StartsWith(""KIT"").AND.Index(""quantityOnHand"").AsInt64.GreaterThan(zero).EndCondition | catalog group: catalog[""products""].Where(""sku"").AsString.StartsWith(""KIT"").AndAlso(""quantityOnHand"").AsInt64.GreaterThan(zero).EndCondition","store.Where.PropPath("".Sku"").AsString.StartsWith(""KIT"").AND.PropPath("".QuantityOnHand"").AsInt64.GreaterThan(zero).EndCondition","5","Direct indexed condition syntax matches every predicate in the natural-language request."
"F330","Find products where discontinued is false and replacement SKU is missing.","ForGroup: LibraDexCondition.ForGroup(""products"").Index(""discontinued"").AsBoolean.EqualTo(false).AND.Index(""replacementSku"").AsString.EqualTo(NullKey.Null).EndCondition | catalog group: catalog[""products""].Where(""discontinued"").AsBoolean.EqualTo(false).AndAlso(""replacementSku"").AsString.EqualTo(NullKey.Null).EndCondition","store.Where.PropPath("".Discontinued"").AsBoolean.EqualTo(false).AND.PropPath("".ReplacementSku"").AsString.EqualTo(null).EndCondition","5","Direct indexed condition syntax matches every predicate in the natural-language request."
"F331","Find products where price cents is between 1000 and 2000 and rating is at least 4.","ForGroup: LibraDexCondition.ForGroup(""products"").Index(""priceCents"").AsInt64.Between(1000L, 2000L).AND.Index(""rating"").AsInt64.GreaterOrEqual(4L).EndCondition | catalog group: catalog[""products""].Where(""priceCents"").AsInt64.Between(1000L, 2000L).AndAlso(""rating"").AsInt64.GreaterOrEqual(4L).EndCondition","store.Where.PropPath("".PriceCents"").AsInt64.Between(1000L, 2000L).AND.PropPath("".Rating"").AsInt64.GreaterOrEqual(4L).EndCondition","5","Direct indexed condition syntax matches every predicate in the natural-language request."
"F332","Find products where supplier id is in a preferred supplier list and active is true.","ForGroup: LibraDexCondition.ForGroup(""products"").Index(""supplierId"").AsGuid.InSet(values).AND.Index(""active"").AsBoolean.EqualTo(true).EndCondition | catalog group: catalog[""products""].Where(""supplierId"").AsGuid.InSet(values).AndAlso(""active"").AsBoolean.EqualTo(true).EndCondition","store.Where.PropPath("".SupplierId"").AsGuid.InSet(values).AND.PropPath("".Active"").AsBoolean.EqualTo(true).EndCondition","5","Direct indexed condition syntax matches every predicate in the natural-language request."
"F333","Find products where hazardous flag is set and shipping class is not GroundOnly.","ForGroup: LibraDexCondition.ForGroup(""products"").Index(""hazardousFlag"").AsBoolean.EqualTo(set).AND.Index(""shippingClass"").AsString.NotEqualTo(""GroundOnly"").EndCondition | catalog group: catalog[""products""].Where(""hazardousFlag"").AsBoolean.EqualTo(set).AndAlso(""shippingClass"").AsString.NotEqualTo(""GroundOnly"").EndCondition","store.Where.PropPath("".HazardousFlag"").AsBoolean.EqualTo(set).AND.PropPath("".ShippingClass"").AsString.NotEqualTo(""GroundOnly"").EndCondition","5","Direct indexed condition syntax matches every predicate in the natural-language request."
"F334","Find products where serial tracking is required and quantity on hand is greater than 0.","ForGroup: LibraDexCondition.ForGroup(""products"").Index(""serialTracking"").AsBoolean.EqualTo(required).AND.Index(""quantityOnHand"").AsInt64.GreaterThan(0L).EndCondition | catalog group: catalog[""products""].Where(""serialTracking"").AsBoolean.EqualTo(required).AndAlso(""quantityOnHand"").AsInt64.GreaterThan(0L).EndCondition","store.Where.PropPath("".SerialTracking"").AsBoolean.EqualTo(required).AND.PropPath("".QuantityOnHand"").AsInt64.GreaterThan(0L).EndCondition","5","Direct indexed condition syntax matches every predicate in the natural-language request."
"F335","Find products where product name ends with ""bundle"" and category equals ""Services"".","ForGroup: LibraDexCondition.ForGroup(""products"").Index(""productName"").AsString.EndsWith(""bundle"").AND.Index(""category"").AsString.EqualTo(""Services"").EndCondition | catalog group: catalog[""products""].Where(""productName"").AsString.EndsWith(""bundle"").AndAlso(""category"").AsString.EqualTo(""Services"").EndCondition","store.Where.PropPath("".ProductName"").AsString.EndsWith(""bundle"").AND.PropPath("".Category"").AsString.EqualTo(""Services"").EndCondition","5","Direct indexed condition syntax matches every predicate in the natural-language request."
"F336","Find documents where owner id equals a GUID and deleted flag is false.","","","0","Score 0: no faithful C# condition syntax was generated for predicate segment 'owner id equals a GUID'."
"F337","Find documents where folder id equals a GUID and file name ends with "".pdf"".","","","0","Score 0: no faithful C# condition syntax was generated for predicate segment 'folder id equals a GUID'."
"F338","Find documents where classification is Confidential and retention date is in the future.","ForGroup: LibraDexCondition.ForGroup(""documents"").Index(""classification"").AsString.EqualTo(""Confidential"").AND.Index(""retentionDate"").AsDate.InSet(values).EndCondition | catalog group: catalog[""documents""].Where(""classification"").AsString.EqualTo(""Confidential"").AndAlso(""retentionDate"").AsDate.InSet(values).EndCondition","store.Where.PropPath("".Classification"").AsString.EqualTo(""Confidential"").AND.PropPath("".RetentionDate"").AsDate.InSet(values).EndCondition","5","Direct indexed condition syntax matches every predicate in the natural-language request."
"F339","Find documents where classification is Public and approval status is Approved.","ForGroup: LibraDexCondition.ForGroup(""documents"").Index(""classification"").AsBoolean.EqualTo(public).AND.Index(""approvalStatus"").AsString.EqualTo(""Approved"").EndCondition | catalog group: catalog[""documents""].Where(""classification"").AsBoolean.EqualTo(public).AndAlso(""approvalStatus"").AsString.EqualTo(""Approved"").EndCondition","store.Where.PropPath("".Classification"").AsBoolean.EqualTo(public).AND.PropPath("".ApprovalStatus"").AsString.EqualTo(""Approved"").EndCondition","5","Direct indexed condition syntax matches every predicate in the natural-language request."
"F340","Find documents where title contains ""contract"" and effective date is before today.","ForGroup: LibraDexCondition.ForGroup(""documents"").Index(""title"").AsString.Contains(""contract"").AND.Index(""effectiveDate"").AsDate.LessThan(today).EndCondition | catalog group: catalog[""documents""].Where(""title"").AsString.Contains(""contract"").AndAlso(""effectiveDate"").AsDate.LessThan(today).EndCondition","store.Where.PropPath("".Title"").AsString.Contains(""contract"").AND.PropPath("".EffectiveDate"").AsDate.LessThan(today).EndCondition","5","Direct indexed condition syntax matches every predicate in the natural-language request."
"F341","Find documents where expiration date is overdue and archived is false.","ForGroup: LibraDexCondition.ForGroup(""documents"").Index(""expirationDate"").AsDate.EqualTo(overdue).AND.Index(""archived"").AsBoolean.EqualTo(false).EndCondition | catalog group: catalog[""documents""].Where(""expirationDate"").AsDate.EqualTo(overdue).AndAlso(""archived"").AsBoolean.EqualTo(false).EndCondition","store.Where.PropPath("".ExpirationDate"").AsDate.EqualTo(overdue).AND.PropPath("".Archived"").AsBoolean.EqualTo(false).EndCondition","5","Direct indexed condition syntax matches every predicate in the natural-language request."
"F342","Find documents where tag contains ""legal"" and status is Active.","ForGroup: LibraDexCondition.ForGroup(""documents"").Index(""tag"").AsString.Contains(""legal"").AND.Index(""status"").AsBoolean.EqualTo(active).EndCondition | catalog group: catalog[""documents""].Where(""tag"").AsString.Contains(""legal"").AndAlso(""status"").AsBoolean.EqualTo(active).EndCondition","store.Where.PropPath("".Tag"").AsString.Contains(""legal"").AND.PropPath("".Status"").AsBoolean.EqualTo(active).EndCondition","5","Direct indexed condition syntax matches every predicate in the natural-language request."
"F343","Find documents where file size bytes is greater than 100 MB and extension equals ""zip"".","ForGroup: LibraDexCondition.ForGroup(""documents"").Index(""fileSizeBytes"").AsInt64.GreaterThan(100L * 1024L * 1024L).AND.Index(""extension"").AsString.EqualTo(""zip"").EndCondition | catalog group: catalog[""documents""].Where(""fileSizeBytes"").AsInt64.GreaterThan(100L * 1024L * 1024L).AndAlso(""extension"").AsString.EqualTo(""zip"").EndCondition","store.Where.PropPath("".FileSizeBytes"").AsInt64.GreaterThan(100L * 1024L * 1024L).AND.PropPath("".Extension"").AsString.EqualTo(""zip"").EndCondition","5","Direct indexed condition syntax matches every predicate in the natural-language request."
"F344","Find documents where checksum starts with a byte prefix and file size is nonzero.","","","0","Score 0: no faithful C# condition syntax was generated for predicate segment 'checksum starts with a byte prefix'."
"F345","Find documents where owner id is in the team member list and visibility is Team.","ForGroup: LibraDexCondition.ForGroup(""documents"").Index(""ownerId"").AsGuid.InSet(values).AND.Index(""visibility"").AsString.EqualTo(""Team"").EndCondition | catalog group: catalog[""documents""].Where(""ownerId"").AsGuid.InSet(values).AndAlso(""visibility"").AsString.EqualTo(""Team"").EndCondition","store.Where.PropPath("".OwnerId"").AsGuid.InSet(values).AND.PropPath("".Visibility"").AsString.EqualTo(""Team"").EndCondition","5","Direct indexed condition syntax matches every predicate in the natural-language request."
"F346","Find logs where severity is Error and timestamp is in the last hour.","ForGroup: LibraDexCondition.ForGroup(""logs"").Index(""severity"").AsString.EqualTo(""Error"").AND.Index(""timestamp"").AsDate.InSet(values).EndCondition | catalog group: catalog[""logs""].Where(""severity"").AsString.EqualTo(""Error"").AndAlso(""timestamp"").AsDate.InSet(values).EndCondition","store.Where.PropPath("".Severity"").AsString.EqualTo(""Error"").AND.PropPath("".Timestamp"").AsDate.InSet(values).EndCondition","5","Direct indexed condition syntax matches every predicate in the natural-language request."
"F347","Find logs where severity is Error or Critical and message contains ""timeout"".","ForGroup: LibraDexCondition.ForGroup(""logs"").Index(""severity"").AsString.InSet(new[] { ""Error"", ""Critical"" }).AND.Index(""message"").AsString.Contains(""timeout"").EndCondition | catalog group: catalog[""logs""].Where(""severity"").AsString.InSet(new[] { ""Error"", ""Critical"" }).AndAlso(""message"").AsString.Contains(""timeout"").EndCondition","store.Where.PropPath("".Severity"").AsString.InSet(new[] { ""Error"", ""Critical"" }).AND.PropPath("".Message"").AsString.Contains(""timeout"").EndCondition","5","The natural language OR is local to severity values, so the condition uses severity membership plus message containment."
"F348","Find logs where service name equals ""api"" and status code is at least 500.","ForGroup: LibraDexCondition.ForGroup(""logs"").Index(""serviceName"").AsString.EqualTo(""api"").AND.Index(""statusCode"").AsInt64.GreaterOrEqual(500L).EndCondition | catalog group: catalog[""logs""].Where(""serviceName"").AsString.EqualTo(""api"").AndAlso(""statusCode"").AsInt64.GreaterOrEqual(500L).EndCondition","store.Where.PropPath("".ServiceName"").AsString.EqualTo(""api"").AND.PropPath("".StatusCode"").AsInt64.GreaterOrEqual(500L).EndCondition","5","Direct indexed condition syntax matches every predicate in the natural-language request."
"F349","Find logs where status code is between 400 and 499 and path starts with ""/admin"".","ForGroup: LibraDexCondition.ForGroup(""logs"").Index(""statusCode"").AsInt64.Between(400L, 499L).AND.Index(""path"").AsString.StartsWith(""/admin"").EndCondition | catalog group: catalog[""logs""].Where(""statusCode"").AsInt64.Between(400L, 499L).AndAlso(""path"").AsString.StartsWith(""/admin"").EndCondition","store.Where.PropPath("".StatusCode"").AsInt64.Between(400L, 499L).AND.PropPath("".Path"").AsString.StartsWith(""/admin"").EndCondition","5","Direct indexed condition syntax matches every predicate in the natural-language request."
"F350","Find logs where correlation id equals a GUID and timestamp is after a checkpoint.","","","0","Score 0: no faithful C# condition syntax was generated for predicate segment 'correlation id equals a GUID'."
"F351","Find logs where tenant id equals a GUID and message contains ""quota"".","","","0","Score 0: no faithful C# condition syntax was generated for predicate segment 'tenant id equals a GUID'."
"F352","Find logs where environment equals Production and severity is not Info.","ForGroup: LibraDexCondition.ForGroup(""logs"").Index(""environment"").AsString.EqualTo(""Production"").AND.Index(""severity"").AsString.NotEqualTo(""Info"").EndCondition | catalog group: catalog[""logs""].Where(""environment"").AsString.EqualTo(""Production"").AndAlso(""severity"").AsString.NotEqualTo(""Info"").EndCondition","store.Where.PropPath("".Environment"").AsString.EqualTo(""Production"").AND.PropPath("".Severity"").AsString.NotEqualTo(""Info"").EndCondition","5","Direct indexed condition syntax matches every predicate in the natural-language request."
"F353","Find logs where message contains ""retry"" and retry count is greater than 3.","ForGroup: LibraDexCondition.ForGroup(""logs"").Index(""message"").AsString.Contains(""retry"").AND.Index(""retryCount"").AsInt64.GreaterThan(3L).EndCondition | catalog group: catalog[""logs""].Where(""message"").AsString.Contains(""retry"").AndAlso(""retryCount"").AsInt64.GreaterThan(3L).EndCondition","store.Where.PropPath("".Message"").AsString.Contains(""retry"").AND.PropPath("".RetryCount"").AsInt64.GreaterThan(3L).EndCondition","5","Direct indexed condition syntax matches every predicate in the natural-language request."
"F354","Find logs where host name starts with ""web-"" and CPU percent is over 90.","ForGroup: LibraDexCondition.ForGroup(""logs"").Index(""hostName"").AsString.StartsWith(""web-"").AND.Index(""cpuPercent"").AsInt64.GreaterThan(90L).EndCondition | catalog group: catalog[""logs""].Where(""hostName"").AsString.StartsWith(""web-"").AndAlso(""cpuPercent"").AsInt64.GreaterThan(90L).EndCondition","store.Where.PropPath("".HostName"").AsString.StartsWith(""web-"").AND.PropPath("".CpuPercent"").AsInt64.GreaterThan(90L).EndCondition","5","Direct indexed condition syntax matches every predicate in the natural-language request."
"F355","Find logs where error code is in a known error-code set and resolved flag is false.","ForGroup: LibraDexCondition.ForGroup(""logs"").Index(""errorCode"").AsInt64.InSet(values).AND.Index(""resolvedFlag"").AsBoolean.EqualTo(false).EndCondition | catalog group: catalog[""logs""].Where(""errorCode"").AsInt64.InSet(values).AndAlso(""resolvedFlag"").AsBoolean.EqualTo(false).EndCondition","store.Where.PropPath("".ErrorCode"").AsInt64.InSet(values).AND.PropPath("".ResolvedFlag"").AsBoolean.EqualTo(false).EndCondition","5","Direct indexed condition syntax matches every predicate in the natural-language request."
"F356","Find sessions where user id equals a GUID and expiration is after now.","","","0","Score 0: no faithful C# condition syntax was generated for predicate segment 'user id equals a GUID'."
"F357","Find sessions where tenant id equals a GUID and last activity is within the last hour.","","","0","Score 0: no faithful C# condition syntax was generated for predicate segment 'tenant id equals a GUID'."
"F358","Find sessions where device id equals a GUID and revoked flag is false.","","","0","Score 0: no faithful C# condition syntax was generated for predicate segment 'device id equals a GUID'."
"F359","Find sessions where IP country is not ""US"" and risk score is high.","ForGroup: LibraDexCondition.ForGroup(""sessions"").Index(""ipCountry"").AsString.NotEqualTo(""US"").AND.Index(""riskScore"").AsInt64.EqualTo(high).EndCondition | catalog group: catalog[""sessions""].Where(""ipCountry"").AsString.NotEqualTo(""US"").AndAlso(""riskScore"").AsInt64.EqualTo(high).EndCondition","store.Where.PropPath("".IpCountry"").AsString.NotEqualTo(""US"").AND.PropPath("".RiskScore"").AsInt64.EqualTo(high).EndCondition","5","Direct indexed condition syntax matches every predicate in the natural-language request."
"F360","Find sessions where user agent contains ""bot"" and trusted flag is false.","ForGroup: LibraDexCondition.ForGroup(""sessions"").Index(""userAgent"").AsString.Contains(""bot"").AND.Index(""trustedFlag"").AsBoolean.EqualTo(false).EndCondition | catalog group: catalog[""sessions""].Where(""userAgent"").AsString.Contains(""bot"").AndAlso(""trustedFlag"").AsBoolean.EqualTo(false).EndCondition","store.Where.PropPath("".UserAgent"").AsString.Contains(""bot"").AND.PropPath("".TrustedFlag"").AsBoolean.EqualTo(false).EndCondition","5","Direct indexed condition syntax matches every predicate in the natural-language request."
"F361","Find assets where tenant id equals a GUID and asset type equals Server.","","","0","Score 0: no faithful C# condition syntax was generated for predicate segment 'tenant id equals a GUID'."
"F362","Find assets where hostname starts with ""db-"" and environment equals Production.","ForGroup: LibraDexCondition.ForGroup(""assets"").Index(""hostname"").AsString.StartsWith(""db-"").AND.Index(""environment"").AsString.EqualTo(""Production"").EndCondition | catalog group: catalog[""assets""].Where(""hostname"").AsString.StartsWith(""db-"").AndAlso(""environment"").AsString.EqualTo(""Production"").EndCondition","store.Where.PropPath("".Hostname"").AsString.StartsWith(""db-"").AND.PropPath("".Environment"").AsString.EqualTo(""Production"").EndCondition","5","Direct indexed condition syntax matches every predicate in the natural-language request."
"F363","Find assets where operating system contains ""Windows"" and patch level is older than 30 days.","ForGroup: LibraDexCondition.ForGroup(""assets"").Index(""operatingSystem"").AsString.Contains(""Windows"").AND.Index(""patchLevel"").AsString.LessThan(30Days).EndCondition | catalog group: catalog[""assets""].Where(""operatingSystem"").AsString.Contains(""Windows"").AndAlso(""patchLevel"").AsString.LessThan(30Days).EndCondition","store.Where.PropPath("".OperatingSystem"").AsString.Contains(""Windows"").AND.PropPath("".PatchLevel"").AsString.LessThan(30Days).EndCondition","5","Direct indexed condition syntax matches every predicate in the natural-language request."
"F364","Find assets where criticality is High and owner team is missing.","ForGroup: LibraDexCondition.ForGroup(""assets"").Index(""criticality"").AsString.EqualTo(""High"").AND.Index(""ownerTeam"").AsString.EqualTo(NullKey.Null).EndCondition | catalog group: catalog[""assets""].Where(""criticality"").AsString.EqualTo(""High"").AndAlso(""ownerTeam"").AsString.EqualTo(NullKey.Null).EndCondition","store.Where.PropPath("".Criticality"").AsString.EqualTo(""High"").AND.PropPath("".OwnerTeam"").AsString.EqualTo(null).EndCondition","5","Direct indexed condition syntax matches every predicate in the natural-language request."
"F365","Find assets where last scan date is older than 7 days and active is true.","ForGroup: LibraDexCondition.ForGroup(""assets"").Index(""lastScanDate"").AsDate.LessThan(7Days).AND.Index(""active"").AsBoolean.EqualTo(true).EndCondition | catalog group: catalog[""assets""].Where(""lastScanDate"").AsDate.LessThan(7Days).AndAlso(""active"").AsBoolean.EqualTo(true).EndCondition","store.Where.PropPath("".LastScanDate"").AsDate.LessThan(7Days).AND.PropPath("".Active"").AsBoolean.EqualTo(true).EndCondition","5","Direct indexed condition syntax matches every predicate in the natural-language request."
"F366","Find alerts where severity is Critical and acknowledged is false.","ForGroup: LibraDexCondition.ForGroup(""alerts"").Index(""severity"").AsString.EqualTo(""Critical"").AND.Index(""acknowledged"").AsBoolean.EqualTo(false).EndCondition | catalog group: catalog[""alerts""].Where(""severity"").AsString.EqualTo(""Critical"").AndAlso(""acknowledged"").AsBoolean.EqualTo(false).EndCondition","store.Where.PropPath("".Severity"").AsString.EqualTo(""Critical"").AND.PropPath("".Acknowledged"").AsBoolean.EqualTo(false).EndCondition","5","Direct indexed condition syntax matches every predicate in the natural-language request."
"F367","Find alerts where severity is High and created date is today.","ForGroup: LibraDexCondition.ForGroup(""alerts"").Index(""severity"").AsString.EqualTo(""High"").AND.Index(""createdDate"").AsDate.EqualTo(today).EndCondition | catalog group: catalog[""alerts""].Where(""severity"").AsString.EqualTo(""High"").AndAlso(""createdDate"").AsDate.EqualTo(today).EndCondition","store.Where.PropPath("".Severity"").AsString.EqualTo(""High"").AND.PropPath("".CreatedDate"").AsDate.EqualTo(today).EndCondition","5","Direct indexed condition syntax matches every predicate in the natural-language request."
"F368","Find alerts where source system equals ""monitoring"" and duplicate count is greater than 1.","ForGroup: LibraDexCondition.ForGroup(""alerts"").Index(""sourceSystem"").AsString.EqualTo(""monitoring"").AND.Index(""duplicateCount"").AsInt64.GreaterThan(1L).EndCondition | catalog group: catalog[""alerts""].Where(""sourceSystem"").AsString.EqualTo(""monitoring"").AndAlso(""duplicateCount"").AsInt64.GreaterThan(1L).EndCondition","store.Where.PropPath("".SourceSystem"").AsString.EqualTo(""monitoring"").AND.PropPath("".DuplicateCount"").AsInt64.GreaterThan(1L).EndCondition","5","Direct indexed condition syntax matches every predicate in the natural-language request."
"F369","Find alerts where title contains ""disk"" and host name starts with ""db-"".","ForGroup: LibraDexCondition.ForGroup(""alerts"").Index(""title"").AsString.Contains(""disk"").AND.Index(""hostName"").AsString.StartsWith(""db-"").EndCondition | catalog group: catalog[""alerts""].Where(""title"").AsString.Contains(""disk"").AndAlso(""hostName"").AsString.StartsWith(""db-"").EndCondition","store.Where.PropPath("".Title"").AsString.Contains(""disk"").AND.PropPath("".HostName"").AsString.StartsWith(""db-"").EndCondition","5","Direct indexed condition syntax matches every predicate in the natural-language request."
"F370","Find alerts where rule id equals a GUID and status is Open.","","","0","Score 0: no faithful C# condition syntax was generated for predicate segment 'rule id equals a GUID'."
"F371","Find composite person-name keys where first name equals ""John"" and last name equals ""Smith"".","ForGroup: LibraDexCondition.ForGroup(""personname"").Index(""firstName"").AsString.EqualTo(""John"").AND.Index(""lastName"").AsString.EqualTo(""Smith"").EndCondition | catalog group: catalog[""personname""].Where(""firstName"").AsString.EqualTo(""John"").AndAlso(""lastName"").AsString.EqualTo(""Smith"").EndCondition","store.Where.PropPath("".FirstName"").AsString.EqualTo(""John"").AND.PropPath("".LastName"").AsString.EqualTo(""Smith"").EndCondition","5","Direct indexed condition syntax matches every predicate in the natural-language request."
"F372","Find composite person-name keys where last name starts with ""Sm"" and first name starts with ""Jo"".","ForGroup: LibraDexCondition.ForGroup(""personname"").Index(""lastName"").AsString.StartsWith(""Sm"").AND.Index(""firstName"").AsString.StartsWith(""Jo"").EndCondition | catalog group: catalog[""personname""].Where(""lastName"").AsString.StartsWith(""Sm"").AndAlso(""firstName"").AsString.StartsWith(""Jo"").EndCondition","store.Where.PropPath("".LastName"").AsString.StartsWith(""Sm"").AND.PropPath("".FirstName"").AsString.StartsWith(""Jo"").EndCondition","5","Direct indexed condition syntax matches every predicate in the natural-language request."
"F373","Find composite person-name keys where the full name contains ""Smith Jo"" with a space separator.","","","0","Score 0: no faithful C# condition syntax was generated for predicate segment 'the full name contains ""Smith Jo"" with a space separator'."
"F374","Find composite person-name keys where the full key starts with ""Smith"" when rendered last-name first.","","","0","Score 0: no faithful C# condition syntax was generated for predicate segment 'the full key starts with ""Smith"" when rendered last-name first'."
"F375","Find composite person-name keys where the middle-name part is missing.","ForGroup: LibraDexCondition.ForGroup(""personname"").Index(""middleNamePart"").AsString.EqualTo(NullKey.Null).EndCondition | catalog group: catalog[""personname""].Where(""middleNamePart"").AsString.EqualTo(NullKey.Null).EndCondition","store.Where.PropPath("".MiddleNamePart"").AsString.EqualTo(null).EndCondition","5","Direct indexed condition syntax matches every predicate in the natural-language request."
"F376","Find composite address keys where country equals ""US"" and state equals ""AZ"".","ForGroup: LibraDexCondition.ForGroup(""address"").Index(""country"").AsString.EqualTo(""US"").AND.Index(""state"").AsString.EqualTo(""AZ"").EndCondition | catalog group: catalog[""address""].Where(""country"").AsString.EqualTo(""US"").AndAlso(""state"").AsString.EqualTo(""AZ"").EndCondition","store.Where.PropPath("".Country"").AsString.EqualTo(""US"").AND.PropPath("".State"").AsString.EqualTo(""AZ"").EndCondition","5","Direct indexed condition syntax matches every predicate in the natural-language request."
"F377","Find composite address keys where country equals ""US"" and postal code starts with ""85"".","ForGroup: LibraDexCondition.ForGroup(""address"").Index(""country"").AsString.EqualTo(""US"").AND.Index(""postalCode"").AsString.StartsWith(""85"").EndCondition | catalog group: catalog[""address""].Where(""country"").AsString.EqualTo(""US"").AndAlso(""postalCode"").AsString.StartsWith(""85"").EndCondition","store.Where.PropPath("".Country"").AsString.EqualTo(""US"").AND.PropPath("".PostalCode"").AsString.StartsWith(""85"").EndCondition","5","Direct indexed condition syntax matches every predicate in the natural-language request."
"F378","Find composite address keys where city equals ""Phoenix"" and street name contains ""Central"".","ForGroup: LibraDexCondition.ForGroup(""address"").Index(""city"").AsString.EqualTo(""Phoenix"").AND.Index(""streetName"").AsString.Contains(""Central"").EndCondition | catalog group: catalog[""address""].Where(""city"").AsString.EqualTo(""Phoenix"").AndAlso(""streetName"").AsString.Contains(""Central"").EndCondition","store.Where.PropPath("".City"").AsString.EqualTo(""Phoenix"").AND.PropPath("".StreetName"").AsString.Contains(""Central"").EndCondition","5","Direct indexed condition syntax matches every predicate in the natural-language request."
"F379","Find composite address keys where the full address contains ""Phoenix AZ"".","ForGroup: LibraDexCondition.ForGroup(""address"").Index(""fullAddress"").AsString.Contains(""Phoenix AZ"").EndCondition | catalog group: catalog[""address""].Where(""fullAddress"").AsString.Contains(""Phoenix AZ"").EndCondition","store.Where.PropPath("".FullAddress"").AsString.Contains(""Phoenix AZ"").EndCondition","5","Direct indexed condition syntax matches every predicate in the natural-language request."
"F380","Find composite address keys where country is not ""US"" and city starts with ""San"".","ForGroup: LibraDexCondition.ForGroup(""address"").Index(""country"").AsString.NotEqualTo(""US"").AND.Index(""city"").AsString.StartsWith(""San"").EndCondition | catalog group: catalog[""address""].Where(""country"").AsString.NotEqualTo(""US"").AndAlso(""city"").AsString.StartsWith(""San"").EndCondition","store.Where.PropPath("".Country"").AsString.NotEqualTo(""US"").AND.PropPath("".City"").AsString.StartsWith(""San"").EndCondition","5","Direct indexed condition syntax matches every predicate in the natural-language request."
"F381","Find composite tenant-user keys where tenant id equals a GUID and username equals ""jsmith"".","","","0","Score 0: no faithful C# condition syntax was generated for predicate segment 'tenant id equals a GUID'."
"F382","Find composite tenant-user keys where tenant id equals a GUID and username starts with ""svc_"".","","","0","Score 0: no faithful C# condition syntax was generated for predicate segment 'tenant id equals a GUID'."
"F383","Find composite tenant-user keys where username equals ""admin"" across any tenant.","","","0","Score 0: no faithful C# condition syntax was generated for predicate segment 'username equals ""admin"" across any tenant'."
"F384","Find composite tenant-user keys where the full key contains the tenant id followed by the username.","","","0","Score 0: no faithful C# condition syntax was generated for predicate segment 'the full key contains the tenant id followed by the username'."
"F385","Find composite tenant-user keys where tenant id is in a provided tenant set and username starts with ""api"".","ForGroup: LibraDexCondition.ForGroup(""tenantuser"").Index(""tenantId"").AsGuid.InSet(values).AND.Index(""username"").AsString.StartsWith(""api"").EndCondition | catalog group: catalog[""tenantuser""].Where(""tenantId"").AsGuid.InSet(values).AndAlso(""username"").AsString.StartsWith(""api"").EndCondition","store.Where.PropPath("".TenantId"").AsGuid.InSet(values).AND.PropPath("".Username"").AsString.StartsWith(""api"").EndCondition","5","Direct indexed condition syntax matches every predicate in the natural-language request."
"F386","Find composite order keys where tenant id equals a GUID and order number starts with ""ORD-"".","","","0","Score 0: no faithful C# condition syntax was generated for predicate segment 'tenant id equals a GUID'."
"F387","Find composite order keys where customer id equals a GUID and order date is in June 2026.","","","0","Score 0: no faithful C# condition syntax was generated for predicate segment 'customer id equals a GUID'."
"F388","Find composite order keys where order date is today and sequence number is greater than 1000.","ForGroup: LibraDexCondition.ForGroup(""order"").Index(""orderDate"").AsDate.EqualTo(today).AND.Index(""sequence"").AsInt64.GreaterThan(1000L).EndCondition | catalog group: catalog[""order""].Where(""orderDate"").AsDate.EqualTo(today).AndAlso(""sequence"").AsInt64.GreaterThan(1000L).EndCondition","store.Where.PropPath("".OrderDate"").AsDate.EqualTo(today).AND.PropPath("".Sequence"").AsInt64.GreaterThan(1000L).EndCondition","5","Direct indexed condition syntax matches every predicate in the natural-language request."
"F389","Find composite order keys where the full key contains a currency code and minor unit amount.","","","0","Score 0: no faithful C# condition syntax was generated for predicate segment 'the full key contains a currency code'."
"F390","Find composite order keys where currency equals ""USD"" and amount minor units are greater than 10000.","","","0","Score 0: no faithful C# condition syntax was generated for predicate segment 'amount minor units are greater than 10000'."
"F391","Find composite product keys where supplier id equals a GUID and SKU starts with ""ABC"".","","","0","Score 0: no faithful C# condition syntax was generated for predicate segment 'supplier id equals a GUID'."
"F392","Find composite product keys where category equals ""Hardware"" and SKU contains ""KIT"".","ForGroup: LibraDexCondition.ForGroup(""product"").Index(""category"").AsString.EqualTo(""Hardware"").AND.Index(""sku"").AsString.Contains(""KIT"").EndCondition | catalog group: catalog[""product""].Where(""category"").AsString.EqualTo(""Hardware"").AndAlso(""sku"").AsString.Contains(""KIT"").EndCondition","store.Where.PropPath("".Category"").AsString.EqualTo(""Hardware"").AND.PropPath("".Sku"").AsString.Contains(""KIT"").EndCondition","5","Direct indexed condition syntax matches every predicate in the natural-language request."
"F393","Find composite product keys where category equals ""Software"" and version number is at least 3.","ForGroup: LibraDexCondition.ForGroup(""product"").Index(""category"").AsString.EqualTo(""Software"").AND.Index(""version"").AsInt64.GreaterOrEqual(3L).EndCondition | catalog group: catalog[""product""].Where(""category"").AsString.EqualTo(""Software"").AndAlso(""version"").AsInt64.GreaterOrEqual(3L).EndCondition","store.Where.PropPath("".Category"").AsString.EqualTo(""Software"").AND.PropPath("".Version"").AsInt64.GreaterOrEqual(3L).EndCondition","5","Direct indexed condition syntax matches every predicate in the natural-language request."
"F394","Find composite product keys where the full key ends with a product version segment.","","","0","Score 0: no faithful C# condition syntax was generated for predicate segment 'the full key ends with a product version segment'."
"F395","Find composite product keys where supplier id is missing and SKU is present.","ForGroup: LibraDexCondition.ForGroup(""product"").Index(""supplierId"").AsGuid.EqualTo(ScalarNull.Null).AND.Index(""sku"").AsString.NotEqualTo(NullKey.Null).EndCondition | catalog group: catalog[""product""].Where(""supplierId"").AsGuid.EqualTo(ScalarNull.Null).AndAlso(""sku"").AsString.NotEqualTo(NullKey.Null).EndCondition","store.Where.PropPath("".SupplierId"").AsGuid.EqualTo(null).AND.PropPath("".Sku"").AsString.NotEqualTo(null).EndCondition","5","Direct indexed condition syntax matches every predicate in the natural-language request."
"F396","Find composite document keys where folder id equals a GUID and file name ends with "".pdf"".","","","0","Score 0: no faithful C# condition syntax was generated for predicate segment 'folder id equals a GUID'."
"F397","Find composite document keys where owner id equals a GUID and title contains ""contract"".","","","0","Score 0: no faithful C# condition syntax was generated for predicate segment 'owner id equals a GUID'."
"F398","Find composite document keys where classification equals Confidential and created year equals 2026.","ForGroup: LibraDexCondition.ForGroup(""document"").Index(""classification"").AsString.EqualTo(""Confidential"").AND.Index(""createdYear"").AsDate.EqualTo(2026).EndCondition | catalog group: catalog[""document""].Where(""classification"").AsString.EqualTo(""Confidential"").AndAlso(""createdYear"").AsDate.EqualTo(2026).EndCondition","store.Where.PropPath("".Classification"").AsString.EqualTo(""Confidential"").AND.PropPath("".CreatedYear"").AsDate.EqualTo(2026).EndCondition","5","Direct indexed condition syntax matches every predicate in the natural-language request."
"F399","Find composite document keys where the full key contains ""Confidential 2026"".","ForGroup: LibraDexCondition.ForGroup(""document"").Index(""full"").AsString.Contains(""Confidential 2026"").EndCondition | catalog group: catalog[""document""].Where(""full"").AsString.Contains(""Confidential 2026"").EndCondition","store.Where.PropPath("".Full"").AsString.Contains(""Confidential 2026"").EndCondition","5","Direct indexed condition syntax matches every predicate in the natural-language request."
"F400","Find composite document keys where the file extension part equals ""docx"".","ForGroup: LibraDexCondition.ForGroup(""document"").Index(""fileExtensionPart"").AsString.EqualTo(""docx"").EndCondition | catalog group: catalog[""document""].Where(""fileExtensionPart"").AsString.EqualTo(""docx"").EndCondition","store.Where.PropPath("".FileExtensionPart"").AsString.EqualTo(""docx"").EndCondition","5","Direct indexed condition syntax matches every predicate in the natural-language request."
"F401","Find composite event keys where aggregate id equals a GUID and version is greater than 10.","","","0","Score 0: no faithful C# condition syntax was generated for predicate segment 'aggregate id equals a GUID'."
"F402","Find composite event keys where event type equals ""Created"" and timestamp is today.","ForGroup: LibraDexCondition.ForGroup(""event"").Index(""eventType"").AsDate.EqualTo(""Created"").AND.Index(""timestamp"").AsDate.EqualTo(today).EndCondition | catalog group: catalog[""event""].Where(""eventType"").AsDate.EqualTo(""Created"").AndAlso(""timestamp"").AsDate.EqualTo(today).EndCondition","store.Where.PropPath("".EventType"").AsDate.EqualTo(""Created"").AND.PropPath("".Timestamp"").AsDate.EqualTo(today).EndCondition","5","Direct indexed condition syntax matches every predicate in the natural-language request."
"F403","Find composite event keys where aggregate id equals a GUID and event type is in a supplied set.","","","0","Score 0: no faithful C# condition syntax was generated for predicate segment 'aggregate id equals a GUID'."
"F404","Find composite event keys where timestamp is after a checkpoint and version is not zero.","ForGroup: LibraDexCondition.ForGroup(""event"").Index(""timestamp"").AsDate.GreaterThan(checkpoint).AND.Index(""version"").AsInt64.NotEqualTo(zero).EndCondition | catalog group: catalog[""event""].Where(""timestamp"").AsDate.GreaterThan(checkpoint).AndAlso(""version"").AsInt64.NotEqualTo(zero).EndCondition","store.Where.PropPath("".Timestamp"").AsDate.GreaterThan(checkpoint).AND.PropPath("".Version"").AsInt64.NotEqualTo(zero).EndCondition","5","Direct indexed condition syntax matches every predicate in the natural-language request."
"F405","Find composite event keys where the full key contains an aggregate id and event type.","","","0","Score 0: no faithful C# condition syntax was generated for predicate segment 'the full key contains an aggregate id'."
"F406","Find composite metric keys where metric name equals ""cpu"" and timestamp is in the last hour.","ForGroup: LibraDexCondition.ForGroup(""metric"").Index(""metricName"").AsInt64.EqualTo(""cpu"").AND.Index(""timestamp"").AsDate.InSet(values).EndCondition | catalog group: catalog[""metric""].Where(""metricName"").AsInt64.EqualTo(""cpu"").AndAlso(""timestamp"").AsDate.InSet(values).EndCondition","store.Where.PropPath("".MetricName"").AsInt64.EqualTo(""cpu"").AND.PropPath("".Timestamp"").AsDate.InSet(values).EndCondition","5","Direct indexed condition syntax matches every predicate in the natural-language request."
"F407","Find composite metric keys where host name starts with ""web-"" and metric name equals ""memory"".","ForGroup: LibraDexCondition.ForGroup(""metric"").Index(""hostName"").AsString.StartsWith(""web-"").AND.Index(""metricName"").AsString.EqualTo(""memory"").EndCondition | catalog group: catalog[""metric""].Where(""hostName"").AsString.StartsWith(""web-"").AndAlso(""metricName"").AsString.EqualTo(""memory"").EndCondition","store.Where.PropPath("".HostName"").AsString.StartsWith(""web-"").AND.PropPath("".MetricName"").AsString.EqualTo(""memory"").EndCondition","5","Direct indexed condition syntax matches every predicate in the natural-language request."
"F408","Find composite metric keys where tenant id equals a GUID and metric name starts with ""http."".","","","0","Score 0: no faithful C# condition syntax was generated for predicate segment 'tenant id equals a GUID'."
"F409","Find composite metric keys where region equals ""us-west"" and value bucket is greater than 90.","ForGroup: LibraDexCondition.ForGroup(""metric"").Index(""region"").AsString.EqualTo(""us-west"").AND.Index(""bucket"").AsInt64.GreaterThan(90L).EndCondition | catalog group: catalog[""metric""].Where(""region"").AsString.EqualTo(""us-west"").AndAlso(""bucket"").AsInt64.GreaterThan(90L).EndCondition","store.Where.PropPath("".Region"").AsString.EqualTo(""us-west"").AND.PropPath("".Bucket"").AsInt64.GreaterThan(90L).EndCondition","5","Direct indexed condition syntax matches every predicate in the natural-language request."
"F410","Find composite metric keys where the full metric path contains ""web cpu"".","ForGroup: LibraDexCondition.ForGroup(""metric"").Index(""fullMetricPath"").AsString.Contains(""web cpu"").EndCondition | catalog group: catalog[""metric""].Where(""fullMetricPath"").AsString.Contains(""web cpu"").EndCondition","store.Where.PropPath("".FullMetricPath"").AsString.Contains(""web cpu"").EndCondition","5","Direct indexed condition syntax matches every predicate in the natural-language request."
"F411","Find composite permission keys where principal id equals a GUID and resource id equals a GUID.","","","0","Score 0: no faithful C# condition syntax was generated for predicate segment 'principal id equals a GUID'."
"F412","Find composite permission keys where principal id equals a GUID and permission mask has read set.","","","0","Score 0: no faithful C# condition syntax was generated for predicate segment 'principal id equals a GUID'."
"F413","Find composite permission keys where resource type equals ""folder"" and permission mask has delete set.","","","0","Score 0: no faithful C# condition syntax was generated for predicate segment 'permission mask has delete set'."
"F414","Find composite permission keys where inherited flag is false and explicit allow flag is true.","ForGroup: LibraDexCondition.ForGroup(""permission"").Index(""inheritedFlag"").AsBoolean.EqualTo(false).AND.Index(""explicitAllowFlag"").AsBoolean.EqualTo(true).EndCondition | catalog group: catalog[""permission""].Where(""inheritedFlag"").AsBoolean.EqualTo(false).AndAlso(""explicitAllowFlag"").AsBoolean.EqualTo(true).EndCondition","store.Where.PropPath("".InheritedFlag"").AsBoolean.EqualTo(false).AND.PropPath("".ExplicitAllowFlag"").AsBoolean.EqualTo(true).EndCondition","5","Direct indexed condition syntax matches every predicate in the natural-language request."
"F415","Find composite permission keys where the full key contains a principal id and resource type.","","","0","Score 0: no faithful C# condition syntax was generated for predicate segment 'the full key contains a principal id'."
"F416","Find composite geohash keys where geohash starts with ""9tb"".","ForGroup: LibraDexCondition.ForGroup(""geohash"").Index(""geohash"").AsString.StartsWith(""9tb"").EndCondition | catalog group: catalog[""geohash""].Where(""geohash"").AsString.StartsWith(""9tb"").EndCondition","store.Where.PropPath("".Geohash"").AsString.StartsWith(""9tb"").EndCondition","5","Direct indexed condition syntax matches every predicate in the natural-language request."
"F417","Find composite geohash keys where tenant id equals a GUID and geohash prefix is ""9tb"".","","","0","Score 0: no faithful C# condition syntax was generated for predicate segment 'tenant id equals a GUID'."
"F418","Find composite geohash keys where geohash is between two tile prefixes.","","","0","Score 0: no faithful C# condition syntax was generated for predicate segment 'geohash is between two tile prefixes'."
"F419","Find composite geohash keys where location type equals ""store"" and geohash starts with ""9t"".","ForGroup: LibraDexCondition.ForGroup(""geohash"").Index(""locationType"").AsString.EqualTo(""store"").AND.Index(""geohash"").AsString.StartsWith(""9t"").EndCondition | catalog group: catalog[""geohash""].Where(""locationType"").AsString.EqualTo(""store"").AndAlso(""geohash"").AsString.StartsWith(""9t"").EndCondition","store.Where.PropPath("".LocationType"").AsString.EqualTo(""store"").AND.PropPath("".Geohash"").AsString.StartsWith(""9t"").EndCondition","5","Direct indexed condition syntax matches every predicate in the natural-language request."
"F420","Find composite geohash keys where the full key contains a region code and geohash.","","","0","Score 0: no faithful C# condition syntax was generated for predicate segment 'the full key contains a region code'."
"F421","Find records where (status is Open or status is Pending) and priority is High.","ForGroup: LibraDexCondition.ForGroup(""records"").Index(""status"").AsString.InSet(new[] { ""Open"", ""Pending"" }).AND.Index(""priority"").AsString.EqualTo(""High"").EndCondition | catalog group: catalog[""records""].Where(""status"").AsString.InSet(new[] { ""Open"", ""Pending"" }).AndAlso(""priority"").AsString.EqualTo(""High"").EndCondition","store.Where.PropPath("".Status"").AsString.InSet(new[] { ""Open"", ""Pending"" }).AND.PropPath("".Priority"").AsString.EqualTo(""High"").EndCondition","5","Grouped OR collapses to same-index membership plus priority equality."
"F422","Find records where status is Open and (priority is High or SLA breach is true).","","","0","Score 0: nested grouping is present, but this conservative rebuild could not parse every grouped predicate exactly from the natural-language row."
"F423","Find records where (country is US and state is AZ) or (country is CA and province is BC).","","","0","Score 0: nested grouping is present, but this conservative rebuild could not parse every grouped predicate exactly from the natural-language row."
"F424","Find records where tenant id equals a GUID and (username starts with ""svc_"" or role is Admin).","","","0","Score 0: nested grouping is present, but this conservative rebuild could not parse every grouped predicate exactly from the natural-language row."
"F425","Find records where (title contains ""urgent"" or title contains ""escalated"") and archived is false.","","","0","Score 0: nested grouping is present, but this conservative rebuild could not parse every grouped predicate exactly from the natural-language row."
"F426","Find records where (created date is today or updated date is today) and deleted is false.","","","0","Score 0: nested grouping is present, but this conservative rebuild could not parse every grouped predicate exactly from the natural-language row."
"F427","Find records where category is Hardware and (price is under 1000 or clearance flag is set).","","","0","Score 0: nested grouping is present, but this conservative rebuild could not parse every grouped predicate exactly from the natural-language row."
"F428","Find records where owner id equals a GUID and (visibility is Public or shared flag is true).","","","0","Score 0: nested grouping is present, but this conservative rebuild could not parse every grouped predicate exactly from the natural-language row."
"F429","Find records where (score is below 50 and reviewed is false) or risk is Critical.","","","0","Score 0: nested grouping is present, but this conservative rebuild could not parse every grouped predicate exactly from the natural-language row."
"F430","Find records where (status is Closed and closed date is missing) or (status is Open and due date is overdue).","","","0","Score 0: nested grouping is present, but this conservative rebuild could not parse every grouped predicate exactly from the natural-language row."
"F431","Find records where name starts with ""A"" and name does not contain ""test"".","ForGroup: LibraDexCondition.ForGroup(""records"").Index(""name"").AsString.StartsWith(""A"").AND.Not.Index(""name"").AsString.Contains(""test"").EndCondition | catalog group: catalog[""records""].Where(""name"").AsString.StartsWith(""A"").And.Not.Index(""name"").AsString.Contains(""test"").EndCondition","store.Where.PropPath("".Name"").AsString.StartsWith(""A"").AND.Not.PropPath("".Name"").AsString.Contains(""test"").EndCondition","5","Direct indexed condition syntax matches every predicate in the natural-language request."
"F432","Find records where name contains ""prod"" and environment is not Production.","ForGroup: LibraDexCondition.ForGroup(""records"").Index(""name"").AsString.Contains(""prod"").AND.Index(""environment"").AsString.NotEqualTo(""Production"").EndCondition | catalog group: catalog[""records""].Where(""name"").AsString.Contains(""prod"").AndAlso(""environment"").AsString.NotEqualTo(""Production"").EndCondition","store.Where.PropPath("".Name"").AsString.Contains(""prod"").AND.PropPath("".Environment"").AsString.NotEqualTo(""Production"").EndCondition","5","Direct indexed condition syntax matches every predicate in the natural-language request."
"F433","Find records where age is at least 18 and age is less than 65.","ForGroup: LibraDexCondition.ForGroup(""records"").Index(""age"").AsInt64.GreaterOrEqual(18L).AND.Index(""age"").AsInt64.LessThan(65L).EndCondition | catalog group: catalog[""records""].Where(""age"").AsInt64.GreaterOrEqual(18L).AndAlso(""age"").AsInt64.LessThan(65L).EndCondition","store.Where.PropPath("".Age"").AsInt64.GreaterOrEqual(18L).AND.PropPath("".Age"").AsInt64.LessThan(65L).EndCondition","5","Direct indexed condition syntax matches every predicate in the natural-language request."
"F434","Find records where amount is greater than 100 and amount is less than or equal to 500.","","","0","Score 0: the request needs a cross-field comparison, derived/domain computation, dynamic planning rule, or caller-owned semantic policy ('greater than .+ amount') that cannot be faithfully represented as ordinary indexed C# condition syntax without an explicit projection or external data source."
"F435","Find records where date is on or after a start date and before an end date.","","","0","Score 0: no faithful C# condition syntax was generated for predicate segment 'after a start date and before an end date'."
"F436","Find records where version is greater than a minimum and not in a deprecated version set.","","","0","Score 0: no faithful C# condition syntax was generated for predicate segment 'not in a deprecated version set'."
"F437","Find records where flags have required bits set and forbidden bits unset.","","","0","Score 0: no faithful C# condition syntax was generated for predicate segment 'flags have required bits set'."
"F438","Find records where binary header starts with a prefix and status is Active.","","","0","Score 0: no faithful C# condition syntax was generated for predicate segment 'binary header starts with a prefix'."
"F439","Find records where GUID starts with a prefix and created date is this year.","","","0","Score 0: no faithful C# condition syntax was generated for predicate segment 'GUID starts with a prefix'."
"F440","Find records where string suffix matches and numeric score exceeds a threshold.","","","0","Score 0: no faithful C# condition syntax was generated for predicate segment 'string suffix matches'."
"F441","Find records where either exact email matches or normalized phone matches.","","","0","Score 0: no faithful C# condition syntax was generated for predicate segment 'either exact email matches'."
"F442","Find records where username equals a login value or email equals the same login value.","","","0","Score 0: no faithful C# condition syntax was generated for predicate segment 'username equals a login value'."
"F443","Find records where tenant id equals a GUID and either user id or group id equals another GUID.","","","0","Score 0: no faithful C# condition syntax was generated for predicate segment 'tenant id equals a GUID and either user id'."
"F444","Find records where role is Admin but tenant id is not in the supertenant list.","ForGroup: LibraDexCondition.ForGroup(""records"").Index(""roleIsAdminButTenantId"").AsGuid.NotInSet(values).EndCondition | catalog group: catalog[""records""].Where(""roleIsAdminButTenantId"").AsGuid.NotInSet(values).EndCondition","store.Where.PropPath("".RoleIsAdminButTenantId"").AsGuid.NotInSet(values).EndCondition","5","Direct indexed condition syntax matches every predicate in the natural-language request."
"F445","Find records where classification is Confidential and either owner is missing or owner is inactive.","ForGroup: LibraDexCondition.ForGroup(""records"").Index(""classificationIsConfidentialAndEitherOwner"").AsString.EqualTo(NullKey.Null).OR.Index(""owner"").AsString.EqualTo(""inactive"").EndCondition | catalog group: catalog[""records""].Where(""classificationIsConfidentialAndEitherOwner"").AsString.EqualTo(NullKey.Null).OrElse(""owner"").AsString.EqualTo(""inactive"").EndCondition","store.Where.PropPath("".ClassificationIsConfidentialAndEitherOwner"").AsString.EqualTo(null).OR.PropPath("".Owner"").AsString.EqualTo(""inactive"").EndCondition","5","Direct indexed condition syntax matches every predicate in the natural-language request."
"F446","Find records where the visible flag is true and the effective date is before now and expiration is after now.","ForGroup: LibraDexCondition.ForGroup(""records"").Index(""visibleFlag"").AsBoolean.EqualTo(true).AND.Index(""effectiveDate"").AsDate.LessThan(now).AND.Index(""expiration"").AsDate.GreaterThan(now).EndCondition | catalog group: catalog[""records""].Where(""visibleFlag"").AsBoolean.EqualTo(true).AndAlso(""effectiveDate"").AsDate.LessThan(now).AndAlso(""expiration"").AsDate.GreaterThan(now).EndCondition","store.Where.PropPath("".VisibleFlag"").AsBoolean.EqualTo(true).AND.PropPath("".EffectiveDate"").AsDate.LessThan(now).AND.PropPath("".Expiration"").AsDate.GreaterThan(now).EndCondition","5","Direct indexed condition syntax matches every predicate in the natural-language request."
"F447","Find records where the public flag is false and no explicit ACL entry exists.","","","0","Score 0: the request needs a cross-field comparison, derived/domain computation, dynamic planning rule, or caller-owned semantic policy ('no explicit ACL') that cannot be faithfully represented as ordinary indexed C# condition syntax without an explicit projection or external data source."
"F448","Find records where a record is stale because updated date is older than created date plus 30 days.","ForGroup: LibraDexCondition.ForGroup(""records"").Index(""recordIsStaleBecauseUpdatedDate"").AsDate.LessThan(createdDatePlus30Days).EndCondition | catalog group: catalog[""records""].Where(""recordIsStaleBecauseUpdatedDate"").AsDate.LessThan(createdDatePlus30Days).EndCondition","store.Where.PropPath("".RecordIsStaleBecauseUpdatedDate"").AsDate.LessThan(createdDatePlus30Days).EndCondition","5","Direct indexed condition syntax matches every predicate in the natural-language request."
"F449","Find records where a retryable status is set and next retry time is due.","ForGroup: LibraDexCondition.ForGroup(""records"").Index(""retryableStatus"").AsString.EqualTo(""set"").AND.Index(""nextRetryTime"").AsDate.EqualTo(due).EndCondition | catalog group: catalog[""records""].Where(""retryableStatus"").AsString.EqualTo(""set"").AndAlso(""nextRetryTime"").AsDate.EqualTo(due).EndCondition","store.Where.PropPath("".RetryableStatus"").AsString.EqualTo(""set"").AND.PropPath("".NextRetryTime"").AsDate.EqualTo(due).EndCondition","5","Direct indexed condition syntax matches every predicate in the natural-language request."
"F450","Find records where an alert is active, not muted, and either critical or customer-facing.","","","0","Score 0: no faithful C# condition syntax was generated for predicate segment 'an alert is active, not muted, and either critical'."
"F451","Find records where a value equals the caller's current tenant id.","","","0","Score 0: no faithful C# condition syntax was generated for predicate segment 'a value equals the caller's current tenant id'."
"F452","Find records where a value equals the caller's current user id.","","","0","Score 0: no faithful C# condition syntax was generated for predicate segment 'a value equals the caller's current user id'."
"F453","Find records where a threshold comparison uses a runtime variable.","","","0","Score 0: no faithful C# condition syntax was generated for predicate segment 'a threshold comparison uses a runtime variable'."
"F454","Find records where the selected index name is determined at runtime.","","","0","Score 0: the request needs a cross-field comparison, derived/domain computation, dynamic planning rule, or caller-owned semantic policy ('selected index name is determined') that cannot be faithfully represented as ordinary indexed C# condition syntax without an explicit projection or external data source."
"F455","Find records where the same reusable condition is run against either primary email or backup email.","","","0","Score 0: no faithful C# condition syntax was generated for predicate segment 'the same reusable condition is run against either primary email'."
"F456","Find records where the same date cutoff is applied to created date in one run and updated date in another.","","","0","Score 0: no faithful C# condition syntax was generated for predicate segment 'the same date cutoff is applied to created date in one run'."
"F457","Find records where a reusable customer filter is combined with a one-off status filter.","","","0","Score 0: no faithful C# condition syntax was generated for predicate segment 'a reusable customer filter is combined with a one-off status filter'."
"F458","Find records where a reusable security filter is grouped before adding a search term filter.","","","0","Score 0: no faithful C# condition syntax was generated for predicate segment 'a reusable security filter is grouped before adding a search term filter'."
"F459","Find records where a user-supplied search phrase is applied to either title or description.","","","0","Score 0: no faithful C# condition syntax was generated for predicate segment 'a user-supplied search phrase is applied to either title'."
"F460","Find records where a caller-supplied set of ids is used as an inclusion filter.","","","0","Score 0: no faithful C# condition syntax was generated for predicate segment 'a caller-supplied set of ids is used as an inclusion filter'."
"F461","Find records where a caller-supplied set of ids is used as an exclusion filter.","","","0","Score 0: no faithful C# condition syntax was generated for predicate segment 'a caller-supplied set of ids is used as an exclusion filter'."
"F462","Find records where paging asks for the first 25 active records.","","","0","Score 0: no faithful C# condition syntax was generated for predicate segment 'paging asks for the first 25 active records'."
"F463","Find records where paging asks for the next 25 records after a bookmark.","","","0","Score 0: no faithful C# condition syntax was generated for predicate segment 'paging asks for the next 25 records after a bookmark'."
"F464","Find records where the query only needs to know whether any matching record exists.","","","0","Score 0: no faithful C# condition syntax was generated for predicate segment 'the query only needs to know whether any matching record exists'."
"F465","Find records where the query only needs the count of matching records.","","","0","Score 0: no faithful C# condition syntax was generated for predicate segment 'the query only needs the count of matching records'."
"F466","Find records grouped by status for all open tickets.","","","0","The request is not a condition-builder predicate; it describes result shaping, grouping, paging, mutation, or another terminal operation."
"F467","Find records grouped by owner and count only active rows.","","","0","The request is not a condition-builder predicate; it describes result shaping, grouping, paging, mutation, or another terminal operation."
"F468","Find the top 10 owners by number of overdue records.","","","0","The request is not a condition-builder predicate; it describes result shaping, grouping, paging, mutation, or another terminal operation."
"F469","Find one representative record per duplicate email address.","","","0","The request is not a condition-builder predicate; it describes result shaping, grouping, paging, mutation, or another terminal operation."
"F470","Find duplicate groups where the same normalized phone appears more than once.","","","0","Score 0: no faithful C# condition syntax was generated for predicate segment 'the same normalized phone appears more than once'."
"F471","Find identities matching a condition without materializing keys.","","","0","The request is not a condition-builder predicate; it describes result shaping, grouping, paging, mutation, or another terminal operation."
"F472","Find key and identity tuples matching a condition.","","","0","The request is not a condition-builder predicate; it describes result shaping, grouping, paging, mutation, or another terminal operation."
"F473","Find the first matching identity ordered by key.","","","0","The request is not a condition-builder predicate; it describes result shaping, grouping, paging, mutation, or another terminal operation."
"F474","Find matching identities in descending key order.","","","0","The request is not a condition-builder predicate; it describes result shaping, grouping, paging, mutation, or another terminal operation."
"F475","Find matching identities with duplicate identities preserved.","","","0","The request is not a condition-builder predicate; it describes result shaping, grouping, paging, mutation, or another terminal operation."
"F476","Find matching identities with duplicate identities collapsed.","","","0","The request is not a condition-builder predicate; it describes result shaping, grouping, paging, mutation, or another terminal operation."
"F477","Find matching rows where a scan-backed text condition is narrowed by a tenant id first.","","","0","Score 0: no faithful C# condition syntax was generated for predicate segment 'a scan-backed text condition is narrowed by a tenant id first'."
"F478","Find matching rows where a suffix search can use a reversed projection when available.","","","0","Score 0: no faithful C# condition syntax was generated for predicate segment 'a suffix search can use a reversed projection when available'."
"F479","Find matching rows where a case-insensitive comparison can use a folded projection when available.","","","0","Score 0: no faithful C# condition syntax was generated for predicate segment 'a case-insensitive comparison can use a folded projection when available'."
"F480","Find matching rows where a culture-aware sort comparison can use a sort-key projection.","","","0","Score 0: no faithful C# condition syntax was generated for predicate segment 'a culture-aware sort comparison can use a sort-key projection'."
"F481","Find records to delete where status is Archived and retention date is older than seven years.","ForGroup: LibraDexCondition.ForGroup(""records"").Index(""status"").AsBoolean.EqualTo(archived).AND.Index(""retentionDate"").AsDate.LessThan(sevenYears).EndCondition | catalog group: catalog[""records""].Where(""status"").AsBoolean.EqualTo(archived).AndAlso(""retentionDate"").AsDate.LessThan(sevenYears).EndCondition","store.Where.PropPath("".Status"").AsBoolean.EqualTo(archived).AND.PropPath("".RetentionDate"").AsDate.LessThan(sevenYears).EndCondition","5","Direct indexed condition syntax matches every predicate in the natural-language request."
"F482","Find records to delete where tenant id equals a GUID and deleted flag is true.","","","0","Score 0: no faithful C# condition syntax was generated for predicate segment 'tenant id equals a GUID'."
"F483","Find records to delete where session expiration is before now.","ForGroup: LibraDexCondition.ForGroup(""records"").Index(""sessionExpiration"").AsDate.LessThan(now).EndCondition | catalog group: catalog[""records""].Where(""sessionExpiration"").AsDate.LessThan(now).EndCondition","store.Where.PropPath("".SessionExpiration"").AsDate.LessThan(now).EndCondition","5","Direct indexed condition syntax matches every predicate in the natural-language request."
"F484","Find records to delete where no activity has occurred in the last year.","","","0","Score 0: no faithful C# condition syntax was generated for predicate segment 'no activity has occurred in the last year'."
"F485","Find records to delete where a composite tenant-user key belongs to a disabled tenant.","","","0","Score 0: no faithful C# condition syntax was generated for predicate segment 'a composite tenant-user key belongs to a disabled tenant'."
"F486","Find records to rekey where username changed but tenant id stayed the same.","","","0","Score 0: no faithful C# condition syntax was generated for predicate segment 'username changed but tenant id stayed the same'."
"F487","Find records to rekey where email normalization changed.","","","0","Score 0: the request needs a cross-field comparison, derived/domain computation, dynamic planning rule, or caller-owned semantic policy ('normalization changed') that cannot be faithfully represented as ordinary indexed C# condition syntax without an explicit projection or external data source."
"F488","Find records to rekey where a document moved to another folder.","","","0","Score 0: no faithful C# condition syntax was generated for predicate segment 'a document moved to another folder'."
"F489","Find records to rekey where an order number was corrected.","","","0","Score 0: no faithful C# condition syntax was generated for predicate segment 'an order number was corrected'."
"F490","Find records to rekey where a composite key part changed from old status to new status.","","","0","Score 0: the request needs a cross-field comparison, derived/domain computation, dynamic planning rule, or caller-owned semantic policy ('changed from') that cannot be faithfully represented as ordinary indexed C# condition syntax without an explicit projection or external data source."
"F491","Find records to update where status is Pending and due date is overdue.","ForGroup: LibraDexCondition.ForGroup(""records"").Index(""status"").AsString.EqualTo(""Pending"").AND.Index(""dueDate"").AsDate.EqualTo(overdue).EndCondition | catalog group: catalog[""records""].Where(""status"").AsString.EqualTo(""Pending"").AndAlso(""dueDate"").AsDate.EqualTo(overdue).EndCondition","store.Where.PropPath("".Status"").AsString.EqualTo(""Pending"").AND.PropPath("".DueDate"").AsDate.EqualTo(overdue).EndCondition","5","Direct indexed condition syntax matches every predicate in the natural-language request."
"F492","Find records to update where retry count is below the max and next retry time is due.","ForGroup: LibraDexCondition.ForGroup(""records"").Index(""retryCount"").AsInt64.LessThan(max).AND.Index(""nextRetryTime"").AsDate.EqualTo(due).EndCondition | catalog group: catalog[""records""].Where(""retryCount"").AsInt64.LessThan(max).AndAlso(""nextRetryTime"").AsDate.EqualTo(due).EndCondition","store.Where.PropPath("".RetryCount"").AsInt64.LessThan(max).AND.PropPath("".NextRetryTime"").AsDate.EqualTo(due).EndCondition","5","Direct indexed condition syntax matches every predicate in the natural-language request."
"F493","Find records to update where a folded text projection is stale.","","","0","Score 0: the request needs a cross-field comparison, derived/domain computation, dynamic planning rule, or caller-owned semantic policy ('projection is stale') that cannot be faithfully represented as ordinary indexed C# condition syntax without an explicit projection or external data source."
"F494","Find records to update where a reversed suffix projection is missing.","","","0","Score 0: the request needs a cross-field comparison, derived/domain computation, dynamic planning rule, or caller-owned semantic policy ('projection is missing') that cannot be faithfully represented as ordinary indexed C# condition syntax without an explicit projection or external data source."
"F495","Find records to update where a composite full-key projection would match a known phrase.","","","0","Score 0: no faithful C# condition syntax was generated for predicate segment 'a composite full-key projection would match a known phrase'."
"F496","Find records where a nullable string property is null.","ForGroup: LibraDexCondition.ForGroup(""records"").Index(""stringProperty"").AsString.EqualTo(NullKey.Null).EndCondition | catalog group: catalog[""records""].Where(""stringProperty"").AsString.EqualTo(NullKey.Null).EndCondition","store.Where.PropPath("".StringProperty"").AsString.EqualTo(null).EndCondition","5","Direct indexed condition syntax matches every predicate in the natural-language request."
"F497","Find records where a nullable string property is empty but not null.","ForGroup: LibraDexCondition.ForGroup(""records"").Index(""stringProperty"").AsString.EqualTo(NullKey.Empty).EndCondition | catalog group: catalog[""records""].Where(""stringProperty"").AsString.EqualTo(NullKey.Empty).EndCondition","store.Where.PropPath("".StringProperty"").AsString.EqualTo(string.Empty).EndCondition","5","Direct indexed condition syntax matches every predicate in the natural-language request."
"F498","Find records where a nullable string property is either null or empty.","ForGroup: LibraDexCondition.ForGroup(""records"").Index(""stringProperty"").AsString.EqualTo(NullKey.NullOrEmpty).EndCondition | catalog group: catalog[""records""].Where(""stringProperty"").AsString.EqualTo(NullKey.NullOrEmpty).EndCondition","store.Where.PropPath("".StringProperty"").AsString.EqualTo(nullOrEmpty).EndCondition","5","Direct indexed condition syntax matches every predicate in the natural-language request."
"F499","Find records where a nullable numeric property has no value.","ForGroup: LibraDexCondition.ForGroup(""records"").Index(""numericProperty"").AsInt64.EqualTo(ScalarNull.Null).EndCondition | catalog group: catalog[""records""].Where(""numericProperty"").AsInt64.EqualTo(ScalarNull.Null).EndCondition","store.Where.PropPath("".NumericProperty"").AsInt64.EqualTo(null).EndCondition","5","Direct indexed condition syntax matches every predicate in the natural-language request."
"F500","Find records where a nullable numeric property has a value greater than zero.","ForGroup: LibraDexCondition.ForGroup(""records"").Index(""numericProperty"").AsInt64.EqualTo(ScalarNull.NonNull).AND.Index(""numericProperty"").AsInt64.GreaterThan(0L).EndCondition | catalog group: catalog[""records""].Where(""numericProperty"").AsInt64.EqualTo(ScalarNull.NonNull).AndAlso(""numericProperty"").AsInt64.GreaterThan(0L).EndCondition","store.Where.PropPath("".NumericProperty"").AsInt64.EqualTo(notNull).AND.PropPath("".NumericProperty"").AsInt64.GreaterThan(0L).EndCondition","5","Direct indexed condition syntax matches every predicate in the natural-language request."
"F501","Find records where a nullable date property is missing.","ForGroup: LibraDexCondition.ForGroup(""records"").Index(""dateProperty"").AsDate.EqualTo(ScalarNull.Null).EndCondition | catalog group: catalog[""records""].Where(""dateProperty"").AsDate.EqualTo(ScalarNull.Null).EndCondition","store.Where.PropPath("".DateProperty"").AsDate.EqualTo(null).EndCondition","5","Direct indexed condition syntax matches every predicate in the natural-language request."
"F502","Find records where a nullable date property is present and before today.","ForGroup: LibraDexCondition.ForGroup(""records"").Index(""dateProperty"").AsDate.EqualTo(ScalarNull.NonNull).AND.Index(""dateProperty"").AsDate.LessThan(today).EndCondition | catalog group: catalog[""records""].Where(""dateProperty"").AsDate.EqualTo(ScalarNull.NonNull).AndAlso(""dateProperty"").AsDate.LessThan(today).EndCondition","store.Where.PropPath("".DateProperty"").AsDate.EqualTo(notNull).AND.PropPath("".DateProperty"").AsDate.LessThan(today).EndCondition","5","Direct indexed condition syntax matches every predicate in the natural-language request."
"F503","Find records where an optional GUID field is missing or Guid.Empty.","","","0","Score 0: no faithful C# condition syntax was generated for predicate segment 'Guid.Empty'."
"F504","Find records where an optional GUID field has a real value.","ForGroup: LibraDexCondition.ForGroup(""records"").Index(""guid"").AsGuid.EqualTo(ScalarNull.NonNull).EndCondition | catalog group: catalog[""records""].Where(""guid"").AsGuid.EqualTo(ScalarNull.NonNull).EndCondition","store.Where.PropPath("".Guid"").AsGuid.EqualTo(notNull).EndCondition","5","Direct indexed condition syntax matches every predicate in the natural-language request."
"F505","Find records where an optional binary field is present and starts with a marker.","","","0","Score 0: no faithful C# condition syntax was generated for predicate segment 'starts with a marker'."
"F506","Find records where a missing value should sort before all real values.","","","0","Score 0: no faithful C# condition syntax was generated for predicate segment 'a missing value should sort before all real values'."
"F507","Find records where a missing value should be excluded from range comparisons.","","","0","Score 0: no faithful C# condition syntax was generated for predicate segment 'a missing value should be excluded from range comparisons'."
"F508","Find records where an explicit ""unknown"" enum value is different from a missing value.","","","0","Score 0: no faithful C# condition syntax was generated for predicate segment 'an explicit ""unknown"" enum value is different from a missing value'."
"F509","Find records where a string is whitespace-only.","","","0","Score 0: the request needs a cross-field comparison, derived/domain computation, dynamic planning rule, or caller-owned semantic policy ('whitespace-only') that cannot be faithfully represented as ordinary indexed C# condition syntax without an explicit projection or external data source."
"F510","Find records where a normalized string collapses whitespace before comparison.","","","0","Score 0: the request needs a cross-field comparison, derived/domain computation, dynamic planning rule, or caller-owned semantic policy ('collapses whitespace') that cannot be faithfully represented as ordinary indexed C# condition syntax without an explicit projection or external data source."
"F511","Find records where phone number equals a caller-supplied number after normalization.","","","0","Score 0: no faithful C# condition syntax was generated for predicate segment 'phone number equals a caller-supplied number after normalization'."
"F512","Find records where phone number starts with a country code.","","","0","Score 0: no faithful C# condition syntax was generated for predicate segment 'phone number starts with a country code'."
"F513","Find records where phone number ends with a local extension.","","","0","Score 0: no faithful C# condition syntax was generated for predicate segment 'phone number ends with a local extension'."
"F514","Find records where normalized phone is one of a provided contact list.","ForGroup: LibraDexCondition.ForGroup(""records"").Index(""normalizedPhone"").AsString.InSet(values).EndCondition | catalog group: catalog[""records""].Where(""normalizedPhone"").AsString.InSet(values).EndCondition","store.Where.PropPath("".NormalizedPhone"").AsString.InSet(values).EndCondition","5","Direct indexed condition syntax matches every predicate in the natural-language request."
"F515","Find records where normalized phone is missing but email is present.","ForGroup: LibraDexCondition.ForGroup(""records"").Index(""normalizedPhoneIsMissingButEmail"").AsString.NotEqualTo(NullKey.Null).EndCondition | catalog group: catalog[""records""].Where(""normalizedPhoneIsMissingButEmail"").AsString.NotEqualTo(NullKey.Null).EndCondition","store.Where.PropPath("".NormalizedPhoneIsMissingButEmail"").AsString.NotEqualTo(null).EndCondition","5","Direct indexed condition syntax matches every predicate in the natural-language request."
"F516","Find records where a geohash prefix identifies a nearby area.","","","0","Score 0: no faithful C# condition syntax was generated for predicate segment 'a geohash prefix identifies a nearby area'."
"F517","Find records where a geohash prefix and category both match.","","","0","Score 0: no faithful C# condition syntax was generated for predicate segment 'a geohash prefix'."
"F518","Find records where a geohash is inside one of several tile prefixes.","","","0","Score 0: no faithful C# condition syntax was generated for predicate segment 'a geohash is inside one of several tile prefixes'."
"F519","Find records where latitude bucket is between two integer buckets.","","","0","Score 0: no faithful C# condition syntax was generated for predicate segment 'latitude bucket is between two integer buckets'."
"F520","Find records where longitude bucket is between two integer buckets.","","","0","Score 0: no faithful C# condition syntax was generated for predicate segment 'longitude bucket is between two integer buckets'."
"F521","Find records where currency equals USD and amount is greater than 100 dollars.","ForGroup: LibraDexCondition.ForGroup(""records"").Index(""currency"").AsString.EqualTo(""USD"").AND.Index(""amount"").AsInt64.GreaterThan(100Dollars).EndCondition | catalog group: catalog[""records""].Where(""currency"").AsString.EqualTo(""USD"").AndAlso(""amount"").AsInt64.GreaterThan(100Dollars).EndCondition","store.Where.PropPath("".Currency"").AsString.EqualTo(""USD"").AND.PropPath("".Amount"").AsInt64.GreaterThan(100Dollars).EndCondition","5","Direct indexed condition syntax matches every predicate in the natural-language request."
"F522","Find records where currency equals EUR and amount is between two minor-unit values.","","","0","Score 0: no faithful C# condition syntax was generated for predicate segment 'amount is between two minor-unit values'."
"F523","Find records where currency is in a supported currency set.","ForGroup: LibraDexCondition.ForGroup(""records"").Index(""currency"").AsString.InSet(values).EndCondition | catalog group: catalog[""records""].Where(""currency"").AsString.InSet(values).EndCondition","store.Where.PropPath("".Currency"").AsString.InSet(values).EndCondition","5","Direct indexed condition syntax matches every predicate in the natural-language request."
"F524","Find records where amount is zero but status is Paid.","ForGroup: LibraDexCondition.ForGroup(""records"").Index(""amountIsZeroButStatus"").AsInt64.EqualTo(paid).EndCondition | catalog group: catalog[""records""].Where(""amountIsZeroButStatus"").AsInt64.EqualTo(paid).EndCondition","store.Where.PropPath("".AmountIsZeroButStatus"").AsInt64.EqualTo(paid).EndCondition","5","Direct indexed condition syntax matches every predicate in the natural-language request."
"F525","Find records where amount is negative and adjustment flag is not set.","ForGroup: LibraDexCondition.ForGroup(""records"").Index(""amount"").AsInt64.EqualTo(negative).AND.Index(""adjustmentFlag"").AsBoolean.NotEqualTo(set).EndCondition | catalog group: catalog[""records""].Where(""amount"").AsInt64.EqualTo(negative).AndAlso(""adjustmentFlag"").AsBoolean.NotEqualTo(set).EndCondition","store.Where.PropPath("".Amount"").AsInt64.EqualTo(negative).AND.PropPath("".AdjustmentFlag"").AsBoolean.NotEqualTo(set).EndCondition","5","Direct indexed condition syntax matches every predicate in the natural-language request."
"F526","Find records where semantic version major equals 2.","","","0","Score 0: the request needs a cross-field comparison, derived/domain computation, dynamic planning rule, or caller-owned semantic policy ('semantic version') that cannot be faithfully represented as ordinary indexed C# condition syntax without an explicit projection or external data source."
"F527","Find records where semantic version is at least 2.1.0.","","","0","Score 0: the request needs a cross-field comparison, derived/domain computation, dynamic planning rule, or caller-owned semantic policy ('semantic version') that cannot be faithfully represented as ordinary indexed C# condition syntax without an explicit projection or external data source."
"F528","Find records where semantic version is less than 3.0.0.","","","0","Score 0: the request needs a cross-field comparison, derived/domain computation, dynamic planning rule, or caller-owned semantic policy ('semantic version') that cannot be faithfully represented as ordinary indexed C# condition syntax without an explicit projection or external data source."
"F529","Find records where semantic version is in a deprecated version range.","","","0","Score 0: the request needs a cross-field comparison, derived/domain computation, dynamic planning rule, or caller-owned semantic policy ('semantic version') that cannot be faithfully represented as ordinary indexed C# condition syntax without an explicit projection or external data source."
"F530","Find records where semantic version prerelease tag contains ""beta"".","","","0","Score 0: the request needs a cross-field comparison, derived/domain computation, dynamic planning rule, or caller-owned semantic policy ('prerelease') that cannot be faithfully represented as ordinary indexed C# condition syntax without an explicit projection or external data source."
"F531","Find records where IP address equals a specific IPv4 address.","","","0","Score 0: no faithful C# condition syntax was generated for predicate segment 'IP address equals a specific IPv4 address'."
"F532","Find records where IP address is in a /24 subnet.","","","0","Score 0: the request needs a cross-field comparison, derived/domain computation, dynamic planning rule, or caller-owned semantic policy ('IP address is in') that cannot be faithfully represented as ordinary indexed C# condition syntax without an explicit projection or external data source."
"F533","Find records where IP address is outside a denylisted range.","","","0","Score 0: the request needs a cross-field comparison, derived/domain computation, dynamic planning rule, or caller-owned semantic policy ('outside a denylisted range') that cannot be faithfully represented as ordinary indexed C# condition syntax without an explicit projection or external data source."
"F534","Find records where IPv6 address starts with a network prefix.","","","0","Score 0: no faithful C# condition syntax was generated for predicate segment 'IPv6 address starts with a network prefix'."
"F535","Find records where IP address bytes match a stored binary prefix.","","","0","Score 0: no faithful C# condition syntax was generated for predicate segment 'IP address bytes match a stored binary prefix'."
"F536","Find records where route key equals tenant id plus date bucket plus sequence.","","","0","Score 0: the request needs a cross-field comparison, derived/domain computation, dynamic planning rule, or caller-owned semantic policy ('route key equals tenant id plus') that cannot be faithfully represented as ordinary indexed C# condition syntax without an explicit projection or external data source."
"F537","Find records where route key has tenant id equal to a GUID and date bucket equal to today.","","","0","Score 0: no faithful C# condition syntax was generated for predicate segment 'route key has tenant id equal to a GUID'."
"F538","Find records where route key has tenant id equal to a GUID and sequence greater than a checkpoint.","","","0","Score 0: no faithful C# condition syntax was generated for predicate segment 'route key has tenant id equal to a GUID'."
"F539","Find records where route key full value starts with tenant id bytes.","","","0","Score 0: no faithful C# condition syntax was generated for predicate segment 'route key full value starts with tenant id bytes'."
"F540","Find records where route key full value contains a date bucket segment.","","","0","Score 0: no faithful C# condition syntax was generated for predicate segment 'route key full value contains a date bucket segment'."
"F541","Find records where active means status is Active and deleted flag is false.","ForGroup: LibraDexCondition.ForGroup(""records"").Index(""activeMeansStatus"").AsBoolean.EqualTo(active).AND.Index(""deletedFlag"").AsBoolean.EqualTo(false).EndCondition | catalog group: catalog[""records""].Where(""activeMeansStatus"").AsBoolean.EqualTo(active).AndAlso(""deletedFlag"").AsBoolean.EqualTo(false).EndCondition","store.Where.PropPath("".ActiveMeansStatus"").AsBoolean.EqualTo(active).AND.PropPath("".DeletedFlag"").AsBoolean.EqualTo(false).EndCondition","5","Direct indexed condition syntax matches every predicate in the natural-language request."
"F542","Find records where current means effective date is before now and expiration date is after now.","ForGroup: LibraDexCondition.ForGroup(""records"").Index(""meansEffectiveDate"").AsDate.LessThan(now).AND.Index(""expirationDate"").AsDate.GreaterThan(now).EndCondition | catalog group: catalog[""records""].Where(""meansEffectiveDate"").AsDate.LessThan(now).AndAlso(""expirationDate"").AsDate.GreaterThan(now).EndCondition","store.Where.PropPath("".MeansEffectiveDate"").AsDate.LessThan(now).AND.PropPath("".ExpirationDate"").AsDate.GreaterThan(now).EndCondition","5","Direct indexed condition syntax matches every predicate in the natural-language request."
"F543","Find records where recent means created in the last 14 days.","","","0","Score 0: no faithful C# condition syntax was generated for predicate segment 'recent means created in the last 14 days'."
"F544","Find records where stale means updated date is older than 30 days and status is not Closed.","ForGroup: LibraDexCondition.ForGroup(""records"").Index(""staleMeansUpdatedDate"").AsDate.LessThan(30Days).AND.Index(""status"").AsDate.NotEqualTo(closed).EndCondition | catalog group: catalog[""records""].Where(""staleMeansUpdatedDate"").AsDate.LessThan(30Days).AndAlso(""status"").AsDate.NotEqualTo(closed).EndCondition","store.Where.PropPath("".StaleMeansUpdatedDate"").AsDate.LessThan(30Days).AND.PropPath("".Status"").AsDate.NotEqualTo(closed).EndCondition","5","Direct indexed condition syntax matches every predicate in the natural-language request."
"F545","Find records where expired means expiration date is before now.","ForGroup: LibraDexCondition.ForGroup(""records"").Index(""expiredMeansExpirationDate"").AsDate.LessThan(now).EndCondition | catalog group: catalog[""records""].Where(""expiredMeansExpirationDate"").AsDate.LessThan(now).EndCondition","store.Where.PropPath("".ExpiredMeansExpirationDate"").AsDate.LessThan(now).EndCondition","5","Direct indexed condition syntax matches every predicate in the natural-language request."
"F546","Find records where nearby means geohash starts with any of several nearby tile prefixes.","","","0","Score 0: no faithful C# condition syntax was generated for predicate segment 'nearby means geohash starts with any of several nearby tile prefixes'."
"F547","Find records where same customer means customer id equals the current row customer id.","","","0","Score 0: the request needs a cross-field comparison, derived/domain computation, dynamic planning rule, or caller-owned semantic policy ('current row') that cannot be faithfully represented as ordinary indexed C# condition syntax without an explicit projection or external data source."
"F548","Find records where same tenant means tenant id equals the caller tenant id.","","","0","Score 0: the request needs a cross-field comparison, derived/domain computation, dynamic planning rule, or caller-owned semantic policy ('same tenant') that cannot be faithfully represented as ordinary indexed C# condition syntax without an explicit projection or external data source."
"F549","Find records where visible means public is true or the owner id equals the current user id.","","","0","Score 0: no faithful C# condition syntax was generated for predicate segment 'the owner id equals the current user id'."
"F550","Find records where accessible means tenant id matches and either public is true or ACL role is allowed.","","","0","Score 0: the request needs a cross-field comparison, derived/domain computation, dynamic planning rule, or caller-owned semantic policy ('^accessible means') that cannot be faithfully represented as ordinary indexed C# condition syntax without an explicit projection or external data source."
"F551","Find records where display name equals a value after trimming whitespace.","","","0","Score 0: the request needs a cross-field comparison, derived/domain computation, dynamic planning rule, or caller-owned semantic policy ('after trimming') that cannot be faithfully represented as ordinary indexed C# condition syntax without an explicit projection or external data source."
"F552","Find records where display name equals a value after folding accents and case.","","","0","Score 0: the request needs a cross-field comparison, derived/domain computation, dynamic planning rule, or caller-owned semantic policy ('folding accents') that cannot be faithfully represented as ordinary indexed C# condition syntax without an explicit projection or external data source."
"F553","Find records where display name sorts after a value using French culture.","ForGroup: LibraDexCondition.ForGroup(""records"").Index(""displayName"").AsString.GreaterThan(usingFrenchCulture).EndCondition | catalog group: catalog[""records""].Where(""displayName"").AsString.GreaterThan(usingFrenchCulture).EndCondition","store.Where.PropPath("".DisplayName"").AsString.GreaterThan(usingFrenchCulture).EndCondition","5","Direct indexed condition syntax matches every predicate in the natural-language request."
"F554","Find records where display name sorts between two values using Swedish culture.","","","0","Score 0: no faithful C# condition syntax was generated for predicate segment 'display name sorts between two values using Swedish culture'."
"F555","Find records where search text contains every token in a user-supplied phrase.","","","0","Score 0: no faithful C# condition syntax was generated for predicate segment 'search text contains every token in a user-supplied phrase'."
"F556","Find records where search text contains any token in a user-supplied phrase.","","","0","Score 0: no faithful C# condition syntax was generated for predicate segment 'search text contains any token in a user-supplied phrase'."
"F557","Find records where search text does not contain any blocked word.","","","0","Score 0: no faithful C# condition syntax was generated for predicate segment 'search text does not contain any blocked word'."
"F558","Find records where tags include the tag urgent.","","","0","Score 0: no faithful C# condition syntax was generated for predicate segment 'tags include the tag urgent'."
"F559","Find records where tags include all of urgent and customer-facing.","","","0","Score 0: no faithful C# condition syntax was generated for predicate segment 'tags include all of urgent'."
"F560","Find records where tags include any of billing, renewal, or refund.","","","0","Score 0: no faithful C# condition syntax was generated for predicate segment 'tags include any of billing, renewal, or refund'."
"F561","Find records where tags do not include archived.","","","0","Score 0: no faithful C# condition syntax was generated for predicate segment 'tags do not include archived'."
"F562","Find records where tags include urgent but not internal.","","","0","Score 0: no faithful C# condition syntax was generated for predicate segment 'tags include urgent but not internal'."
"F563","Find records where categories include exactly one selected category.","","","0","Score 0: no faithful C# condition syntax was generated for predicate segment 'categories include exactly one selected category'."
"F564","Find records where category membership is stored as a separate tag index.","","","0","Score 0: no faithful C# condition syntax was generated for predicate segment 'category membership is stored as a separate tag index'."
"F565","Find records where normalized phone equals a number and country code equals US.","","","0","Score 0: no faithful C# condition syntax was generated for predicate segment 'normalized phone equals a number'."
"F566","Find records where normalized phone is absent and email is also absent.","","","0","Score 0: no faithful C# condition syntax was generated for predicate segment 'email is also absent'."
"F567","Find records where email domain is blocked but account status is active.","ForGroup: LibraDexCondition.ForGroup(""records"").Index(""emailDomainIsBlockedButAccountStatus"").AsBoolean.EqualTo(active).EndCondition | catalog group: catalog[""records""].Where(""emailDomainIsBlockedButAccountStatus"").AsBoolean.EqualTo(active).EndCondition","store.Where.PropPath("".EmailDomainIsBlockedButAccountStatus"").AsBoolean.EqualTo(active).EndCondition","5","Direct indexed condition syntax matches every predicate in the natural-language request."
"F568","Find records where either primary email or backup email ends with example.com.","","","0","Score 0: no faithful C# condition syntax was generated for predicate segment 'either primary email'."
"F569","Find records where username is reserved only for the system tenant.","","","0","Score 0: no faithful C# condition syntax was generated for predicate segment 'username is reserved only for the system tenant'."
"F570","Find records where username is unique within a tenant composite key.","","","0","Score 0: the request needs a cross-field comparison, derived/domain computation, dynamic planning rule, or caller-owned semantic policy ('unique within') that cannot be faithfully represented as ordinary indexed C# condition syntax without an explicit projection or external data source."
"F571","Find records where end date is before start date.","ForGroup: LibraDexCondition.ForGroup(""records"").Index(""endDate"").AsDate.LessThan(startDate).EndCondition | catalog group: catalog[""records""].Where(""endDate"").AsDate.LessThan(startDate).EndCondition","store.Where.PropPath("".EndDate"").AsDate.LessThan(startDate).EndCondition","5","Direct indexed condition syntax matches every predicate in the natural-language request."
"F572","Find records where due date is more than 30 days after created date.","","","0","Score 0: no faithful C# condition syntax was generated for predicate segment 'due date is more than 30 days after created date'."
"F573","Find records where paid amount is greater than invoice amount.","","","0","Score 0: the request needs a cross-field comparison, derived/domain computation, dynamic planning rule, or caller-owned semantic policy ('greater than .+ amount') that cannot be faithfully represented as ordinary indexed C# condition syntax without an explicit projection or external data source."
"F574","Find records where discount amount is greater than total amount.","","","0","Score 0: the request needs a cross-field comparison, derived/domain computation, dynamic planning rule, or caller-owned semantic policy ('greater than .+ amount') that cannot be faithfully represented as ordinary indexed C# condition syntax without an explicit projection or external data source."
"F575","Find records where current balance differs from calculated balance.","","","0","Score 0: the request needs a cross-field comparison, derived/domain computation, dynamic planning rule, or caller-owned semantic policy ('differs from') that cannot be faithfully represented as ordinary indexed C# condition syntax without an explicit projection or external data source."
"F576","Find records where updated timestamp is earlier than created timestamp.","","","0","Score 0: no faithful C# condition syntax was generated for predicate segment 'updated timestamp is earlier than created timestamp'."
"F577","Find records where closed timestamp is missing while status is Closed.","ForGroup: LibraDexCondition.ForGroup(""records"").Index(""closedTimestampIsMissingWhileStatus"").AsDate.EqualTo(closed).EndCondition | catalog group: catalog[""records""].Where(""closedTimestampIsMissingWhileStatus"").AsDate.EqualTo(closed).EndCondition","store.Where.PropPath("".ClosedTimestampIsMissingWhileStatus"").AsDate.EqualTo(closed).EndCondition","5","Direct indexed condition syntax matches every predicate in the natural-language request."
"F578","Find records where shipped timestamp is present while status is not Shipped.","ForGroup: LibraDexCondition.ForGroup(""records"").Index(""shippedTimestampIsPresentWhileStatus"").AsDate.NotEqualTo(shipped).EndCondition | catalog group: catalog[""records""].Where(""shippedTimestampIsPresentWhileStatus"").AsDate.NotEqualTo(shipped).EndCondition","store.Where.PropPath("".ShippedTimestampIsPresentWhileStatus"").AsDate.NotEqualTo(shipped).EndCondition","5","Direct indexed condition syntax matches every predicate in the natural-language request."
"F579","Find records where retry time is due and retry count is below max retry count.","ForGroup: LibraDexCondition.ForGroup(""records"").Index(""retryTime"").AsDate.EqualTo(due).AND.Index(""retryCount"").AsInt64.LessThan(maxRetryCount).EndCondition | catalog group: catalog[""records""].Where(""retryTime"").AsDate.EqualTo(due).AndAlso(""retryCount"").AsInt64.LessThan(maxRetryCount).EndCondition","store.Where.PropPath("".RetryTime"").AsDate.EqualTo(due).AND.PropPath("".RetryCount"").AsInt64.LessThan(maxRetryCount).EndCondition","5","Direct indexed condition syntax matches every predicate in the natural-language request."
"F580","Find records where score is greater than a percentile threshold stored elsewhere.","","","0","Score 0: the request needs a cross-field comparison, derived/domain computation, dynamic planning rule, or caller-owned semantic policy ('percentile') that cannot be faithfully represented as ordinary indexed C# condition syntax without an explicit projection or external data source."
"F581","Find records where nullable date is null but sentinel date is not used.","ForGroup: LibraDexCondition.ForGroup(""records"").Index(""dateIsNullButSentinelDate"").AsDate.NotEqualTo(used).EndCondition | catalog group: catalog[""records""].Where(""dateIsNullButSentinelDate"").AsDate.NotEqualTo(used).EndCondition","store.Where.PropPath("".DateIsNullButSentinelDate"").AsDate.NotEqualTo(used).EndCondition","5","Direct indexed condition syntax matches every predicate in the natural-language request."
"F582","Find records where nullable date is represented by DateTime.MinValue.","","","0","Score 0: no faithful C# condition syntax was generated for predicate segment 'nullable date is represented by DateTime.MinValue'."
"F583","Find records where nullable GUID is represented by Guid.Empty.","","","0","Score 0: no faithful C# condition syntax was generated for predicate segment 'nullable GUID is represented by Guid.Empty'."
"F584","Find records where nullable string is represented by a missing index row.","","","0","Score 0: no faithful C# condition syntax was generated for predicate segment 'nullable string is represented by a missing index row'."
"F585","Find records where missing values should be included in a sort-last result.","","","0","Score 0: the request needs a cross-field comparison, derived/domain computation, dynamic planning rule, or caller-owned semantic policy ('sort-last') that cannot be faithfully represented as ordinary indexed C# condition syntax without an explicit projection or external data source."
"F586","Find records where missing values should be treated as Unknown during grouping.","","","0","Score 0: no faithful C# condition syntax was generated for predicate segment 'missing values should be treated as Unknown during grouping'."
"F587","Find records where explicit Unknown enum value should match but missing should not.","","","0","Score 0: no faithful C# condition syntax was generated for predicate segment 'explicit Unknown enum value should match but missing should not'."
"F588","Find records where empty byte array is different from missing binary value.","","","0","Score 0: no faithful C# condition syntax was generated for predicate segment 'empty byte array is different from missing binary value'."
"F589","Find records where whitespace-only string should be treated as missing.","","","0","Score 0: the request needs a cross-field comparison, derived/domain computation, dynamic planning rule, or caller-owned semantic policy ('whitespace-only') that cannot be faithfully represented as ordinary indexed C# condition syntax without an explicit projection or external data source."
"F590","Find records where null, empty, and whitespace are all considered blank.","","","0","Score 0: the request needs a cross-field comparison, derived/domain computation, dynamic planning rule, or caller-owned semantic policy ('all considered blank') that cannot be faithfully represented as ordinary indexed C# condition syntax without an explicit projection or external data source."
"F591","Find records where local business day is today in America/Phoenix.","","","0","Score 0: the request needs a cross-field comparison, derived/domain computation, dynamic planning rule, or caller-owned semantic policy ('business day') that cannot be faithfully represented as ordinary indexed C# condition syntax without an explicit projection or external data source."
"F592","Find records where fiscal quarter is Q4 for a non-calendar fiscal year.","","","0","Score 0: the request needs a cross-field comparison, derived/domain computation, dynamic planning rule, or caller-owned semantic policy ('fiscal') that cannot be faithfully represented as ordinary indexed C# condition syntax without an explicit projection or external data source."
"F593","Find records where fiscal year equals 2026.","","","0","Score 0: the request needs a cross-field comparison, derived/domain computation, dynamic planning rule, or caller-owned semantic policy ('fiscal') that cannot be faithfully represented as ordinary indexed C# condition syntax without an explicit projection or external data source."
"F594","Find records where week number equals ISO week 23.","","","0","Score 0: the request needs a cross-field comparison, derived/domain computation, dynamic planning rule, or caller-owned semantic policy ('ISO week') that cannot be faithfully represented as ordinary indexed C# condition syntax without an explicit projection or external data source."
"F595","Find records where time is inside a caller-supplied business-hours window.","","","0","Score 0: the request needs a cross-field comparison, derived/domain computation, dynamic planning rule, or caller-owned semantic policy ('caller-supplied business-hours') that cannot be faithfully represented as ordinary indexed C# condition syntax without an explicit projection or external data source."
"F596","Find records where timestamp is outside support hours on weekends.","ForGroup: LibraDexCondition.ForGroup(""records"").Not.Index(""timestamp"").AsDate.Between(min, max).EndCondition | catalog group: catalog[""records""].Not.Index(""timestamp"").AsDate.Between(min, max).EndCondition","store.Where.Not.PropPath("".Timestamp"").AsDate.Between(min, max).EndCondition","5","Direct indexed condition syntax matches every predicate in the natural-language request."
"F597","Find records where timestamp crosses daylight-saving transition boundaries.","","","0","Score 0: the request needs a cross-field comparison, derived/domain computation, dynamic planning rule, or caller-owned semantic policy ('daylight-saving') that cannot be faithfully represented as ordinary indexed C# condition syntax without an explicit projection or external data source."
"F598","Find records where timestamp is in the tenant local time zone.","","","0","Score 0: the request needs a cross-field comparison, derived/domain computation, dynamic planning rule, or caller-owned semantic policy ('tenant local time zone') that cannot be faithfully represented as ordinary indexed C# condition syntax without an explicit projection or external data source."
"F599","Find records where due date is the next business day.","","","0","Score 0: the request needs a cross-field comparison, derived/domain computation, dynamic planning rule, or caller-owned semantic policy ('business day') that cannot be faithfully represented as ordinary indexed C# condition syntax without an explicit projection or external data source."
"F600","Find records where blackout window overlaps the requested appointment time.","","","0","Score 0: the request needs a cross-field comparison, derived/domain computation, dynamic planning rule, or caller-owned semantic policy ('overlaps') that cannot be faithfully represented as ordinary indexed C# condition syntax without an explicit projection or external data source."
"F601","Find records where tenant ACL role is one of Reader, Editor, or Owner.","","","0","Score 0: the request needs a cross-field comparison, derived/domain computation, dynamic planning rule, or caller-owned semantic policy ('ACL role') that cannot be faithfully represented as ordinary indexed C# condition syntax without an explicit projection or external data source."
"F602","Find records where principal has direct permission or inherited group permission.","","","0","Score 0: no faithful C# condition syntax was generated for predicate segment 'principal has direct permission'."
"F603","Find records where resource is visible to anonymous users but not hidden.","","","0","Score 0: no faithful C# condition syntax was generated for predicate segment 'resource is visible to anonymous users but not hidden'."
"F604","Find records where row-level security allows owner or admin access.","","","0","Score 0: no faithful C# condition syntax was generated for predicate segment 'row-level security allows owner'."
"F605","Find records where tenant id is allowed and classification is not Restricted.","ForGroup: LibraDexCondition.ForGroup(""records"").Index(""tenantId"").AsGuid.EqualTo(allowed).AND.Index(""classification"").AsString.NotEqualTo(""Restricted"").EndCondition | catalog group: catalog[""records""].Where(""tenantId"").AsGuid.EqualTo(allowed).AndAlso(""classification"").AsString.NotEqualTo(""Restricted"").EndCondition","store.Where.PropPath("".TenantId"").AsGuid.EqualTo(allowed).AND.PropPath("".Classification"").AsString.NotEqualTo(""Restricted"").EndCondition","5","Direct indexed condition syntax matches every predicate in the natural-language request."
"F606","Find records where legal hold is set or retention expiration is in the future.","ForGroup: LibraDexCondition.ForGroup(""records"").Index(""legalHold"").AsString.EqualTo(""set"").OR.Index(""retentionExpiration"").AsDate.InSet(values).EndCondition | catalog group: catalog[""records""].Where(""legalHold"").AsString.EqualTo(""set"").OrElse(""retentionExpiration"").AsDate.InSet(values).EndCondition","store.Where.PropPath("".LegalHold"").AsString.EqualTo(""set"").OR.PropPath("".RetentionExpiration"").AsDate.InSet(values).EndCondition","5","Direct indexed condition syntax matches every predicate in the natural-language request."
"F607","Find records where security labels contain Confidential and exclude Public.","","","0","Score 0: no faithful C# condition syntax was generated for predicate segment 'security labels contain Confidential'."
"F608","Find records where access mask has all required bits and no denied bits.","","","0","Score 0: no faithful C# condition syntax was generated for predicate segment 'access mask has all required bits'."
"F609","Find records where effective permission is computed from multiple permission rows.","","","0","Score 0: the request needs a cross-field comparison, derived/domain computation, dynamic planning rule, or caller-owned semantic policy ('computed') that cannot be faithfully represented as ordinary indexed C# condition syntax without an explicit projection or external data source."
"F610","Find records where a user can see a document because a team ACL matches.","","","0","Score 0: the request needs a cross-field comparison, derived/domain computation, dynamic planning rule, or caller-owned semantic policy ('team ACL') that cannot be faithfully represented as ordinary indexed C# condition syntax without an explicit projection or external data source."
"F611","Find records where a composite key has tenant id and normalized email and email starts with support.","","","0","Score 0: no faithful C# condition syntax was generated for predicate segment 'a composite key has tenant id'."
"F612","Find records where a composite key has tenant id and tag and tag is in a supplied list.","","","0","Score 0: no faithful C# condition syntax was generated for predicate segment 'a composite key has tenant id'."
"F613","Find records where a composite key has country, state, and city but the city part is missing.","","","0","Score 0: no faithful C# condition syntax was generated for predicate segment 'a composite key has country, state,'."
"F614","Find records where a composite key full rendering contains a phrase after excluding tenant id.","","","0","Score 0: no faithful C# condition syntax was generated for predicate segment 'a composite key full rendering contains a phrase after excluding tenant id'."
"F615","Find records where a composite key full rendering uses slash delimiters and starts with a tenant slug.","","","0","Score 0: no faithful C# condition syntax was generated for predicate segment 'a composite key full rendering uses slash delimiters'."
"F616","Find records where composite key parts are matched out of order by name.","","","0","Score 0: no faithful C# condition syntax was generated for predicate segment 'composite key parts are matched out of order by name'."
"F617","Find records where composite key first part is missing but later parts match.","","","0","Score 0: no faithful C# condition syntax was generated for predicate segment 'composite key first part is missing but later parts match'."
"F618","Find records where composite key date part is today and string part starts with api.","ForGroup: LibraDexCondition.ForGroup(""records"").Index(""compositeDatePart"").AsDate.EqualTo(today).AND.Index(""stringPart"").AsString.StartsWith(""api"").EndCondition | catalog group: catalog[""records""].Where(""compositeDatePart"").AsDate.EqualTo(today).AndAlso(""stringPart"").AsString.StartsWith(""api"").EndCondition","store.Where.PropPath("".CompositeDatePart"").AsDate.EqualTo(today).AND.PropPath("".StringPart"").AsString.StartsWith(""api"").EndCondition","5","Direct indexed condition syntax matches every predicate in the natural-language request."
"F619","Find records where composite key GUID part equals a tenant id and binary part starts with a marker.","","","0","Score 0: no faithful C# condition syntax was generated for predicate segment 'composite key GUID part equals a tenant id'."
"F620","Find records where composite key amount part is greater than zero and currency part equals USD.","ForGroup: LibraDexCondition.ForGroup(""records"").Index(""compositeAmountPart"").AsInt64.GreaterThan(zero).AND.Index(""currencyPart"").AsString.EqualTo(""USD"").EndCondition | catalog group: catalog[""records""].Where(""compositeAmountPart"").AsInt64.GreaterThan(zero).AndAlso(""currencyPart"").AsString.EqualTo(""USD"").EndCondition","store.Where.PropPath("".CompositeAmountPart"").AsInt64.GreaterThan(zero).AND.PropPath("".CurrencyPart"").AsString.EqualTo(""USD"").EndCondition","5","Direct indexed condition syntax matches every predicate in the natural-language request."
"F621","Find records where binary payload has a JSON content-type marker.","","","0","Score 0: no faithful C# condition syntax was generated for predicate segment 'binary payload has a JSON content-type marker'."
"F622","Find records where binary payload contains a UTF-8 field name.","","","0","Score 0: no faithful C# condition syntax was generated for predicate segment 'binary payload contains a UTF-8 field name'."
"F623","Find records where binary payload slice interpreted as ASCII equals OK.","ForGroup: LibraDexCondition.ForGroup(""records"").Index(""payload"").AsBinary.SlicedAsAsciiString(offset, length).EqualTo(""OK"").EndCondition | catalog group: catalog[""records""].Where(""payload"").AsBinary.SlicedAsAsciiString(offset, length).EqualTo(""OK"").EndCondition","store.Where.PropPath("".Payload"").AsBinary.SlicedAsAsciiString(offset, length).EqualTo(""OK"").EndCondition","5","Typed ASCII binary slice syntax matches the requested OK field."
"F624","Find records where binary payload slice interpreted as UInt16 has a flag bit set.","ForGroup: LibraDexCondition.ForGroup(""records"").Index(""payload"").AsBinary.SlicedAsUInt16(offset).BitAnd(flagMask, flagMask).EndCondition | catalog group: catalog[""records""].Where(""payload"").AsBinary.SlicedAsUInt16(offset).BitAnd(flagMask, flagMask).EndCondition","store.Where.PropPath("".Payload"").AsBinary.SlicedAsUInt16(offset).BitAnd(flagMask, flagMask).EndCondition","5","Typed UInt16 binary slice syntax matches the requested flag-bit test."
"F625","Find records where binary payload slice interpreted as DateOnly equals today.","ForGroup: LibraDexCondition.ForGroup(""records"").Index(""payload"").AsBinary.SlicedAsDateOnly(offset).EqualTo(today).EndCondition | catalog group: catalog[""records""].Where(""payload"").AsBinary.SlicedAsDateOnly(offset).EqualTo(today).EndCondition","store.Where.PropPath("".Payload"").AsBinary.SlicedAsDateOnly(offset).EqualTo(today).EndCondition","5","Typed DateOnly binary slice syntax matches the requested date equality."
"F626","Find records where binary payload slice interpreted as DateTimeOffset is before now.","ForGroup: LibraDexCondition.ForGroup(""records"").Index(""payload"").AsBinary.SlicedAsDateTimeOffset(offset).LessThan(now).EndCondition | catalog group: catalog[""records""].Where(""payload"").AsBinary.SlicedAsDateTimeOffset(offset).LessThan(now).EndCondition","store.Where.PropPath("".Payload"").AsBinary.SlicedAsDateTimeOffset(offset).LessThan(now).EndCondition","5","Typed DateTimeOffset binary slice syntax matches the requested instant comparison."
"F627","Find records where binary payload prefix and tenant id both match.","","","0","Score 0: no faithful C# condition syntax was generated for predicate segment 'binary payload prefix'."
"F628","Find records where binary payload suffix is a known signature and status is Active.","","","0","Score 0: no faithful C# condition syntax was generated for predicate segment 'binary payload suffix is a known signature'."
"F629","Find records where binary payload has none of the reserved header bits set.","","","0","Score 0: no faithful C# condition syntax was generated for predicate segment 'binary payload has none of the reserved header bits set'."
"F630","Find records where binary payload custom-encoded text contains a marker.","","","0","Score 0: no faithful C# condition syntax was generated for predicate segment 'binary payload custom-encoded text contains a marker'."
"F631","Find records where semantic version is compatible with 2.x but not prerelease.","","","0","Score 0: the request needs a cross-field comparison, derived/domain computation, dynamic planning rule, or caller-owned semantic policy ('compatible with') that cannot be faithfully represented as ordinary indexed C# condition syntax without an explicit projection or external data source."
"F632","Find records where version range overlaps a requested version range.","","","0","Score 0: the request needs a cross-field comparison, derived/domain computation, dynamic planning rule, or caller-owned semantic policy ('overlaps') that cannot be faithfully represented as ordinary indexed C# condition syntax without an explicit projection or external data source."
"F633","Find records where IP subnet is one of a caller-provided allowlist.","ForGroup: LibraDexCondition.ForGroup(""records"").Index(""ipSubnet"").AsString.InSet(values).EndCondition | catalog group: catalog[""records""].Where(""ipSubnet"").AsString.InSet(values).EndCondition","store.Where.PropPath("".IpSubnet"").AsString.InSet(values).EndCondition","5","Direct indexed condition syntax matches every predicate in the natural-language request."
"F634","Find records where IP subnet is not in a denylist and country is US.","ForGroup: LibraDexCondition.ForGroup(""records"").Index(""ipSubnet"").AsString.NotInSet(values).AND.Index(""country"").AsString.EqualTo(""US"").EndCondition | catalog group: catalog[""records""].Where(""ipSubnet"").AsString.NotInSet(values).AndAlso(""country"").AsString.EqualTo(""US"").EndCondition","store.Where.PropPath("".IpSubnet"").AsString.NotInSet(values).AND.PropPath("".Country"").AsString.EqualTo(""US"").EndCondition","5","Direct indexed condition syntax matches every predicate in the natural-language request."
"F635","Find records where currency amount uses currency plus minor units composite key.","","","0","Score 0: no faithful C# condition syntax was generated for predicate segment 'currency amount uses currency plus minor units composite key'."
"F636","Find records where amount is above threshold after currency conversion.","","","0","Score 0: the request needs a cross-field comparison, derived/domain computation, dynamic planning rule, or caller-owned semantic policy ('after currency conversion') that cannot be faithfully represented as ordinary indexed C# condition syntax without an explicit projection or external data source."
"F637","Find records where route key selects tenant, date bucket, and shard together.","","","0","Score 0: the request needs a cross-field comparison, derived/domain computation, dynamic planning rule, or caller-owned semantic policy ('route key selects') that cannot be faithfully represented as ordinary indexed C# condition syntax without an explicit projection or external data source."
"F638","Find records where route key date bucket is current month and shard is one of several shards.","","","0","Score 0: no faithful C# condition syntax was generated for predicate segment 'route key date bucket is current month'."
"F639","Find records where geohash is in multiple neighboring tiles and category equals Store.","ForGroup: LibraDexCondition.ForGroup(""records"").Index(""geohash"").AsString.InSet(values).AND.Index(""category"").AsString.EqualTo(""Store"").EndCondition | catalog group: catalog[""records""].Where(""geohash"").AsString.InSet(values).AndAlso(""category"").AsString.EqualTo(""Store"").EndCondition","store.Where.PropPath("".Geohash"").AsString.InSet(values).AND.PropPath("".Category"").AsString.EqualTo(""Store"").EndCondition","5","Direct indexed condition syntax matches every predicate in the natural-language request."
"F640","Find records where normalized address contains street number and postal code.","","","0","Score 0: no faithful C# condition syntax was generated for predicate segment 'normalized address contains street number'."
"F641","Find records where generated code chooses one of several indexes based on selected search mode.","","","0","Score 0: the request needs a cross-field comparison, derived/domain computation, dynamic planning rule, or caller-owned semantic policy ('generated code chooses') that cannot be faithfully represented as ordinary indexed C# condition syntax without an explicit projection or external data source."
"F642","Find records where a varlen binary key is null.","ForGroup: LibraDexCondition.ForGroup(""records"").Index(""payload"").AsBinary.EqualTo(NullKey.Null).EndCondition | catalog group: catalog[""records""].Where(""payload"").AsBinary.EqualTo(NullKey.Null).EndCondition","store.Where.PropPath("".Payload"").AsBinary.EqualTo(null).EndCondition","5","Direct indexed condition syntax matches every predicate in the natural-language request."
"F643","Find records where a varlen binary key is the empty byte array.","ForGroup: LibraDexCondition.ForGroup(""records"").Index(""payload"").AsBinary.EqualTo(NullKey.Empty).EndCondition | catalog group: catalog[""records""].Where(""payload"").AsBinary.EqualTo(NullKey.Empty).EndCondition","store.Where.PropPath("".Payload"").AsBinary.EqualTo(string.Empty).EndCondition","5","Direct indexed condition syntax matches every predicate in the natural-language request."
"F644","Find records where varlen keys are null or empty, before any non-empty payload.","ForGroup: LibraDexCondition.ForGroup(""records"").Index(""payload"").AsBinary.EqualTo(NullKey.NullOrEmpty).EndCondition | catalog group: catalog[""records""].Where(""payload"").AsBinary.EqualTo(NullKey.NullOrEmpty).EndCondition","store.Where.PropPath("".Payload"").AsBinary.EqualTo(nullOrEmpty).EndCondition","5","Direct indexed condition syntax matches every predicate in the natural-language request."
"F645","Find records where a nullable string key is null, empty, or starts with A.","ForGroup: LibraDexCondition.ForGroup(""records"").Index(""name"").AsString.EqualTo(NullKey.NullOrEmpty).OR.Index(""name"").AsString.StartsWith(""A"").EndCondition | catalog group: catalog[""records""].Where(""name"").AsString.EqualTo(NullKey.NullOrEmpty).OrElse(""name"").AsString.StartsWith(""A"").EndCondition","store.Where.PropPath("".Name"").AsString.EqualTo(nullOrEmpty).OR.PropPath("".Name"").AsString.StartsWith(""A"").EndCondition","5","Direct indexed condition syntax matches every predicate in the natural-language request."
"F646","Find users where last name is Smith, first name starts with J, and caller-owned age is greater than 18.","ForGroup: LibraDexCondition.ForGroup(""users"").Index(""lastName"").AsString.EqualTo(""Smith"").AND.Index(""firstName"").AsString.StartsWith(""J"").And.External(id => GetAge(id) > 18).EndCondition | catalog group: catalog[""users""].Where(""lastName"").AsString.EqualTo(""Smith"").AndAlso(""firstName"").AsString.StartsWith(""J"").And.External(id => GetAge(id) > 18).EndCondition","store.Where.PropPath("".LastName"").AsString.EqualTo(""Smith"").AND.PropPath("".FirstName"").AsString.StartsWith(""J"").AND.External(id => GetAge(id) > 18).EndCondition","5","Anchored `.External(id => ...)` supplies the caller-owned age predicate after stored indexes narrow candidates."
"F647","Find users where indexed first name starts with Jo and a caller-owned age stream is between 18 and 25.","ForGroup: LibraDexCondition.ForGroup(""users"").Index(""firstName"").AsString.StartsWith(""Jo"").And.External<int>(id => GetAges(id)).Between(18, 25).EndCondition | catalog group: catalog[""users""].Where(""firstName"").AsString.StartsWith(""Jo"").And.External<int>(id => GetAges(id)).Between(18, 25).EndCondition","store.Where.PropPath("".FirstName"").AsString.StartsWith(""Jo"").AND.External<int>(id => GetAges(id)).Between(18, 25).EndCondition","5","Correlated external key data uses candidate identities from the indexed first-name branch."
"F648","Find users where either the indexed status is Active or an external recommendation service returns their identities.","ForGroup: LibraDexCondition.ForGroup(""users"").Index(""status"").AsString.EqualTo(""Active"").Or.External(() => GetRecommendedUserIds()).EndCondition | catalog group: catalog[""users""].Where(""status"").AsString.EqualTo(""Active"").Or.External(() => GetRecommendedUserIds()).EndCondition","store.Where.PropPath("".Status"").AsString.EqualTo(""Active"").OR.External(() => GetRecommendedUserIds()).EndCondition","5","Standalone external identity sources can compose through Or."
"F649","Find users from a caller-provided identity list who also have indexed status Active.","ForGroup: LibraDexCondition.ForGroup(""users"").External(candidateIds).And.Index(""status"").AsString.EqualTo(""Active"").EndCondition | catalog group: catalog[""users""].External(candidateIds).And.Index(""status"").AsString.EqualTo(""Active"").EndCondition","store.Where.External(candidateIds).AND.PropPath("".Status"").AsString.EqualTo(""Active"").EndCondition","5","Caller-provided identity streams can intersect with indexed predicates."
"F650","Find users where caller-owned age entries behave like a runtime index and age is between 18 and 25.","ForGroup: LibraDexCondition.ForGroup(""users"").External<int, long>(() => ageEntries).Between(18, 25).EndCondition where `ageEntries` yields `LibraDexExternalEntry<int, long>` or `KeyValuePair<int, long>` | typed catalog group: catalog[""users""].Identities.Int64.External<int>(() => ageEntries).Between(18, 25).EndCondition","store.Where.External<int>(() => ageEntries).Between(18, 25).EndCondition","5","Runtime external entries behave as a caller-owned temporary index with typed key/identity pairs."
"F651","Find users where indexed last name is Smith and caller-owned age entries behave like a runtime index between 18 and 25.","ForGroup: LibraDexCondition.ForGroup(""users"").Index(""lastName"").AsString.EqualTo(""Smith"").And.External<int, long>(() => ageEntries).Between(18, 25).EndCondition | catalog group: catalog[""users""].Where(""lastName"").AsString.EqualTo(""Smith"").And.External<int, long>(() => ageEntries).Between(18, 25).EndCondition","store.Where.PropPath("".LastName"").AsString.EqualTo(""Smith"").AND.External<int>(() => ageEntries).Between(18, 25).EndCondition","5","Runtime external entries compose with stored indexes."
"F652","Find users where first name starts with Jo and the external filter initializes a request cache on the first candidate.","ForGroup: LibraDexCondition.ForGroup(""users"").Index(""firstName"").AsString.StartsWith(""Jo"").And.External((id, ordinal, isFirst) => MatchAgeFromCache(id, ordinal, isFirst)).EndCondition | catalog group: catalog[""users""].Where(""firstName"").AsString.StartsWith(""Jo"").And.External((id, ordinal, isFirst) => MatchAgeFromCache(id, ordinal, isFirst)).EndCondition","store.Where.PropPath("".FirstName"").AsString.StartsWith(""Jo"").AND.External((id, ordinal, isFirst) => MatchAgeFromCache(id, ordinal, isFirst)).EndCondition","5","The external identity predicate can initialize caller cache state on the first candidate."
"F653","Find users where first name starts with Jo and a named external context predicate approves the identity.","ForGroup: LibraDexCondition.ForGroup(""users"").Index(""firstName"").AsString.StartsWith(""Jo"").And.External(ctx => Approves(ctx.Identity, ctx.Ordinal, ctx.IsFirst)).EndCondition | catalog group: catalog[""users""].Where(""firstName"").AsString.StartsWith(""Jo"").And.External(ctx => Approves(ctx.Identity, ctx.Ordinal, ctx.IsFirst)).EndCondition","store.Where.PropPath("".FirstName"").AsString.StartsWith(""Jo"").AND.External(ctx => Approves(ctx.Identity, ctx.Ordinal, ctx.IsFirst)).EndCondition","5","The context overload keeps named external predicates readable."
"F654","Find active users excluding everyone in a reusable high-risk condition fragment.","ForGroup: riskFragment = LibraDexCondition.ForGroup(""users"").Index(""riskScore"").AsInt64.GreaterOrEqual(80).Or.Index(""flagged"").AsBoolean.EqualTo(true).EndCondition; LibraDexCondition.ForGroup(""users"").Index(""status"").AsString.EqualTo(""Active"").And.Not.Group(riskFragment).EndCondition | catalog group: catalog[""users""].Where(""status"").AsString.EqualTo(""Active"").And.Not.Group(riskFragment).EndCondition","store.Where.PropPath("".Status"").AsString.EqualTo(""Active"").AND.Not.Group(riskFragment).EndCondition","5","Clause-level `.Not.Group(...)` exactly represents exclusion of a reusable fragment."
"F655","Find customers where a reusable name fragment matches and the account is not archived.","ForGroup: nameFragment = LibraDexCondition.ForGroup(""customers"").Index(""firstName"").AsString.StartsWith(""Jo"").Or.Index(""lastName"").AsString.EqualTo(""Jones"").EndCondition; LibraDexCondition.ForGroup(""customers"").Group(nameFragment).And.Not.Index(""status"").AsString.EqualTo(""Archived"").EndCondition","store.Where.Group(nameFragment).AND.Not.PropPath("".Status"").AsString.EqualTo(""Archived"").EndCondition","5","Completed-condition grouping composes a reusable name fragment with account-status exclusion."
"F656","Find users where typed age and status index handles are used without repeating key-family selectors.","ForGroup: catalog[""users""].Where(ageIndex).GreaterOrEqual(18).AndAlso(statusIndex).EqualTo(1).EndCondition","store.Where.PropPath("".Age"").AsInt64.GreaterOrEqual(18).AND.PropPath("".Status"").AsInt32.EqualTo(1).EndCondition","5","Typed index handles carry key type and can skip redundant `.As...` selectors."
"F657","Find users where typed string index handles filter first and last name without repeating `.AsString`.","ForGroup: catalog[""users""].Where(firstNameIndex).StartsWith(""Jo"", ignoreCase: true, culture: ""en-US"").AndAlso(lastNameIndex).EqualTo(""Smith"", ignoreCase: true, culture: ""en-US"").EndCondition","store.Where.PropPath("".FirstName"").AsString.StartsWith(""Jo"", ignoreCase: true, culture: ""en-US"").AND.PropPath("".LastName"").AsString.EqualTo(""Smith"", ignoreCase: true, culture: ""en-US"").EndCondition","5","Typed string index handles carry string operators without repeating `.AsString`."
"F658","Find events by tenant and occurred-at using ordered multikey ordinal selectors.","ForGroup: catalog[""events""].MultiKey(tenantIdIndex, occurredAtIndex).Where(0).AsGuid.EqualTo(tenantId).AndAlso(1).AsDate.Between(startUtc, endUtc).EndCondition","store.Where.PropPath("".TenantId"").AsGuid.EqualTo(tenantId).AND.PropPath("".OccurredAt"").AsDate.Between(startUtc, endUtc).EndCondition","5","Ordered MultiKey ordinal selectors match generated tenant/date conditions."
"F659","Find orders by customer and not-cancelled state using a multikey ordinal negation.","ForGroup: catalog[""orders""].MultiKey(customerIdIndex, statusIndex).Where(0).AsGuid.EqualTo(customerId).AndAlso(1).Not.AsString.EqualTo(""Cancelled"").EndCondition","store.Where.PropPath("".CustomerId"").AsGuid.EqualTo(customerId).AND.Not.PropPath("".Status"").AsString.EqualTo(""Cancelled"").EndCondition","5","Ordered MultiKey selectors support canonical `.Not` before the selected value family."
"F660","Find codes where a regex whole match equals the supplied code token.","ForGroup: LibraDexCondition.ForGroup(""codes"").Index(""code"").AsString.MatchesWith(@""[A-Z]\d-\d{4}"", token).EndCondition | catalog group: catalog[""codes""].Where(""code"").AsString.MatchesWith(@""[A-Z]\d-\d{4}"", token).EndCondition","store.Where.PropPath("".Code"").AsString.MatchesWith(@""[A-Z]\d-\d{4}"", token).EndCondition","5","Regex whole-match comparison uses `.MatchesWith(pattern, value)`."
"F661","Find codes where the second captured regex group equals a supplied suffix.","ForGroup: LibraDexCondition.ForGroup(""codes"").Index(""code"").AsString.MatchesWith(@""([A-Z]\d)-(\d{4})"", suffix, 2).EndCondition | catalog group: catalog[""codes""].Where(""code"").AsString.MatchesWith(@""([A-Z]\d)-(\d{4})"", suffix, 2).EndCondition","store.Where.PropPath("".Code"").AsString.MatchesWith(@""([A-Z]\d)-(\d{4})"", suffix, 2).EndCondition","5","Regex capture comparison uses `.MatchesWith(pattern, value, groupNumber)`."
"F662","Find codes where the second captured regex group is in an allowed suffix set.","ForGroup: LibraDexCondition.ForGroup(""codes"").Index(""code"").AsString.MatchesInSet(@""([A-Z]\d)-(\d{4})"", allowedSuffixes, 2).EndCondition | catalog group: catalog[""codes""].Where(""code"").AsString.MatchesInSet(@""([A-Z]\d)-(\d{4})"", allowedSuffixes, 2).EndCondition","store.Where.PropPath("".Code"").AsString.MatchesInSet(@""([A-Z]\d)-(\d{4})"", allowedSuffixes, 2).EndCondition","5","Regex capture membership uses `.MatchesInSet(pattern, values, groupNumber)`."
"F663","Find codes where a captured regex group is not one of the blocked suffixes.","ForGroup: LibraDexCondition.ForGroup(""codes"").Index(""code"").AsString.NotMatchesInSet(@""([A-Z]\d)-(\d{4})"", blockedSuffixes, 2).EndCondition | catalog group: catalog[""codes""].Where(""code"").Not.AsString.MatchesInSet(@""([A-Z]\d)-(\d{4})"", blockedSuffixes, 2).EndCondition","store.Where.PropPath("".Code"").AsString.NotMatchesInSet(@""([A-Z]\d)-(\d{4})"", blockedSuffixes, 2).EndCondition","5","Direct negative capture operators remain aliases for canonical `.Not`."
"F664","Find files whose optional path key is null or empty and whose extension is not tmp.","ForGroup: LibraDexCondition.ForGroup(""files"").Index(""path"").AsString.EqualTo(NullKey.NullOrEmpty).AND.Index(""extension"").AsString.NotEqualTo(""tmp"").EndCondition | catalog group: catalog[""files""].Where(""path"").AsString.EqualTo(NullKey.NullOrEmpty).AndAlso(""extension"").AsString.NotEqualTo(""tmp"").EndCondition","store.Where.PropPath("".Path"").AsString.EqualTo(nullOrEmpty).AND.PropPath("".Extension"").AsString.NotEqualTo(""tmp"").EndCondition","5","Direct indexed condition syntax matches every predicate in the natural-language request."
"F665","Find readings whose nullable scalar temperature is null.","ForGroup: LibraDexCondition.ForGroup(""readings"").Index(""temperature"").AsInt64.EqualTo(ScalarNull.Null).EndCondition | catalog group: catalog[""readings""].Where(""temperature"").AsInt64.EqualTo(ScalarNull.Null).EndCondition","store.Where.PropPath("".Temperature"").AsInt64.EqualTo(null).EndCondition","5","Direct indexed condition syntax matches every predicate in the natural-language request."
"F666","Find readings whose scalar temperature is present and above a threshold.","ForGroup: LibraDexCondition.ForGroup(""readings"").Index(""temperature"").AsInt64.EqualTo(ScalarNull.NonNull).AND.Index(""temperature"").AsInt64.GreaterThan(threshold).EndCondition | catalog group: catalog[""readings""].Where(""temperature"").AsInt64.EqualTo(ScalarNull.NonNull).AndAlso(""temperature"").AsInt64.GreaterThan(threshold).EndCondition","store.Where.PropPath("".Temperature"").AsInt64.EqualTo(notNull).AND.PropPath("".Temperature"").AsInt64.GreaterThan(threshold).EndCondition","5","Direct indexed condition syntax matches every predicate in the natural-language request."
"F667","Find users where caller-owned age entries are supplied as key/value pairs and age is between 18 and 25.","ForGroup: LibraDexCondition.ForGroup(""users"").External<int, long>(() => agePairs).Between(18, 25).EndCondition where `agePairs` yields `KeyValuePair<int, long>` | typed catalog group: catalog[""users""].Identities.Int64.External<int>(() => agePairs).Between(18, 25).EndCondition","store.Where.External<int>(() => agePairs).Between(18, 25).EndCondition","5","Runtime external entries accept KeyValuePair key/identity pairs."
"F668","Find sessions where a caller-owned minute bucket runtime index returns DateTime identities.","ForGroup: catalog[""sessions""].Identities.DateTime.External<int>(() => minuteBucketEntries).Between(startMinute, endMinute).EndCondition where `minuteBucketEntries` yields `LibraDexExternalEntry<int, DateTime>`","store.Where.External<int>(() => minuteBucketEntries).Between(startMinute, endMinute).EndCondition","5","DateTime identity selectors are explicit named identity-family stubs."
"F669","Find documents where a correlated caller-owned rank key is in the top bucket after indexed tenant filtering.","ForGroup: LibraDexCondition.ForGroup(""documents"").Index(""tenantId"").AsGuid.EqualTo(tenantId).And.External<int>(id => GetRankBuckets(id)).EqualTo(0).EndCondition | catalog group: catalog[""documents""].Where(""tenantId"").AsGuid.EqualTo(tenantId).And.External<int>(id => GetRankBuckets(id)).EqualTo(0).EndCondition","store.Where.PropPath("".TenantId"").AsGuid.EqualTo(tenantId).AND.External<int>(id => GetRankBuckets(id)).EqualTo(0).EndCondition","5","Correlated external keys derive rank buckets from narrowed candidate identities."
"F670","Find users where an external recommendation identity list is intersected with a grouped name fragment.","ForGroup: nameFragment = LibraDexCondition.ForGroup(""users"").Index(""firstName"").AsString.StartsWith(""Jo"").Or.Index(""lastName"").AsString.EqualTo(""Jones"").EndCondition; LibraDexCondition.ForGroup(""users"").External(() => recommendedIds).And.Group(nameFragment).EndCondition | catalog group: catalog[""users""].External(() => recommendedIds).And.Group(nameFragment).EndCondition","store.Where.External(() => recommendedIds).AND.Group(nameFragment).EndCondition","5","Standalone external identity sources can compose with grouped indexed fragments."
"F671","Find audit rows where an external identity predicate warms a cache on the first candidate after a stored severity filter.","ForGroup: LibraDexCondition.ForGroup(""audit"").Index(""severity"").AsInt32.GreaterOrEqual(3).And.External((id, ordinal, isFirst) => AuditCacheAllows(id, ordinal, isFirst)).EndCondition | catalog group: catalog[""audit""].Where(""severity"").AsInt32.GreaterOrEqual(3).And.External((id, ordinal, isFirst) => AuditCacheAllows(id, ordinal, isFirst)).EndCondition","store.Where.PropPath("".Severity"").AsInt32.GreaterOrEqual(3).AND.External((id, ordinal, isFirst) => AuditCacheAllows(id, ordinal, isFirst)).EndCondition","5","The external identity predicate can warm caller cache state on the first candidate."
